Workbook
Name DTY紙管: [1]清單!$S$2:$S$100
Name DTY紙管: [2]清單!$S$2:$S$100
Name DTY紙管: [3]清單!$S$2:$S$100
Name DTY紙管: [3]清單!$S$2:$S$100
Name DTY紙管: 清單!$S$2:$S$100
Name FADIS: [4]清單!$AQ$2:$AQ$10
Name FADIS: [2]清單!$AQ$2:$AQ$10
Name FADIS: [3]清單!$AQ$2:$AQ$10
Name FADIS: [3]清單!$AQ$2:$AQ$10
Name FADIS: 清單!$AQ$2:$AQ$10
Name KEY_IN: 清單!$L$2:$L$4
Name Slicer_日期: #N/A
Name 工程師: [4]清單!$V$1:$Z$1
Name 工程師: [2]清單!$V$1:$Z$1
Name 工程師: [3]清單!$V$1:$Z$1
Name 工程師: [3]清單!$V$1:$Z$1
Name 工程師: 清單!$V$1:$Z$1
Name 包裝員: [4]清單!$H$2:$H$35
Name 包裝員: [2]清單!$H$2:$H$35
Name 包裝員: [3]清單!$H$2:$H$35
Name 包裝員: [3]清單!$H$2:$H$35
Name 包裝員: 清單!$H$2:$H$35
Name 包裝項目: [4]清單!$N$2:$N$7
Name 包裝項目: [2]清單!$N$2:$N$7
Name 包裝項目: [3]清單!$N$2:$N$7
Name 包裝項目: [3]清單!$N$2:$N$7
Name 包裝項目: 清單!$N$2:$N$7
Name 外勞處理方式: [4]清單!$AN$2:$AN$7
Name 外勞處理方式: [2]清單!$AN$2:$AN$7
Name 外勞處理方式: [3]清單!$AN$2:$AN$7
Name 外勞處理方式: [3]清單!$AN$2:$AN$7
Name 外勞處理方式: 清單!$AN$2:$AN$7
Name 外觀: [4]清單!$I$2:$I$35
Name 外觀: [2]清單!$I$2:$I$35
Name 外觀: [3]清單!$I$2:$I$35
Name 外觀: [3]清單!$I$2:$I$35
Name 外觀: 清單!$I$2:$I$35
Name 生產項目: [5]清單!$M$2:$M$36
Name 生產項目: [2]清單!$M$2:$M$36
Name 生產項目: [3]清單!$M$2:$M$36
Name 生產項目: [3]清單!$M$2:$M$36
Name 生產項目: 清單!$M$2:$M$36
Name 交代人員: [4]清單!$Q$2:$Q$15
Name 交代人員: [2]清單!$Q$2:$Q$15
Name 交代人員: [3]清單!$Q$2:$Q$15
Name 交代人員: [3]清單!$Q$2:$Q$15
Name 交代人員: 清單!$Q$2:$Q$15
Name 交代項目: [4]清單!$AB$2:$AB$9
Name 交代項目: [2]清單!$AB$2:$AB$9
Name 交代項目: [3]清單!$AB$2:$AB$9
Name 交代項目: [3]清單!$AB$2:$AB$9
Name 交代項目: 清單!$AB$2:$AB$9
Name 交代類別: 清單!$AR$2:$AR$10
Name 其他: 清單!$O$1:$O$14
Name 值車員A: [6]清單!$E$2:$E$27
Name 值車員A: [2]清單!$E$2:$E$45
Name 值車員A: [3]清單!$E$2:$E$45
Name 值車員A: [3]清單!$E$2:$E$45
Name 值車員A: 清單!$E$2:$E$45
Name 值車員J: [6]清單!$F$2:$F$12

Sheet １生產資訊
B1: 早班 08:00~16:00 | G1: 中班 16:00~24:00 | L1: 夜班 24:00~08:00
A2: 日期 | B2: 資料 | C2: 類別 | D2: 項目 | E2: 序 | F2: 說明&時間 | G2: 資料 | H2: 類別 | I2: 項目 | J2: 序 | K2: 說明&時間 | L2: 資料 | M2: 類別 | N2: 項目 | O2: 序 | P2: 說明&時間
A3: ='１１直送'!A3 -> 46174 | B3: 值班主管 | C3: 生產狀況 | D3: 停機 | E3: 1 | F3: F02、S01 sec1-3.7-12、J07、J09、A07、A08、A09、A10、A12、A14、A16、A17、A18、A19、A20、A21、A22、A23、A24、T01L、T02、T06L | G3: 值班主管 | H3: 生產狀況 | I3: 停機 | J3: 1 | K3: F02、S01 sec1-3.7-12、J07、J09、A07、A08、A09、A10、A14、A16、A17、A18、A19、A20、A21、A22、A23、A24、T01、T02、T05L | L3: 值班主管 | M3: 生產狀況 | N3: 停機 | O3: 1 | P3: F02、S01 sec1-3.7-12、J07、J09、A07、A08、A09、A10(清車)、A14、A17、A18、A20、A21、A22、A23、A24、T05L、J08
B4: 賴增倫 | D4: 生產中機台 | E4: 2 | F4: A11、A13、A15、S01 sec4-6、J08、T03、T04L、T05 | G4: 洪春福 | I4: 生產中機台 | J4: 2 | K4: A11、A12、A13、A15、S01 sec4-6、J08、T03、T04、T05R、T06 | L4: 張彥誠 | N4: 改紡停機 | O4: 2 | P4: A19、A16、T01、T02、T04L(了機中)
D5: 改紡停機 | E5: 3 | F5: A12、A16、T04R、T06R、T01R | I5: 改紡停機 | J5: 3 | K5: A12、A16、T04R、T06、T01、T02 | N5: 了機 | O5: 3 | P5: T05R、T04L(3SEC)、S01 sec4-6
B6: 隨保 | D6: 了機 | E6: 4 | F6: T05、J08、T04L(3SEC)、S01 sec4-6 | G6: 隨保 | I6: 了機 | J6: 4 | K6: T05R、J08、T04L(3SEC)、S01 sec4-6 | L6: 隨保 | N6: 清車 | O6: 4 | P6: 改紡檢修
B7: CHELO | D7: 清車 | E7: 5 | F7: NA | G7: CHELO | I7: 清車 | J7: 5 | K7: 改紡檢修 | L7: NA | N7: 明清車 | O7: 5 | P7: A10 停機
D8: 明清車 | E8: 6 | F8: 改紡檢修 | I8: 明清車 | J8: 6 | K8: A10已停機 | N8: 絲開發 | O8: 6 | P8: S02 sec1 2FM3G2 50/72SDFFR，需M紗1.0KG*6顆，請續作業。
D9: 絲開發 | E9: 7.1 | F9: S02 sec1 2FM3G2 50/72SDFFR，需M紗1.0KG*6顆，請中續作業。 | I9: 絲開發 | J9: 7.1 | K9: S02 sec1 2FM3G2 50/72SDFFR，需M紗1.0KG*6顆，請續作業。 | O9: 6.1 | P9: S02 sec2 2FM4S2 75/72PFBR，需M紗1.0KG*36顆，POY吃完，請續作業。
E10: 7.2 | F10: S02 sec3.4 2FM4R3 375/168BKCTR，需M紗5.0KG*96顆，請中續作業。 | J10: 7.2 | K10: S02 sec2 2FM4S2 75/72PFBR，需M紗1.0KG*36顆，POY吃完，請續作業。 | O10: 6.2 | P10: S02 sec3.4 2FM4R3 375/168BKCTR，需M紗5.0KG*96顆，請續作業。
D11: 絲開發 | E11: 7.1 | F11: S02 sec1 2FM3G2 50/72SDFFR，需M紗1.0KG*6顆，請中續作業。 | J11: 7.3 | K11: S02 sec3.4 2FM4R3 375/168BKCTR，需M紗5.0KG*96顆，請續作業。 | O11: 6.3 | P11: S02 sec5 20:00已停，POY，DTY勿動待絲開發。
D12: FADIS | E12: 8.1 | F12: F01: sec1-6 2F42J2-R: sec7-10 2F28C2-R---加開1節生產2F9VH2S生產1.0KG*36顆，預計中班完成。 | J12: 7.4 | K12: S02 sec5 20:00已停，POY，DTY勿動待絲開發。 | N12: FADIS | O12: 7 | P12: F01: sec2-6 2F42J2-R: sec7-10 2F28C2-R---sec1 2F9VH2-S 待明早班改回 2F42J2-R。
B13: B區溫度 | E13: 8.2 | F13: F02：NA | G13: B區溫度 | I13: FADIS | J13: 8.1 | K13: F01: sec1-6 2F42J2-R: sec7-10 2F28C2-R---sec1帶改回2F42I2。 | L13: B區溫度 | O13: 7.1 | P13: F02：NA
B14: 30.2 | E14: 8.3 | F14: F01 29.30.35.36錠 PT CRADLE ARM 已掛紅卡停錠 | G14: 31.4 | J14: 8.2 | K14: F02：NA | L14: 30.5 | O14: 7.2 | P14: F01 29.30.35.36錠 PT CRADLE ARM 已掛紅卡停錠
D15: 其他 | E15: 9.1 | F15: 早班效率差機台(低於80%):J08 | J15: 8.3 | K15: F01 29.30.35.36錠 PT CRADLE ARM 已掛紅卡停錠 | O15: 7.3 | P15: F01 sec1生產2F9VH2S生產1.0KG*36顆紗，中已推出60顆已AK，夜包裝完成。
E16: 9.2 | F16: 早班張力調整機台:NA | J16: 8.4 | K16: F01 sec1生產2F9VH2S生產1.0KG*36顆紗，中已推出60顆已AK，請夜包裝。 | N16: 其他 | O16: 8 | P16: 夜班效率差機台(低於80%):NA
B17: B區濕度 | E17: 9.3 | F17: 斷絲超過4根機台:NA | G17: B區濕度 | I17: 其他 | J17: 9.1 | K17: 中班效率差機台(低於80%):NA | L17: B區濕度 | O17: 8.1 | P17: 夜班張力調整機台:T06
B18: 71.1 | E18: 9.4 | F18: 早班抽檢派紗員紙箱隔板回收作業，作業正常，堆疊未超過2層。10:00 OK | G18: 69.9 | J18: 9.2 | K18: 中班張力調整機台:T04R | L18: 75.8 | O18: 8.2 | P18: 斷絲超過4根機台:NA
E19: 9.5 | F19: 絲八通知 5/31直送22顆FP01433R溫度異常不能使用，已從CS down load該22顆並圍住禁用。 | J19: 9.3 | K19: 斷絲超過4根機台:NA | O19: 8.3 | P19: 夜班抽檢派紗員紙箱隔板回收作業，作業正常，堆疊未超過2層。1:00
D20: 待檢修 | E20: 10 | F20: A21 sec8、11 溫度異常，儀電通知待備品。 | J20: 9.4 | K20: 中班抽檢派紗員紙箱隔板回收作業，作業正常，堆疊未超過2層。20:00 OK | O20: 8.4 | P20: 絲八通知 5/31直送22顆FP01433R溫度異常不能使用，已從CS down load該22顆並圍住禁用。
B21: 出勤人數 | D21: Sample | E21: 11.1 | F21: G1 2F9VG2，50/72BSD3，1.0KG，白黃十字，生產至5/31夜班，需M紗200PCS請續作業，已停機，編染完成暫不包裝，待製程通知。 | G21: 出勤人數 | J21: 9.5 | K21: 絲八通知 5/31直送22顆FP01433R溫度異常不能使用，已從CS down load該22顆並圍住禁用。 | L21: 出勤人數 | N21: 待檢修 | O21: 9 | P21: A21 sec8、11 溫度異常，儀電通知待備品。
E22: 11.2 | F22: T04L sec4-9 2F9VH2，75/72/2PFBR，4.0KG，紫色，FP01432R，120/72PFBR---POY數量不足，續生產不停機，請加強生產定重紗。 | I22: 待檢修 | J22: 10 | K22: A21 sec8、11 溫度異常，儀電通知待備品。 | N22: Sample | O22: 10 | P22: T04L sec4-9 2F9VH2，75/72/2PFBR，4.0KG，紫色，FP01432R，120/72PFBR---POY數量不足，續生產不停機，請加強生產定重紗。
B23: 應到本勞 | D23: 改紡 | E23: 12.1 | F23: A12 改紡2F43R2，75/72/2SDr，5.0KG，白藍三三角，FP81390R，125/72SDR---上紗備管完成，待製程交車。 | G23: 應到本勞 | I23: Sample | J23: 11.1 | K23: G1 2F9VG2，50/72BSD3，1.0KG，白黃十字，生產至5/31夜班，需M紗200PCS請續作業，中已包裝完成。 | L23: 應到本勞 | N23: 首落紗徑 | O23: 11 | P23: A12 2F43R2，75/72/2SDr，5.0KG，白藍三三角，FP81390R，125/72SDR。請值車員擦拭BOWL--首落紗徑:69.8CM 紗重:5028G 已調整W4:-4.48→-4.39 WT:514→515
E24: 12.2 | F24: A16 改紡2F08S2，50/36SDr，4.0KG，白黑角，FP80148R，80/36SDR---備管完成，待通知POY是否可以上紗。 | J24: 11.2 | K24: T04L sec4-9 2F9VH2，75/72/2PFBR，4.0KG，紫色，FP01432R，120/72PFBR---POY數量不足，續生產不停機，請加強生產定重紗。 | O24: 11.1 | P24: T04R 2F7E03(k)，225/72/2SDr，5.5KG，灰色，FP83024R*2，340/72SDR。優先開車--首落紗徑:70.2CM 紗重:5575G 已調整OF3:-1.38→-1.51 WT:03:40→03:38
B25: 4 | E25: 12.3 | F25: T04R 改紡2F7E03(k)，225/72/2SDr，5.5KG，灰色，FP83024R*2，340/72SDR---上紗備管完成，待製程交車。 | G25: 4 | I25: 改紡 | J25: 12.1 | K25: A12 2F43R2，75/72/2SDr，5.0KG，白藍三三角，FP81390R，125/72SDR。請值車員擦拭BOWL--已開車OK，請夜測量紗徑重02:20 | L25: 4 | O25: 11.2 | P25: T06 2F6IM2(K)，150/48/2SDr，5.5KG，黃綠條紋，FP82177R*2，255/48SDR。T06先開，T01後續再開，夜續開車完成，首落紗徑:69.5CM 紗重:5541G 已調整OF3:-0.60→-0.64
E26: 12.4 | F26: T01 改紡2F6IK2(K)，150/48/2SDr，5.5KG，白綠星，FP82177R*2，255/48SDR---備管中，待直送POY，請中續作業。 | J26: 12.2 | K26: A16 2F08S2，50/36SDr，4.0KG，白黑條，FP80148R，80/36SDR。延至6/2開車，協助sec9生頭 --已生頭DTY畫紅線，待上POY與更換紙管。 | N26: 明改紡 | O26: 12 | P26: T02 2F6IL2(K)，150/48/2SDr，5.5KG，黃綠星，FP82175R*2，255/48SDR。夜班備管完成，L邊已上紗，未穿紗，R邊待上紗穿紗。
B27: 實到本勞 | E27: 12.5 | F27: T06 改紡2F6IM2(K)，150/48/2SDr，5.5KG，黃綠條紋，FP82177R*2，255/48SDR---備管中，待直送POY，請中續作業。 | G27: 實到本勞 | J27: 12.3 | K27: T04R 2F7E03(k)，225/72/2SDr，5.5KG，灰色，FP83024R*2，340/72SDR。優先開車--開車OK，請夜測量紗徑重00:00。 | L27: 實到本勞 | O27: 12.3 | P27: A16 2F08S2，50/36SDr，4.0KG，白黑條，FP80148R，80/36SDR。延至6/2開車，協助sec9生頭 --已生頭DTY畫紅線，待上POY與更換紙管。夜班管色更換完成，試驗紗還在跑，待上紗穿紗。
E28: 12.6 | F28: T02 改紡2F6IL2(K)，150/48/2SDr，5.5KG，黃綠星，FP82175R*2，255/48SDR---備管中，待直送POY，請中續作業。 | J28: 12.4 | K28: T01 2F6IK2(K)，150/48/2SDr，5.5KG，白綠星，FP82177R*2，255/48SDR。T06先開，T01後續再開--待上紗備管。 | O28: 12.4 | P28: T01 2F6IK2(K)，150/48/2SDr，5.5KG，白綠星，FP82177R*2，255/48SDR。T06先開，T01後續再開--夜班備管完成待上紗穿紗。
B29: 4 | D29: 了機移紗 | E29: 13.1 | F29: J08 SEC05~18 紙管與POY移SEC1~4續了機，陸續移紗中，請中續作業。 | G29: 4 | J29: 12.5 | K29: T02 2F6IL2(K)，150/48/2SDr，5.5KG，黃綠星，FP82175R*2，255/48SDR。T02優先開，L邊已上紗，未穿紗，R邊待上紗，全台待備管。 | L29: 4 | O29: 12.5 | P29: A19 2F43S2，150/48SDr，5.0kg，藍白十字，FP82179R(255/48SDR)。夜班上紗備管完成，待穿紗。
E30: 13.2 | F30: T05L 紙管已清，陸續移紗T05R，請中續作業。 | J30: 12.6 | K30: T06 2F6IM2(K)，150/48/2SDr，5.5KG，黃綠條紋，FP82177R*2，255/48SDR。T06先開，T01後續再開，中已上紗穿紗OK，開車中，請續作業， | N30: FINAL | O30: 13 | P30: J08夜班已設FINAL，紙管已收，已停機結批，溫度壓力已關，POY已降。
B31: 應到外勞 | G31: 應到外勞 | L31: 應到外勞
B33: 23 | G33: 15 | L33: 11
B35: 實到外勞 | G35: 實到外勞 | L35: 實到外勞
B37: 23 | G37: 15 | L37: 11
B39: 缺勤人員 | G39: 缺勤人員 | L39: 缺勤人員
G41: BERT | L41: NA
G42: DENDEN
A43: =TEXT(A3,"AAAA") -> 星期一 | C43: 其他 | E43: 1 | F43: 廢水沉降槽+汙水處理槽(值班室後面)每班檢查一次，確認有無溢出，有溢出請通知隨保檢修-4:00 | G43: 16-20/OT | H43: 其他 | J43: 1 | K43: 廢水沉降槽+汙水處理槽(值班室後面)每班檢查一次，確認有無溢出，有溢出請通知隨保檢修-18:00 | M43: 其他 | O43: 1 | P43: 廢水沉降槽+汙水處理槽(值班室後面)每班檢查一次，確認有無溢出，有溢出請通知隨保檢修-5:00
E44: 2 | F44: 車道下方棧板區及釘櫃區每兩小時巡檢一次: 2:00 3:00 6:00 | J44: 2 | K44: 車道下方棧板區及釘櫃區每兩小時巡檢一次: 18:00 21:00 23:00 | O44: 2 | P44: 車道下方棧板區及釘櫃區每兩小時巡檢一次: 1:00 3:00 5:00
E45: 3 | F45: 各班記錄3區的溫度: 7:00 A區: 25.5 B區: 29.7 C區: 28.8 冷凍水 設定：0/0/0 | J45: 3 | K45: 各班記錄3區的溫度: 18:00 A區: 26.8 B區: 31.2 C區: 30.3 冷凍水 設定：0/0/0 | O45: 3 | P45: 各班記錄3區的溫度: 6:00 A區: 26.8 B區: 30.5 C區: 30.3 冷凍水 設定：0/0/0
E46: 4 | F46: 各班記錄3區抽查機台油汙:C區:T03 | J46: 4 | K46: 各班記錄3區抽查機台油汙:B區:T06 | O46: 4 | P46: 各班記錄3區抽查機台油汙:C區:NA
E47: 5 | F47: 夜班主管檢查C區鎖頭:C區機台都有鎖上 | J47: 5 | K47: 夜班主管檢查B區鎖頭:B區機台都有鎖上 | O47: 5 | P47: 夜班主管檢查C區鎖頭:C區機台都有鎖上
E48: 6 | F48: 地下室風扇已開啟第2套。(B，C區水槽放水放滿後已關閉，水幫浦暫不開啟) | J48: 6 | K48: 地下室風扇已開啟第2套。(B，C區水槽放水放滿後已關閉，水幫浦暫不開啟) | O48: 6 | P48: 地下室風扇已開啟第2套。(B，C區水槽放水放滿後已關閉，水幫浦暫不開啟)
E49: 7 | F49: 3/20起中夜班增設3F筒子油間巡邏點，有問題時請拍照 | J49: 7 | K49: 3/20起中夜班增設3F筒子油間巡邏點，有問題時請拍照 | O49: 7 | P49: 3/20起中夜班增設3F筒子油間巡邏點，有問題時請拍照
D52: 工安宣導 | E52: OJT | I52: 工安宣導 | J52: OJT | N52: 工安宣導 | O52: OJT
C53: 包裝狀況 | E53: 1 | F53: 迪卡儂作業:NA。 | H53: 包裝狀況 | J53: 1 | K53: 迪卡儂作業:NA。 | M53: 包裝狀況 | O53: 1 | P53: 迪卡儂作業:NA。
E54: 2 | F54: 傳統倉重跑狀況: 0板 | J54: 2 | K54: 傳統倉重跑狀況: 0板 | O54: 2 | P54: 傳統倉重跑狀況: 0板
E55: 3 | F55: A區 STS: 2車G1 sample(製程暫留樣) | J55: 3 | K55: A區 STS: 2車G1 sample(製程暫留樣) | O55: 3 | P55: A區 STS: 2車G1 sample(製程暫留樣)
E56: 4 | F56: J08、T01、T02、T03L 、T03R 、T05 、T06 批號規格的特代碼 SDr，請注意r為小寫字體，不可打成大寫字體。 | J56: 4 | K56: J08、T01、T02、T03L 、T03R 、T05 、T06 批號規格的特代碼 SDr，請注意r為小寫字體，不可打成大寫字體。 | O56: 4 | P56: J08、T01、T02、T03L 、T03R 、T05 、T06 批號規格的特代碼 SDr，請注意r為小寫字體，不可打成大寫字體。
E57: 5 | F57: T03R 5/13中起，中立包裝。 | J57: 5 | K57: T03R 5/13中起，中立包裝。 | O57: 5 | P57: T03R 5/13中起，中立包裝。
E58: 6 | F58: T04R 2F6IJ1A冠齊作業，嚴挑毛絲，單面絲車落紗。有本勞編織一律優先，沒有本勞才給外勞嚴挑編織。夜班已停機結批。 | J58: 6 | K58: T04R 2F6IJ1A冠齊作業，嚴挑毛絲，單面絲車落紗。有本勞編織一律優先，沒有本勞才給外勞嚴挑編織。夜班已停機結批。
C63: 設備故障檢修 | D63: DTY5 | E63: 1 | F63: CS負載率 CS1: 1.9% CS2: 0.0% CS3: 0.0% CS4: 0.0% 1:00 7:00 | H63: 設備故障檢修 | I63: DTY5 | J63: 1 | K63: CS負載率 CS1: 5.8% CS2: 5.8% CS3: 13.5% CS4: 13.8% 18:00 22:00 | M63: 設備故障檢修 | N63: DTY5 | O63: 1 | P63: CS負載率 CS1:19.2% CS2: 18.5% CS3: 28.7% CS4: 28.8% 2:00 7:00
D64: CAW | E64: 2 | F64: CAW負載率: 14% | I64: CAW | J64: 2 | K64: CAW負載率: 6% | N64: CAW | O64: 2 | P64: CAW負載率: 6%
D65: 噴霧系統 | E65: 3 | F65: A，B，C區 OFF | I65: 噴霧系統 | J65: 3 | K65: A，B，C區 OFF | N65: 噴霧系統 | O65: 3 | P65: A，B，C區 OFF
D66: 其他 | E66: 4 | F66: 消防受信總機編號AP1-1、CP1-4線路異常，3/25 早班已掛牌待檢修。 | I66: 其他 | J66: 4 | K66: 消防受信總機編號AP1-1、CP1-4線路異常，3/25 早班已掛牌待檢修。 | N66: 其他 | O66: 4 | P66: 消防受信總機編號AP1-1、CP1-4線路異常，3/25 早班已掛牌待檢修。
D67: 自動化 | E67: 5 | F67: DTY5 CS4 #28下層牙叉斷，自動化通知無備品，#28已鎖暫停使用。 | I67: 自動化 | J67: 5 | K67: DTY5 CS4 #28下層牙叉斷，自動化通知無備品，#28已鎖暫停使用。 | N67: 自動化 | O67: 5 | P67: DTY5 CS4 #28下層牙叉斷，自動化通知無備品，#28已鎖暫停使用。
C73: 支援生頭 | D73: 機台 | F73: 支援姓名／支援時間 | H73: 支援生頭 | I73: 機台 | K73: 支援姓名／支援時間 | M73: 支援生頭 | N73: 機台 | P73: 支援姓名／支援時間
B81: 主管交代事項 | G81: 製程交代事項 | N81: 包裝交代事項
A82: 日期 | C82: 交代人員 | D82: 項目 | E82: 序 | F82: 說明 | G82: 工程師 | H82: 機台 | I82: 項目 | J82: 序 | K82: 說明 | L82: 加工批號 | M82: 加工絲管色 | N82: 交代人員 | O82: 序 | P82: 說明
A83: =A3 -> 46174 | B83: 交代事項 | C83: 玉萍 | D83: 考勤 | E83: 1 | F83: 請CHECK&簽核假單。 | G83: 吳宥庭 | H83: Ａ１２ | I83: 改紡 | J83: 1 | K83: 2F43R2，75/72/2SDr，5.0KG，白藍三三角，FP81390R，125/72SDR。請值車員擦拭BOWL
G84: 吳宥庭 | H84: Ａ１６ | I84: 改紡 | J84: 2 | K84: 2F08S2，50/36SDr，4.0KG，白黑條，FP80148R，80/36SDR。延至6/2開車，協助sec9生頭
G85: 羅文亨 | H85: Ｔ０４Ｌ | I85: 改紡 | J85: 3 | K85: SEC03-09，2F9VK2，75/72/2PFDR，4.0KG，黃黑條紋，FP01433R*2，125/72PFR。---優先上紗，預計早班開車，6/1通知2F9VH2吃空後再改紡
G86: 羅文亨 | H86: Ｔ０４Ｒ | I86: 改紡 | J86: 4 | K86: 2F7E03(k)，225/72/2SDr，5.5KG，灰色，FP83024R*2，340/72SDR。優先開車
G87: 吳宥庭 | H87: Ｔ０１ | I87: 改紡 | J87: 5 | K87: 2F6IK2(K)，150/48/2SDr，5.5KG，白綠星，FP82177R*2，255/48SDR。T06先開，T01後續再開
G88: 吳宥庭 | H88: Ｔ０２ | I88: 改紡 | J88: 6 | K88: 2F6IL2(K)，150/48/2SDr，5.5KG，黃綠星，FP82175R*2，255/48SDR。T02優先開
G89: 羅文亨 | H89: Ｔ０６ | I89: 改紡 | J89: 7 | K89: 2F6IM2(K)，150/48/2SDr，5.5KG，黃綠條紋，FP82177R*2，255/48SDR。T06先開，T01後續再開
A103: =A3+1 -> 46175 | B103: 值班主管 | C103: 生產狀況 | D103: 停機 | E103: 1 | F103: F02、S01 sec1-3.7-12、J07、J09、A07、A08、A09、A10(清車)、A14、A17、A18、A20、A21、A22、A23、A24、T05L、J08 | G103: 值班主管 | H103: 生產狀況 | I103: 停機 | J103: 1 | K103: F02、S01 sec1-3.7-12、J07、J08、J09、A07、A08、A09、A10(清車)、A14、A17、A18、A20、A21、A22、A23、A24、T05L | L103: 值班主管 | M103: 生產狀況 | N103: 停機 | O103: 1 | P103: F02、S01 sec1-3.7-12、J07、J09、A07、A08、A09、A10、A14、A17、A18、A20(清車)、A21、A22、A23、A24、T05L、S01 sec6
B104: 賴增倫 | D104: 改紡停機 | E104: 2 | F104: A19、A16、T01、T02 | G104: 洪春福 | I104: 改紡停機 | J104: 2 | K104: A19、A16、T01、T02 | L104: 張彥誠 | N104: 改紡停機 | O104: 2 | P104: J08、T04L(了機中)
D105: 了機 | E105: 3 | F105: T05R、T04L(3SEC)、S01 sec4-6 | I105: 生產中機台 | J105: 3 | K105: A11、A12、A13、A15、A16、A19、S01 sec4-6、T01、T02、T03、T04、T05R、T06 | N105: 了機 | O105: 3 | P105: T05R、T04L(3SEC)、S01 sec4.5
B106: 隨保 | D106: 清車 | E106: 4 | F106: A10 | G106: 隨保 | I106: 了機 | J106: 4 | K106: T05R、T04L(3SEC)、S01 sec4-6 | L106: 隨保 | N106: 清車 | O106: 4 | P106: 改紡檢修
B107: CHELO | D107: 明清車 | E107: 5 | F107: A20 | G107: CHELO | I107: 清車 | J107: 5 | K107: A10產銷停機。 | L107: NA | N107: 明清車 | O107: 5 | P107: A10 停機
D108: 絲開發 | E108: 6 | F108: S02 sec2 2FM4S2 75/72PFBR，需M紗1.0KG*36顆，已完成推出AK包裝，請中續作業。 | I108: 明清車 | J108: 6 | K108: A20已停機。 | N108: 絲開發 | O108: 7.1 | P108: S02 sec3.4 2FM4R3 375/168BKCTR，需M紗5.0KG*96顆，請續作業。
E109: 6.1 | F109: S02 sec3.4 2FM4R3 375/168BKCTR，需M紗5.0KG*96顆，請續作業。 | I109: 絲開發 | J109: 7.1 | K109: S02 sec2 2FM4S2 75/72PFBR，需M紗1.0KG*36顆，已完成早班推出AK包裝OK。 | N109: FADIS | O109: 8 | P109: F01: sec1,4-6 2F42J2-R: sec7-10 2F28C2-R；sec2-3 2F9VH2(請明早班紀錄A級落紗顆數和量紗徑重)
D110: FADIS | E110: 7 | F110: F01: sec2-6 2F42J2-R: sec7-10 2F28C2-R | J110: 7.2 | K110: S02 sec3.4 2FM4R3 375/168BKCTR，需M紗5.0KG*96顆，請續作業。 | O110: 8.1 | P110: F02：NA
E111: 7.1 | F111: F02：NA | I111: FADIS | J111: 8.1 | K111: F01: sec1,4-6 2F42J2-R: sec7-10 2F28C2-R；sec2-3 2F9VH2 | O111: 8.2 | P111: F01 29.30.35.36錠 PT CRADLE ARM 已掛紅卡停錠
E112: 7.2 | F112: F01 29.30.35.36錠 PT CRADLE ARM 已掛紅卡停錠 | J112: 8.2 | K112: F02：NA | N112: 其他 | O112: 9 | P112: 夜班效率差機台(低於80%):NA
B113: B區溫度 | D113: 其他 | E113: 8 | F113: 早班效率差機台(低於80%):NA | G113: B區溫度 | J113: 8.3 | K113: F01 29.30.35.36錠 PT CRADLE ARM 已掛紅卡停錠 | L113: B區溫度 | O113: 9.1 | P113: 夜班張力調整機台:T06
B114: 32.1 | E114: 8.1 | F114: 早班張力調整機台:NA | G114: 32.4 | I114: 其他 | J114: 9.1 | K114: 中班效率差機台(低於80%):NA | L114: 31.9 | O114: 9.2 | P114: 斷絲超過4根機台:T04R
E115: 8.2 | F115: 斷絲超過4根機台:NA | J115: 9.2 | K115: 中班張力調整機台:A19，T02 | O115: 9.3 | P115: 夜班抽檢派紗員紙箱隔板回收作業，作業正常，堆疊未超過2層。1:00
E116: 8.3 | F116: 早班抽檢派紗員紙箱隔板回收作業，作業正常，堆疊未超過2層。 10:30 OK | J116: 9.3 | K116: 斷絲超過4根機台:NA | O116: 9.4 | P116: 絲八通知 5/31直送22顆FP01433R溫度異常不能使用，已從CS down load該22顆並圍住禁用。
B117: B區濕度 | E117: 8.4 | F117: 絲八通知 5/31直送22顆FP01433R溫度異常不能使用，已從CS down load該22顆並圍住禁用。 | G117: B區濕度 | J117: 9.4 | K117: 中班抽檢派紗員紙箱隔板回收作業，作業正常，堆疊未超過2層。 17:00 OK | L117: B區濕度 | N117: 待檢修 | O117: 10 | P117: A21 sec8、11 溫度異常，儀電通知待備品。
B118: 73.9 | D118: 待檢修 | E118: 9 | F118: A21 sec8、11 溫度異常，儀電通知待備品。 | G118: 70.4% | J118: 9.5 | K118: 絲八通知 5/31直送22顆FP01433R溫度異常不能使用，已從CS down load該22顆並圍住禁用。 | L118: 68.5 | N118: Sample | O118: 11 | P118: T04L sec4-9 2F9VH2，75/72/2PFBR，4.0KG，紫色，FP01432R，120/72PFBR---POY數量不足，續生產不停機，請加強生產定重紗。
D119: Sample | E119: 10 | F119: T04L sec4-9 2F9VH2，75/72/2PFBR，4.0KG，紫色，FP01432R，120/72PFBR---POY數量不足，續生產不停機，請加強生產定重紗。 | I119: 待檢修 | J119: 10 | K119: A21 sec8、11 溫度異常，儀電通知待備品。 | N119: 改紡 | O119: 11.1 | P119: A19 改紡2F43S2，150/48SDr，5.0kg，藍白十字，FP82179R，首落量紗徑:69.1CM 紗重:5048G 已調 WT:471→470。
D120: 改紡 | E120: 11.1 | F120: A19 改紡2F43S2，150/48SDr，5.0kg，藍白十字，FP82179R(255/48SDR)----待製程交車，請中續作業。 | I120: Sample | J120: 11 | K120: T04L sec4-9 2F9VH2，75/72/2PFBR，4.0KG，紫色，FP01432R，120/72PFBR---POY數量不足，續生產不停機，請加強生產定重紗。 | O120: 11.2 | P120: A16 改紡2F08S2，50/36SDr，4.0KG，白黑條，FP80148R，80/36SDR----穿紗中，開車前請值車員擦拭BOWL---首落19:40請明中測量紗徑重。
B121: 出勤人數 | E121: 11.2 | F121: A16 改紡2F08S2，50/36SDr，4.0KG，白黑條，FP80148R，80/36SDR----穿紗中，開車前請值車員擦拭BOWL。 | G121: 出勤人數 | I121: 改紡 | J121: 12.1 | K121: A19 改紡2F43S2，150/48SDr，5.0kg，藍白十字，FP82179R，開車OK，首落03:10請夜測量紗徑重。。 | L121: 出勤人數 | O121: 11.3 | P121: T01 改紡2F6IK2(K)，150/48/2SDr，5.5KG，白綠星，FP82177R*2，255/48SDR---首落量紗徑:69.7CM 紗重:5564G 已調整OF3:-1.07→-1.14 WT:04:07→04:05。
E122: 11.3 | F122: T01 改紡2F6IK2(K)，150/48/2SDr，5.5KG，白綠星，FP82177R*2，255/48SDR---上紗完成待穿紗，請中續作業。 | J122: 12.2 | K122: A16 改紡2F08S2，50/36SDr，4.0KG，白黑條，FP80148R，80/36SDR----穿紗中，開車前請值車員擦拭BOWL---開車OK，首落 請明中19:40測量紗徑重。。 | N122: 了機移紗 | O122: 12 | P122: T05R 夜班已找人將SEC14-18紙管收掉，請明早班續移紗作業。
B123: 應到本勞 | E123: 11.4 | F123: T02 改紡2F6IL2(K)，150/48/2SDr，5.5KG，黃綠星，FP82175R*2，255/48SDR---開車中，請中續作業。 | G123: 應到本勞 | J123: 12.3 | K123: T01 改紡2F6IK2(K)，150/48/2SDr，5.5KG，白綠星，FP82177R*2，255/48SDR---開車中，請續作業。 | L123: 應到本勞
J124: 12.4 | K124: T02 改紡2F6IL2(K)，150/48/2SDr，5.5KG，黃綠星，FP82175R*2，255/48SDR---續早開車OK，首落紗徑重A 69.1/5536，B 68.1/5539，已將R邊OF3 -1.18↑-1.06。。
B125: 4 | G125: 5 | L125: 4
B127: 實到本勞 | G127: 實到本勞 | L127: 實到本勞
B129: 4 | G129: 5 | L129: 4
B131: 應到外勞 | G131: 應到外勞 | L131: 應到外勞
B133: 25 | G133: 17/13 | L133: 10
B135: 實到外勞 | G135: 實到外勞 | L135: 實到外勞
B137: 25 | G137: 17/13 | L137: 10
B139: 缺勤人員 | G139: 缺勤人員 | L139: 缺勤人員
B141: NA | G141: NA | L141: NA
A143: =TEXT(A103,"AAAA") -> 星期二 | C143: 其他 | E143: 1 | F143: 廢水沉降槽+汙水處理槽(值班室後面)每班檢查一次，確認有無溢出，有溢出請通知隨保檢修-4:00 | H143: 其他 | J143: 1 | K143: 廢水沉降槽+汙水處理槽(值班室後面)每班檢查一次，確認有無溢出，有溢出請通知隨保檢修-22:00 | M143: 其他 | O143: 1 | P143: 廢水沉降槽+汙水處理槽(值班室後面)每班檢查一次，確認有無溢出，有溢出請通知隨保檢修-1:00
E144: 2 | F144: 車道下方棧板區及釘櫃區每兩小時巡檢一次: 2:00 3:00 6:00 | J144: 2 | K144: 車道下方棧板區及釘櫃區每兩小時巡檢一次: 18:00 20:00 22:00 | O144: 2 | P144: 車道下方棧板區及釘櫃區每兩小時巡檢一次: 2:00 4:00 5:00
E145: 3 | F145: 各班記錄3區的溫度: 7:00 A區: 25.5 B區: 29.7 C區: 28.8 冷凍水 設定：0/0/0 | J145: 3 | K145: 各班記錄3區的溫度: 21:00 A區: 26.9 B區: 32.4 C區: 31.0 冷凍水 設定：0/0/0 | O145: 3 | P145: 各班記錄3區的溫度: 7:00 A區: 26.5 B區: 31.9 C區: 30.6 冷凍水 設定：0/0/0
...

Sheet ２斷絲.IAD.效率
A1: 日期 | B1: 機台 | C1: 批號 | D1: 字尾 | E1: 規格 | F1: POY | G1: 車速 | H1: 管色 | I1: 定重 | J1: 早班斷絲 | K1: 早班IAD | L1: 早班效率 | M1: 早班效率 | N1: 中班斷絲 | O1: 中班IAD | P1: 中班效率 | Q1: 中班效率 | R1: 中後斷絲 | S1: 中後IAD | T1: 中後效率 | U1: 中後效率 | V1: 夜班斷絲 | W1: 夜班IAD | X1: 夜班效率 | Y1: 夜班效率 | Z1: 落數 | AA1: 斷絲(班) | AB1: IAD | AC1: 效率平均 | AD1: 斷絲(H) | AE1: 斷絲扣IAD | AF1: 機型 | AG1: MPS節數 | AH1: 早班 值車員 | AI1: 中班 值車員 | AJ1: 中後 值車員 | AK1: 夜班 值車員 | AL1: POY線別(L) | AM1: POY使用日期1 | AN1: POY使用日期2 | AO1: POY使用日期3 | AP1: POY使用日期4 | AQ1: POY使用日期5 | AR1: 其他POY | AS1: 單/雙 | AT1: 台 | AU1: 單根丹尼 | AV1: 實際產量T/日
A2: 46174 | B2: A07 | C2: 停機 | E2: =IF(ISNA(VLOOKUP(C2,條件!$A$1:$G$1021,5,0)),"",(VLOOKUP(C2,條件!$A$1:$G$1021,5,0))) | F2: =IF(ISNA(VLOOKUP(C2,條件!$A$1:$G$1021,6,0)),"",(VLOOKUP(C2,條件!$A$1:$G$1021,6,0))) | G2: =IF(ISNA(VLOOKUP(C2,條件!$A$1:$G$1021,7,0)),"",(VLOOKUP(C2,條件!$A$1:$G$1021,7,0))) | H2: =IF(ISNA(VLOOKUP(C2,條件!$A$1:$K$1021,11,0)),"",(VLOOKUP(C2,條件!$A$1:$K$1021,11,0))) | I2: =IF(ISNA(VLOOKUP(C2,條件!$A$1:$L$1021,12,0)),"",(VLOOKUP(C2,條件!$A$1:$L$1021,12,0))) | L2: 停機 | P2: 停機 | T2: 停機 | X2: 停機 | Z2: =IFERROR(VLOOKUP(C2, 條件!$A:$L, 3, 0), "") | AA2: =IF(OR(L2={"改紡","檢修","了機","清車","FINAL","停機","SAMPLE","TEST","絲開發","待料","跳車"}), L2, IFERROR(IF(C2="", "", (SUM(J2, N2, R2, V2)/3 * AG2) * IF(AND(AF2="S", AS2="雙"), 0.5, 1)), "")) -> 停機 | AB2: =IF(K2="","",IF(ISERROR(1-(SUM(K2,O2,S2,W2)/208/Z2)),"",(1-(SUM(K2,O2,S2,W2)/208/Z2)))) | AC2: =IF(OR(L2={"改紡","檢修","了機","清車","FINAL","停機","SAMPLE","TEST"}), "", IFERROR(IF(C2="", "", AVERAGE(L2:M2, P2:Q2, T2:U2, X2:Y2)/100), "")) | AD2: =IF(ISERROR(AA2/8),"",(AA2/8)) | AE2: =IF(OR(L2="改紡", L2="檢修", L2="了機"), "", IF(AND(C2<>"", J2<>""), IFERROR((SUM(J2, N2, R2, V2) - SUM(K2, O2, S2, W2))/24 * AG2, ""), "") ) | AF2: =LEFT(B2,1) -> A | AG2: 1 | AH2: NA | AI2: NA | AJ2: NA | AK2: NA | AS2: =IF(TEXT(RIGHT(F2,2),) = "×2","雙","單") -> 單 | AT2: =IF(OR(AF2="J", AF2="T", AF2="M"), IF(AG2=1, "全", "半"), IF(AF2="A", IF(AG2=0.5, IF(AS2="雙", "全", ""), IF(AG2=1, IF(AS2="雙", "半", "全"), IF(AG2=2, "半", "") ) ), IF(AF2="S", TEXT(AG2 & "sec", "text"), "") )) -> 全 | AU2: =IF(MID(E2,3,1)="/",LEFT(E2,2),LEFT(E2,3)) | AV2: =IF(ISERROR((IF(AF2="S",AG2*AU2*G2*AC2/18*0.03456/100/1000, AU2*G2*AC2* (IF(OR(AND(AS2="單",AT2="全",OR(AF2="A",AF2="M")),AND(AS2="單",AT2="全",OR(AF2="T",AF2="J"))),1,0)+ IF(OR(AND(AS2="雙",AT2="全",OR(AF2="A",AF2="M")),AND(AS2="雙",AT2="半",OR(AF2="T",AF2="J"))),1,0)+ IF(AND(AS2="雙",AT2="全",OR(AF2="T",AF2="J")),2,0)+ IF(AND(AS2="單",AT2="半",OR(AF2="A",AF2="M")),0.5,0)+ IF(OR(AND(AS2="雙",AT2="半",OR(AF2="A",AF2="M")),AND(AS2="單",AT2="半",OR(AF2="T",AF2="J"))),0.5,0) )*0.03456/100/1000 ))),"",((IF(AF2="S",AG2*AU2*G2*AC2/18*0.03456/100/1000, AU2*G2*AC2* (IF(OR(AND(AS2="單",AT2="全",OR(AF2="A",AF2="M")),AND(AS2="單",AT2="全",OR(AF2="T",AF2="J"))),1,0)+ IF(OR(AND(AS2="雙",AT2="全",OR(AF2="A",AF2="M")),AND(AS2="雙",AT2="半",OR(AF2="T",AF2="J"))),1,0)+ IF(AND(AS2="雙",AT2="全",OR(AF2="T",AF2="J")),2,0)+ IF(AND(AS2="單",AT2="半",OR(AF2="A",AF2="M")),0.5,0)+ IF(OR(AND(AS2="雙",AT2="半",OR(AF2="A",AF2="M")),AND(AS2="單",AT2="半",OR(AF2="T",AF2="J"))),0.5,0) )*0.03456/100/1000 ))))
A3: =A2 -> 46174 | B3: A08 | C3: 停機 | E3: =IF(ISNA(VLOOKUP(C3,條件!$A$1:$G$1021,5,0)),"",(VLOOKUP(C3,條件!$A$1:$G$1021,5,0))) | F3: =IF(ISNA(VLOOKUP(C3,條件!$A$1:$G$1021,6,0)),"",(VLOOKUP(C3,條件!$A$1:$G$1021,6,0))) | G3: =IF(ISNA(VLOOKUP(C3,條件!$A$1:$G$1021,7,0)),"",(VLOOKUP(C3,條件!$A$1:$G$1021,7,0))) | H3: =IF(ISNA(VLOOKUP(C3,條件!$A$1:$K$1021,11,0)),"",(VLOOKUP(C3,條件!$A$1:$K$1021,11,0))) | I3: =IF(ISNA(VLOOKUP(C3,條件!$A$1:$L$1021,12,0)),"",(VLOOKUP(C3,條件!$A$1:$L$1021,12,0))) | L3: 停機 | P3: 停機 | T3: 停機 | X3: 停機 | Z3: =IFERROR(VLOOKUP(C3, 條件!$A:$L, 3, 0), "") | AA3: =IF(OR(L3={"改紡","檢修","了機","清車","FINAL","停機","SAMPLE","TEST","絲開發","待料","跳車"}), L3, IFERROR(IF(C3="", "", (SUM(J3, N3, R3, V3)/3 * AG3) * IF(AND(AF3="S", AS3="雙"), 0.5, 1)), "")) -> 停機 | AB3: =IF(K3="","",IF(ISERROR(1-(SUM(K3,O3,S3,W3)/208/Z3)),"",(1-(SUM(K3,O3,S3,W3)/208/Z3)))) | AC3: =IF(OR(L3={"改紡","檢修","了機","清車","FINAL","停機","SAMPLE","TEST"}), "", IFERROR(IF(C3="", "", AVERAGE(L3:M3, P3:Q3, T3:U3, X3:Y3)/100), "")) | AD3: =IF(ISERROR(AA3/8),"",(AA3/8)) | AE3: =IF(OR(L3="改紡", L3="檢修", L3="了機"), "", IF(AND(C3<>"", J3<>""), IFERROR((SUM(J3, N3, R3, V3) - SUM(K3, O3, S3, W3))/24 * AG3, ""), "") ) | AF3: =LEFT(B3,1) -> A | AG3: 1 | AH3: NA | AI3: NA | AJ3: NA | AK3: NA | AS3: =IF(TEXT(RIGHT(F3,2),) = "×2","雙","單") -> 單 | AT3: =IF(OR(AF3="J", AF3="T", AF3="M"), IF(AG3=1, "全", "半"), IF(AF3="A", IF(AG3=0.5, IF(AS3="雙", "全", ""), IF(AG3=1, IF(AS3="雙", "半", "全"), IF(AG3=2, "半", "") ) ), IF(AF3="S", TEXT(AG3 & "sec", "text"), "") )) -> 全 | AU3: =IF(MID(E3,3,1)="/",LEFT(E3,2),LEFT(E3,3)) | AV3: =IF(ISERROR((IF(AF3="S",AG3*AU3*G3*AC3/18*0.03456/100/1000, AU3*G3*AC3* (IF(OR(AND(AS3="單",AT3="全",OR(AF3="A",AF3="M")),AND(AS3="單",AT3="全",OR(AF3="T",AF3="J"))),1,0)+ IF(OR(AND(AS3="雙",AT3="全",OR(AF3="A",AF3="M")),AND(AS3="雙",AT3="半",OR(AF3="T",AF3="J"))),1,0)+ IF(AND(AS3="雙",AT3="全",OR(AF3="T",AF3="J")),2,0)+ IF(AND(AS3="單",AT3="半",OR(AF3="A",AF3="M")),0.5,0)+ IF(OR(AND(AS3="雙",AT3="半",OR(AF3="A",AF3="M")),AND(AS3="單",AT3="半",OR(AF3="T",AF3="J"))),0.5,0) )*0.03456/100/1000 ))),"",((IF(AF3="S",AG3*AU3*G3*AC3/18*0.03456/100/1000, AU3*G3*AC3* (IF(OR(AND(AS3="單",AT3="全",OR(AF3="A",AF3="M")),AND(AS3="單",AT3="全",OR(AF3="T",AF3="J"))),1,0)+ IF(OR(AND(AS3="雙",AT3="全",OR(AF3="A",AF3="M")),AND(AS3="雙",AT3="半",OR(AF3="T",AF3="J"))),1,0)+ IF(AND(AS3="雙",AT3="全",OR(AF3="T",AF3="J")),2,0)+ IF(AND(AS3="單",AT3="半",OR(AF3="A",AF3="M")),0.5,0)+ IF(OR(AND(AS3="雙",AT3="半",OR(AF3="A",AF3="M")),AND(AS3="單",AT3="半",OR(AF3="T",AF3="J"))),0.5,0) )*0.03456/100/1000 ))))
A4: =A3 -> 46174 | B4: A09 | C4: 停機 | E4: =IF(ISNA(VLOOKUP(C4,條件!$A$1:$G$1021,5,0)),"",(VLOOKUP(C4,條件!$A$1:$G$1021,5,0))) | F4: =IF(ISNA(VLOOKUP(C4,條件!$A$1:$G$1021,6,0)),"",(VLOOKUP(C4,條件!$A$1:$G$1021,6,0))) | G4: =IF(ISNA(VLOOKUP(C4,條件!$A$1:$G$1021,7,0)),"",(VLOOKUP(C4,條件!$A$1:$G$1021,7,0))) | H4: =IF(ISNA(VLOOKUP(C4,條件!$A$1:$K$1021,11,0)),"",(VLOOKUP(C4,條件!$A$1:$K$1021,11,0))) | I4: =IF(ISNA(VLOOKUP(C4,條件!$A$1:$L$1021,12,0)),"",(VLOOKUP(C4,條件!$A$1:$L$1021,12,0))) | L4: 停機 | P4: 停機 | T4: 停機 | X4: 停機 | Z4: =IFERROR(VLOOKUP(C4, 條件!$A:$L, 3, 0), "") | AA4: =IF(OR(L4={"改紡","檢修","了機","清車","FINAL","停機","SAMPLE","TEST","絲開發","待料","跳車"}), L4, IFERROR(IF(C4="", "", (SUM(J4, N4, R4, V4)/3 * AG4) * IF(AND(AF4="S", AS4="雙"), 0.5, 1)), "")) -> 停機 | AB4: =IF(K4="","",IF(ISERROR(1-(SUM(K4,O4,S4,W4)/208/Z4)),"",(1-(SUM(K4,O4,S4,W4)/208/Z4)))) | AC4: =IF(OR(L4={"改紡","檢修","了機","清車","FINAL","停機","SAMPLE","TEST"}), "", IFERROR(IF(C4="", "", AVERAGE(L4:M4, P4:Q4, T4:U4, X4:Y4)/100), "")) | AD4: =IF(ISERROR(AA4/8),"",(AA4/8)) | AE4: =IF(OR(L4="改紡", L4="檢修", L4="了機"), "", IF(AND(C4<>"", J4<>""), IFERROR((SUM(J4, N4, R4, V4) - SUM(K4, O4, S4, W4))/24 * AG4, ""), "") ) | AF4: =LEFT(B4,1) -> A | AG4: 1 | AH4: NA | AI4: NA | AJ4: NA | AK4: NA | AS4: =IF(TEXT(RIGHT(F4,2),) = "×2","雙","單") -> 單 | AT4: =IF(OR(AF4="J", AF4="T", AF4="M"), IF(AG4=1, "全", "半"), IF(AF4="A", IF(AG4=0.5, IF(AS4="雙", "全", ""), IF(AG4=1, IF(AS4="雙", "半", "全"), IF(AG4=2, "半", "") ) ), IF(AF4="S", TEXT(AG4 & "sec", "text"), "") )) -> 全 | AU4: =IF(MID(E4,3,1)="/",LEFT(E4,2),LEFT(E4,3)) | AV4: =IF(ISERROR((IF(AF4="S",AG4*AU4*G4*AC4/18*0.03456/100/1000, AU4*G4*AC4* (IF(OR(AND(AS4="單",AT4="全",OR(AF4="A",AF4="M")),AND(AS4="單",AT4="全",OR(AF4="T",AF4="J"))),1,0)+ IF(OR(AND(AS4="雙",AT4="全",OR(AF4="A",AF4="M")),AND(AS4="雙",AT4="半",OR(AF4="T",AF4="J"))),1,0)+ IF(AND(AS4="雙",AT4="全",OR(AF4="T",AF4="J")),2,0)+ IF(AND(AS4="單",AT4="半",OR(AF4="A",AF4="M")),0.5,0)+ IF(OR(AND(AS4="雙",AT4="半",OR(AF4="A",AF4="M")),AND(AS4="單",AT4="半",OR(AF4="T",AF4="J"))),0.5,0) )*0.03456/100/1000 ))),"",((IF(AF4="S",AG4*AU4*G4*AC4/18*0.03456/100/1000, AU4*G4*AC4* (IF(OR(AND(AS4="單",AT4="全",OR(AF4="A",AF4="M")),AND(AS4="單",AT4="全",OR(AF4="T",AF4="J"))),1,0)+ IF(OR(AND(AS4="雙",AT4="全",OR(AF4="A",AF4="M")),AND(AS4="雙",AT4="半",OR(AF4="T",AF4="J"))),1,0)+ IF(AND(AS4="雙",AT4="全",OR(AF4="T",AF4="J")),2,0)+ IF(AND(AS4="單",AT4="半",OR(AF4="A",AF4="M")),0.5,0)+ IF(OR(AND(AS4="雙",AT4="半",OR(AF4="A",AF4="M")),AND(AS4="單",AT4="半",OR(AF4="T",AF4="J"))),0.5,0) )*0.03456/100/1000 ))))
A5: =A4 -> 46174 | B5: A10 | C5: 停機 | E5: =IF(ISNA(VLOOKUP(C5,條件!$A$1:$G$1021,5,0)),"",(VLOOKUP(C5,條件!$A$1:$G$1021,5,0))) | F5: =IF(ISNA(VLOOKUP(C5,條件!$A$1:$G$1021,6,0)),"",(VLOOKUP(C5,條件!$A$1:$G$1021,6,0))) | G5: =IF(ISNA(VLOOKUP(C5,條件!$A$1:$G$1021,7,0)),"",(VLOOKUP(C5,條件!$A$1:$G$1021,7,0))) | H5: =IF(ISNA(VLOOKUP(C5,條件!$A$1:$K$1021,11,0)),"",(VLOOKUP(C5,條件!$A$1:$K$1021,11,0))) | I5: =IF(ISNA(VLOOKUP(C5,條件!$A$1:$L$1021,12,0)),"",(VLOOKUP(C5,條件!$A$1:$L$1021,12,0))) | L5: 停機 | P5: 停機 | T5: 停機 | X5: 停機 | Z5: =IFERROR(VLOOKUP(C5, 條件!$A:$L, 3, 0), "") | AA5: =IF(OR(L5={"改紡","檢修","了機","清車","FINAL","停機","SAMPLE","TEST","絲開發","待料","跳車"}), L5, IFERROR(IF(C5="", "", (SUM(J5, N5, R5, V5)/3 * AG5) * IF(AND(AF5="S", AS5="雙"), 0.5, 1)), "")) -> 停機 | AB5: =IF(K5="","",IF(ISERROR(1-(SUM(K5,O5,S5,W5)/208/Z5)),"",(1-(SUM(K5,O5,S5,W5)/208/Z5)))) | AC5: =IF(OR(L5={"改紡","檢修","了機","清車","FINAL","停機","SAMPLE","TEST"}), "", IFERROR(IF(C5="", "", AVERAGE(L5:M5, P5:Q5, T5:U5, X5:Y5)/100), "")) | AD5: =IF(ISERROR(AA5/8),"",(AA5/8)) | AE5: =IF(OR(L5="改紡", L5="檢修", L5="了機"), "", IF(AND(C5<>"", J5<>""), IFERROR((SUM(J5, N5, R5, V5) - SUM(K5, O5, S5, W5))/24 * AG5, ""), "") ) | AF5: =LEFT(B5,1) -> A | AG5: 1 | AH5: NA | AI5: NA | AJ5: NA | AK5: NA | AS5: =IF(TEXT(RIGHT(F5,2),) = "×2","雙","單") -> 單 | AT5: =IF(OR(AF5="J", AF5="T", AF5="M"), IF(AG5=1, "全", "半"), IF(AF5="A", IF(AG5=0.5, IF(AS5="雙", "全", ""), IF(AG5=1, IF(AS5="雙", "半", "全"), IF(AG5=2, "半", "") ) ), IF(AF5="S", TEXT(AG5 & "sec", "text"), "") )) -> 全 | AU5: =IF(MID(E5,3,1)="/",LEFT(E5,2),LEFT(E5,3)) | AV5: =IF(ISERROR((IF(AF5="S",AG5*AU5*G5*AC5/18*0.03456/100/1000, AU5*G5*AC5* (IF(OR(AND(AS5="單",AT5="全",OR(AF5="A",AF5="M")),AND(AS5="單",AT5="全",OR(AF5="T",AF5="J"))),1,0)+ IF(OR(AND(AS5="雙",AT5="全",OR(AF5="A",AF5="M")),AND(AS5="雙",AT5="半",OR(AF5="T",AF5="J"))),1,0)+ IF(AND(AS5="雙",AT5="全",OR(AF5="T",AF5="J")),2,0)+ IF(AND(AS5="單",AT5="半",OR(AF5="A",AF5="M")),0.5,0)+ IF(OR(AND(AS5="雙",AT5="半",OR(AF5="A",AF5="M")),AND(AS5="單",AT5="半",OR(AF5="T",AF5="J"))),0.5,0) )*0.03456/100/1000 ))),"",((IF(AF5="S",AG5*AU5*G5*AC5/18*0.03456/100/1000, AU5*G5*AC5* (IF(OR(AND(AS5="單",AT5="全",OR(AF5="A",AF5="M")),AND(AS5="單",AT5="全",OR(AF5="T",AF5="J"))),1,0)+ IF(OR(AND(AS5="雙",AT5="全",OR(AF5="A",AF5="M")),AND(AS5="雙",AT5="半",OR(AF5="T",AF5="J"))),1,0)+ IF(AND(AS5="雙",AT5="全",OR(AF5="T",AF5="J")),2,0)+ IF(AND(AS5="單",AT5="半",OR(AF5="A",AF5="M")),0.5,0)+ IF(OR(AND(AS5="雙",AT5="半",OR(AF5="A",AF5="M")),AND(AS5="單",AT5="半",OR(AF5="T",AF5="J"))),0.5,0) )*0.03456/100/1000 ))))
A6: =A5 -> 46174 | B6: A11 | C6: 2FA062 | E6: =IF(ISNA(VLOOKUP(C6,條件!$A$1:$G$1021,5,0)),"",(VLOOKUP(C6,條件!$A$1:$G$1021,5,0))) -> 75/72SRR5 | F6: =IF(ISNA(VLOOKUP(C6,條件!$A$1:$G$1021,6,0)),"",(VLOOKUP(C6,條件!$A$1:$G$1021,6,0))) -> FP81631R | G6: =IF(ISNA(VLOOKUP(C6,條件!$A$1:$G$1021,7,0)),"",(VLOOKUP(C6,條件!$A$1:$G$1021,7,0))) -> 600 | H6: =IF(ISNA(VLOOKUP(C6,條件!$A$1:$K$1021,11,0)),"",(VLOOKUP(C6,條件!$A$1:$K$1021,11,0))) -> 白藍條 | I6: =IF(ISNA(VLOOKUP(C6,條件!$A$1:$L$1021,12,0)),"",(VLOOKUP(C6,條件!$A$1:$L$1021,12,0))) -> 4 | J6: 21 | K6: 0 | L6: 9320 | M6: 9340 | R6: 34 | S6: 0 | T6: 8744 | U6: 9144 | V6: 37 | W6: 1 | X6: 9379 | Y6: 9244 | Z6: =IFERROR(VLOOKUP(C6, 條件!$A:$L, 3, 0), "") -> 1.7625459 | AA6: =IF(OR(L6={"改紡","檢修","了機","清車","FINAL","停機","SAMPLE","TEST","絲開發","待料","跳車"}), L6, IFERROR(IF(C6="", "", (SUM(J6, N6, R6, V6)/3 * AG6) * IF(AND(AF6="S", AS6="雙"), 0.5, 1)), "")) -> 30.666667 | AB6: =IF(K6="","",IF(ISERROR(1-(SUM(K6,O6,S6,W6)/208/Z6)),"",(1-(SUM(K6,O6,S6,W6)/208/Z6)))) -> 0.9972723 | AC6: =IF(OR(L6={"改紡","檢修","了機","清車","FINAL","停機","SAMPLE","TEST"}), "", IFERROR(IF(C6="", "", AVERAGE(L6:M6, P6:Q6, T6:U6, X6:Y6)/100), "")) -> 91.951667 | AD6: =IF(ISERROR(AA6/8),"",(AA6/8)) -> 3.8333333 | AE6: =IF(OR(L6="改紡", L6="檢修", L6="了機"), "", IF(AND(C6<>"", J6<>""), IFERROR((SUM(J6, N6, R6, V6) - SUM(K6, O6, S6, W6))/24 * AG6, ""), "") ) -> 3.7916667 | AF6: =LEFT(B6,1) -> A | AG6: 1 | AH6: JOHNDEL | AI6: DENNIS | AJ6: DENNIS | AK6: CHALS | AL6: 54 | AM6: 46049 | AN6: 46050 | AO6: 46051 | AP6: 46052 | AQ6: 46053 | AS6: =IF(TEXT(RIGHT(F6,2),) = "×2","雙","單") -> 單 | AT6: =IF(OR(AF6="J", AF6="T", AF6="M"), IF(AG6=1, "全", "半"), IF(AF6="A", IF(AG6=0.5, IF(AS6="雙", "全", ""), IF(AG6=1, IF(AS6="雙", "半", "全"), IF(AG6=2, "半", "") ) ), IF(AF6="S", TEXT(AG6 & "sec", "text"), "") )) -> 全 | AU6: =IF(MID(E6,3,1)="/",LEFT(E6,2),LEFT(E6,3)) -> 75 | AV6: =IF(ISERROR((IF(AF6="S",AG6*AU6*G6*AC6/18*0.03456/100/1000, AU6*G6*AC6* (IF(OR(AND(AS6="單",AT6="全",OR(AF6="A",AF6="M")),AND(AS6="單",AT6="全",OR(AF6="T",AF6="J"))),1,0)+ IF(OR(AND(AS6="雙",AT6="全",OR(AF6="A",AF6="M")),AND(AS6="雙",AT6="半",OR(AF6="T",AF6="J"))),1,0)+ IF(AND(AS6="雙",AT6="全",OR(AF6="T",AF6="J")),2,0)+ IF(AND(AS6="單",AT6="半",OR(AF6="A",AF6="M")),0.5,0)+ IF(OR(AND(AS6="雙",AT6="半",OR(AF6="A",AF6="M")),AND(AS6="單",AT6="半",OR(AF6="T",AF6="J"))),0.5,0) )*0.03456/100/1000 ))),"",((IF(AF6="S",AG6*AU6*G6*AC6/18*0.03456/100/1000, AU6*G6*AC6* (IF(OR(AND(AS6="單",AT6="全",OR(AF6="A",AF6="M")),AND(AS6="單",AT6="全",OR(AF6="T",AF6="J"))),1,0)+ IF(OR(AND(AS6="雙",AT6="全",OR(AF6="A",AF6="M")),AND(AS6="雙",AT6="半",OR(AF6="T",AF6="J"))),1,0)+ IF(AND(AS6="雙",AT6="全",OR(AF6="T",AF6="J")),2,0)+ IF(AND(AS6="單",AT6="半",OR(AF6="A",AF6="M")),0.5,0)+ IF(OR(AND(AS6="雙",AT6="半",OR(AF6="A",AF6="M")),AND(AS6="單",AT6="半",OR(AF6="T",AF6="J"))),0.5,0) )*0.03456/100/1000 )))) -> 1.4300323
A7: =A6 -> 46174 | B7: A12 | C7: 2F43R2 | E7: =IF(ISNA(VLOOKUP(C7,條件!$A$1:$G$1021,5,0)),"",(VLOOKUP(C7,條件!$A$1:$G$1021,5,0))) -> 75/72/2SDr | F7: =IF(ISNA(VLOOKUP(C7,條件!$A$1:$G$1021,6,0)),"",(VLOOKUP(C7,條件!$A$1:$G$1021,6,0))) -> FP81390R×2 | G7: =IF(ISNA(VLOOKUP(C7,條件!$A$1:$G$1021,7,0)),"",(VLOOKUP(C7,條件!$A$1:$G$1021,7,0))) -> 600 | H7: =IF(ISNA(VLOOKUP(C7,條件!$A$1:$K$1021,11,0)),"",(VLOOKUP(C7,條件!$A$1:$K$1021,11,0))) -> 白底藍三角 | I7: =IF(ISNA(VLOOKUP(C7,條件!$A$1:$L$1021,12,0)),"",(VLOOKUP(C7,條件!$A$1:$L$1021,12,0))) -> 5 | L7: 改紡 | P7: 改紡 | R7: 60 | S7: 0 | T7: 6795 | U7: 6557 | V7: 40 | W7: 2 | X7: 9365 | Y7: 9816 | Z7: =IFERROR(VLOOKUP(C7, 條件!$A:$L, 3, 0), "") -> 2.8015564 | AA7: =IF(OR(L7={"改紡","檢修","了機","清車","FINAL","停機","SAMPLE","TEST","絲開發","待料","跳車"}), L7, IFERROR(IF(C7="", "", (SUM(J7, N7, R7, V7)/3 * AG7) * IF(AND(AF7="S", AS7="雙"), 0.5, 1)), "")) -> 改紡 | AB7: =IF(K7="","",IF(ISERROR(1-(SUM(K7,O7,S7,W7)/208/Z7)),"",(1-(SUM(K7,O7,S7,W7)/208/Z7)))) | AC7: =IF(OR(L7={"改紡","檢修","了機","清車","FINAL","停機","SAMPLE","TEST"}), "", IFERROR(IF(C7="", "", AVERAGE(L7:M7, P7:Q7, T7:U7, X7:Y7)/100), "")) | AD7: =IF(ISERROR(AA7/8),"",(AA7/8)) | AE7: =IF(OR(L7="改紡", L7="檢修", L7="了機"), "", IF(AND(C7<>"", J7<>""), IFERROR((SUM(J7, N7, R7, V7) - SUM(K7, O7, S7, W7))/24 * AG7, ""), "") ) | AF7: =LEFT(B7,1) -> A | AG7: 1 | AH7: JOHNDEL | AI7: DENNIS | AJ7: DENNIS | AK7: CHALS | AL7: 53 | AM7: 46118 | AN7: 46119 | AO7: 46120 | AR7: FP81390R | AS7: =IF(TEXT(RIGHT(F7,2),) = "×2","雙","單") -> 雙 | AT7: =IF(OR(AF7="J", AF7="T", AF7="M"), IF(AG7=1, "全", "半"), IF(AF7="A", IF(AG7=0.5, IF(AS7="雙", "全", ""), IF(AG7=1, IF(AS7="雙", "半", "全"), IF(AG7=2, "半", "") ) ), IF(AF7="S", TEXT(AG7 & "sec", "text"), "") )) -> 半 | AU7: =IF(MID(E7,3,1)="/",LEFT(E7,2),LEFT(E7,3)) -> 75 | AV7: =IF(ISERROR((IF(AF7="S",AG7*AU7*G7*AC7/18*0.03456/100/1000, AU7*G7*AC7* (IF(OR(AND(AS7="單",AT7="全",OR(AF7="A",AF7="M")),AND(AS7="單",AT7="全",OR(AF7="T",AF7="J"))),1,0)+ IF(OR(AND(AS7="雙",AT7="全",OR(AF7="A",AF7="M")),AND(AS7="雙",AT7="半",OR(AF7="T",AF7="J"))),1,0)+ IF(AND(AS7="雙",AT7="全",OR(AF7="T",AF7="J")),2,0)+ IF(AND(AS7="單",AT7="半",OR(AF7="A",AF7="M")),0.5,0)+ IF(OR(AND(AS7="雙",AT7="半",OR(AF7="A",AF7="M")),AND(AS7="單",AT7="半",OR(AF7="T",AF7="J"))),0.5,0) )*0.03456/100/1000 ))),"",((IF(AF7="S",AG7*AU7*G7*AC7/18*0.03456/100/1000, AU7*G7*AC7* (IF(OR(AND(AS7="單",AT7="全",OR(AF7="A",AF7="M")),AND(AS7="單",AT7="全",OR(AF7="T",AF7="J"))),1,0)+ IF(OR(AND(AS7="雙",AT7="全",OR(AF7="A",AF7="M")),AND(AS7="雙",AT7="半",OR(AF7="T",AF7="J"))),1,0)+ IF(AND(AS7="雙",AT7="全",OR(AF7="T",AF7="J")),2,0)+ IF(AND(AS7="單",AT7="半",OR(AF7="A",AF7="M")),0.5,0)+ IF(OR(AND(AS7="雙",AT7="半",OR(AF7="A",AF7="M")),AND(AS7="單",AT7="半",OR(AF7="T",AF7="J"))),0.5,0) )*0.03456/100/1000 ))))
A8: =A7 -> 46174 | B8: A13 | C8: 2F08R2 | D8: G | E8: =IF(ISNA(VLOOKUP(C8,條件!$A$1:$G$1021,5,0)),"",(VLOOKUP(C8,條件!$A$1:$G$1021,5,0))) -> 50/72BSD3 | F8: =IF(ISNA(VLOOKUP(C8,條件!$A$1:$G$1021,6,0)),"",(VLOOKUP(C8,條件!$A$1:$G$1021,6,0))) -> FP80141 | G8: =IF(ISNA(VLOOKUP(C8,條件!$A$1:$G$1021,7,0)),"",(VLOOKUP(C8,條件!$A$1:$G$1021,7,0))) -> 630 | H8: =IF(ISNA(VLOOKUP(C8,條件!$A$1:$K$1021,11,0)),"",(VLOOKUP(C8,條件!$A$1:$K$1021,11,0))) -> 洋綠色 | I8: =IF(ISNA(VLOOKUP(C8,條件!$A$1:$L$1021,12,0)),"",(VLOOKUP(C8,條件!$A$1:$L$1021,12,0))) -> 2 | J8: 33 | K8: 0 | L8: 9023 | M8: 9022 | R8: 22 | S8: 0 | T8: 8748 | U8: 9254 | V8: 25 | W8: 0 | X8: 9135 | Y8: 9335 | Z8: =IFERROR(VLOOKUP(C8, 條件!$A:$L, 3, 0), "") -> 2.4615385 | AA8: =IF(OR(L8={"改紡","檢修","了機","清車","FINAL","停機","SAMPLE","TEST","絲開發","待料","跳車"}), L8, IFERROR(IF(C8="", "", (SUM(J8, N8, R8, V8)/3 * AG8) * IF(AND(AF8="S", AS8="雙"), 0.5, 1)), "")) -> 26.666667 | AB8: =IF(K8="","",IF(ISERROR(1-(SUM(K8,O8,S8,W8)/208/Z8)),"",(1-(SUM(K8,O8,S8,W8)/208/Z8)))) -> 1 | AC8: =IF(OR(L8={"改紡","檢修","了機","清車","FINAL","停機","SAMPLE","TEST"}), "", IFERROR(IF(C8="", "", AVERAGE(L8:M8, P8:Q8, T8:U8, X8:Y8)/100), "")) -> 90.861667 | AD8: =IF(ISERROR(AA8/8),"",(AA8/8)) -> 3.3333333 | AE8: =IF(OR(L8="改紡", L8="檢修", L8="了機"), "", IF(AND(C8<>"", J8<>""), IFERROR((SUM(J8, N8, R8, V8) - SUM(K8, O8, S8, W8))/24 * AG8, ""), "") ) -> 3.3333333 | AF8: =LEFT(B8,1) -> A | AG8: 1 | AH8: JOHNDEL | AI8: DENNIS | AJ8: DENNIS | AK8: CHALS | AL8: 57 | AM8: 46093 | AN8: 46094 | AS8: =IF(TEXT(RIGHT(F8,2),) = "×2","雙","單") -> 單 | AT8: =IF(OR(AF8="J", AF8="T", AF8="M"), IF(AG8=1, "全", "半"), IF(AF8="A", IF(AG8=0.5, IF(AS8="雙", "全", ""), IF(AG8=1, IF(AS8="雙", "半", "全"), IF(AG8=2, "半", "") ) ), IF(AF8="S", TEXT(AG8 & "sec", "text"), "") )) -> 全 | AU8: =IF(MID(E8,3,1)="/",LEFT(E8,2),LEFT(E8,3)) -> 50 | AV8: =IF(ISERROR((IF(AF8="S",AG8*AU8*G8*AC8/18*0.03456/100/1000, AU8*G8*AC8* (IF(OR(AND(AS8="單",AT8="全",OR(AF8="A",AF8="M")),AND(AS8="單",AT8="全",OR(AF8="T",AF8="J"))),1,0)+ IF(OR(AND(AS8="雙",AT8="全",OR(AF8="A",AF8="M")),AND(AS8="雙",AT8="半",OR(AF8="T",AF8="J"))),1,0)+ IF(AND(AS8="雙",AT8="全",OR(AF8="T",AF8="J")),2,0)+ IF(AND(AS8="單",AT8="半",OR(AF8="A",AF8="M")),0.5,0)+ IF(OR(AND(AS8="雙",AT8="半",OR(AF8="A",AF8="M")),AND(AS8="單",AT8="半",OR(AF8="T",AF8="J"))),0.5,0) )*0.03456/100/1000 ))),"",((IF(AF8="S",AG8*AU8*G8*AC8/18*0.03456/100/1000, AU8*G8*AC8* (IF(OR(AND(AS8="單",AT8="全",OR(AF8="A",AF8="M")),AND(AS8="單",AT8="全",OR(AF8="T",AF8="J"))),1,0)+ IF(OR(AND(AS8="雙",AT8="全",OR(AF8="A",AF8="M")),AND(AS8="雙",AT8="半",OR(AF8="T",AF8="J"))),1,0)+ IF(AND(AS8="雙",AT8="全",OR(AF8="T",AF8="J")),2,0)+ IF(AND(AS8="單",AT8="半",OR(AF8="A",AF8="M")),0.5,0)+ IF(OR(AND(AS8="雙",AT8="半",OR(AF8="A",AF8="M")),AND(AS8="單",AT8="半",OR(AF8="T",AF8="J"))),0.5,0) )*0.03456/100/1000 )))) -> 0.98915645
A9: =A8 -> 46174 | B9: A14 | C9: 停機 | E9: =IF(ISNA(VLOOKUP(C9,條件!$A$1:$G$1021,5,0)),"",(VLOOKUP(C9,條件!$A$1:$G$1021,5,0))) | F9: =IF(ISNA(VLOOKUP(C9,條件!$A$1:$G$1021,6,0)),"",(VLOOKUP(C9,條件!$A$1:$G$1021,6,0))) | G9: =IF(ISNA(VLOOKUP(C9,條件!$A$1:$G$1021,7,0)),"",(VLOOKUP(C9,條件!$A$1:$G$1021,7,0))) | H9: =IF(ISNA(VLOOKUP(C9,條件!$A$1:$K$1021,11,0)),"",(VLOOKUP(C9,條件!$A$1:$K$1021,11,0))) | I9: =IF(ISNA(VLOOKUP(C9,條件!$A$1:$L$1021,12,0)),"",(VLOOKUP(C9,條件!$A$1:$L$1021,12,0))) | L9: 停機 | P9: 停機 | T9: 停機 | X9: 停機 | Z9: =IFERROR(VLOOKUP(C9, 條件!$A:$L, 3, 0), "") | AA9: =IF(OR(L9={"改紡","檢修","了機","清車","FINAL","停機","SAMPLE","TEST","絲開發","待料","跳車"}), L9, IFERROR(IF(C9="", "", (SUM(J9, N9, R9, V9)/3 * AG9) * IF(AND(AF9="S", AS9="雙"), 0.5, 1)), "")) -> 停機 | AB9: =IF(K9="","",IF(ISERROR(1-(SUM(K9,O9,S9,W9)/208/Z9)),"",(1-(SUM(K9,O9,S9,W9)/208/Z9)))) | AC9: =IF(OR(L9={"改紡","檢修","了機","清車","FINAL","停機","SAMPLE","TEST"}), "", IFERROR(IF(C9="", "", AVERAGE(L9:M9, P9:Q9, T9:U9, X9:Y9)/100), "")) | AD9: =IF(ISERROR(AA9/8),"",(AA9/8)) | AE9: =IF(OR(L9="改紡", L9="檢修", L9="了機"), "", IF(AND(C9<>"", J9<>""), IFERROR((SUM(J9, N9, R9, V9) - SUM(K9, O9, S9, W9))/24 * AG9, ""), "") ) | AF9: =LEFT(B9,1) -> A | AG9: 1 | AH9: NA | AI9: NA | AJ9: NA | AK9: NA | AS9: =IF(TEXT(RIGHT(F9,2),) = "×2","雙","單") -> 單 | AT9: =IF(OR(AF9="J", AF9="T", AF9="M"), IF(AG9=1, "全", "半"), IF(AF9="A", IF(AG9=0.5, IF(AS9="雙", "全", ""), IF(AG9=1, IF(AS9="雙", "半", "全"), IF(AG9=2, "半", "") ) ), IF(AF9="S", TEXT(AG9 & "sec", "text"), "") )) -> 全 | AU9: =IF(MID(E9,3,1)="/",LEFT(E9,2),LEFT(E9,3)) | AV9: =IF(ISERROR((IF(AF9="S",AG9*AU9*G9*AC9/18*0.03456/100/1000, AU9*G9*AC9* (IF(OR(AND(AS9="單",AT9="全",OR(AF9="A",AF9="M")),AND(AS9="單",AT9="全",OR(AF9="T",AF9="J"))),1,0)+ IF(OR(AND(AS9="雙",AT9="全",OR(AF9="A",AF9="M")),AND(AS9="雙",AT9="半",OR(AF9="T",AF9="J"))),1,0)+ IF(AND(AS9="雙",AT9="全",OR(AF9="T",AF9="J")),2,0)+ IF(AND(AS9="單",AT9="半",OR(AF9="A",AF9="M")),0.5,0)+ IF(OR(AND(AS9="雙",AT9="半",OR(AF9="A",AF9="M")),AND(AS9="單",AT9="半",OR(AF9="T",AF9="J"))),0.5,0) )*0.03456/100/1000 ))),"",((IF(AF9="S",AG9*AU9*G9*AC9/18*0.03456/100/1000, AU9*G9*AC9* (IF(OR(AND(AS9="單",AT9="全",OR(AF9="A",AF9="M")),AND(AS9="單",AT9="全",OR(AF9="T",AF9="J"))),1,0)+ IF(OR(AND(AS9="雙",AT9="全",OR(AF9="A",AF9="M")),AND(AS9="雙",AT9="半",OR(AF9="T",AF9="J"))),1,0)+ IF(AND(AS9="雙",AT9="全",OR(AF9="T",AF9="J")),2,0)+ IF(AND(AS9="單",AT9="半",OR(AF9="A",AF9="M")),0.5,0)+ IF(OR(AND(AS9="雙",AT9="半",OR(AF9="A",AF9="M")),AND(AS9="單",AT9="半",OR(AF9="T",AF9="J"))),0.5,0) )*0.03456/100/1000 ))))
A10: =A9 -> 46174 | B10: A15 | C10: 2F43P2 | E10: =IF(ISNA(VLOOKUP(C10,條件!$A$1:$G$1021,5,0)),"",(VLOOKUP(C10,條件!$A$1:$G$1021,5,0))) -> 150/48CDR | F10: =IF(ISNA(VLOOKUP(C10,條件!$A$1:$G$1021,6,0)),"",(VLOOKUP(C10,條件!$A$1:$G$1021,6,0))) -> FP82781 | G10: =IF(ISNA(VLOOKUP(C10,條件!$A$1:$G$1021,7,0)),"",(VLOOKUP(C10,條件!$A$1:$G$1021,7,0))) -> 600 | H10: =IF(ISNA(VLOOKUP(C10,條件!$A$1:$K$1021,11,0)),"",(VLOOKUP(C10,條件!$A$1:$K$1021,11,0))) -> 綠藍雙色 | I10: =IF(ISNA(VLOOKUP(C10,條件!$A$1:$L$1021,12,0)),"",(VLOOKUP(C10,條件!$A$1:$L$1021,12,0))) -> 5 | J10: 11 | K10: 3 | L10: 9210 | M10: 8831 | R10: 8 | S10: 0 | T10: 9265 | U10: 8866 | V10: 17 | W10: 2 | X10: 9261 | Y10: 8916 | Z10: =IFERROR(VLOOKUP(C10, 條件!$A:$L, 3, 0), "") -> 2.8685259 | AA10: =IF(OR(L10={"改紡","檢修","了機","清車","FINAL","停機","SAMPLE","TEST","絲開發","待料","跳車"}), L10, IFERROR(IF(C10="", "", (SUM(J10, N10, R10, V10)/3 * AG10) * IF(AND(AF10="S", AS10="雙"), 0.5, 1)), "")) -> 12 | AB10: =IF(K10="","",IF(ISERROR(1-(SUM(K10,O10,S10,W10)/208/Z10)),"",(1-(SUM(K10,O10,S10,W10)/208/Z10)))) -> 0.99161993 | AC10: =IF(OR(L10={"改紡","檢修","了機","清車","FINAL","停機","SAMPLE","TEST"}), "", IFERROR(IF(C10="", "", AVERAGE(L10:M10, P10:Q10, T10:U10, X10:Y10)/100), "")) -> 90.581667 | AD10: =IF(ISERROR(AA10/8),"",(AA10/8)) -> 1.5 | AE10: =IF(OR(L10="改紡", L10="檢修", L10="了機"), "", IF(AND(C10<>"", J10<>""), IFERROR((SUM(J10, N10, R10, V10) - SUM(K10, O10, S10, W10))/24 * AG10, ""), "") ) -> 1.2916667 | AF10: =LEFT(B10,1) -> A | AG10: 1 | AH10: JOHNDEL | AI10: DENNIS | AJ10: DENNIS | AK10: CHALS | AL10: 54 | AM10: 46160 | AN10: 46161 | AO10: 46162 | AS10: =IF(TEXT(RIGHT(F10,2),) = "×2","雙","單") -> 單 | AT10: =IF(OR(AF10="J", AF10="T", AF10="M"), IF(AG10=1, "全", "半"), IF(AF10="A", IF(AG10=0.5, IF(AS10="雙", "全", ""), IF(AG10=1, IF(AS10="雙", "半", "全"), IF(AG10=2, "半", "") ) ), IF(AF10="S", TEXT(AG10 & "sec", "text"), "") )) -> 全 | AU10: =IF(MID(E10,3,1)="/",LEFT(E10,2),LEFT(E10,3)) -> 150 | AV10: =IF(ISERROR((IF(AF10="S",AG10*AU10*G10*AC10/18*0.03456/100/1000, AU10*G10*AC10* (IF(OR(AND(AS10="單",AT10="全",OR(AF10="A",AF10="M")),AND(AS10="單",AT10="全",OR(AF10="T",AF10="J"))),1,0)+ IF(OR(AND(AS10="雙",AT10="全",OR(AF10="A",AF10="M")),AND(AS10="雙",AT10="半",OR(AF10="T",AF10="J"))),1,0)+ IF(AND(AS10="雙",AT10="全",OR(AF10="T",AF10="J")),2,0)+ IF(AND(AS10="單",AT10="半",OR(AF10="A",AF10="M")),0.5,0)+ IF(OR(AND(AS10="雙",AT10="半",OR(AF10="A",AF10="M")),AND(AS10="單",AT10="半",OR(AF10="T",AF10="J"))),0.5,0) )*0.03456/100/1000 ))),"",((IF(AF10="S",AG10*AU10*G10*AC10/18*0.03456/100/1000, AU10*G10*AC10* (IF(OR(AND(AS10="單",AT10="全",OR(AF10="A",AF10="M")),AND(AS10="單",AT10="全",OR(AF10="T",AF10="J"))),1,0)+ IF(OR(AND(AS10="雙",AT10="全",OR(AF10="A",AF10="M")),AND(AS10="雙",AT10="半",OR(AF10="T",AF10="J"))),1,0)+ IF(AND(AS10="雙",AT10="全",OR(AF10="T",AF10="J")),2,0)+ IF(AND(AS10="單",AT10="半",OR(AF10="A",AF10="M")),0.5,0)+ IF(OR(AND(AS10="雙",AT10="半",OR(AF10="A",AF10="M")),AND(AS10="單",AT10="半",OR(AF10="T",AF10="J"))),0.5,0) )*0.03456/100/1000 )))) -> 2.8174522
A11: =A10 -> 46174 | B11: A16 | C11: 停機 | E11: =IF(ISNA(VLOOKUP(C11,條件!$A$1:$G$1021,5,0)),"",(VLOOKUP(C11,條件!$A$1:$G$1021,5,0))) | F11: =IF(ISNA(VLOOKUP(C11,條件!$A$1:$G$1021,6,0)),"",(VLOOKUP(C11,條件!$A$1:$G$1021,6,0))) | G11: =IF(ISNA(VLOOKUP(C11,條件!$A$1:$G$1021,7,0)),"",(VLOOKUP(C11,條件!$A$1:$G$1021,7,0))) | H11: =IF(ISNA(VLOOKUP(C11,條件!$A$1:$K$1021,11,0)),"",(VLOOKUP(C11,條件!$A$1:$K$1021,11,0))) | I11: =IF(ISNA(VLOOKUP(C11,條件!$A$1:$L$1021,12,0)),"",(VLOOKUP(C11,條件!$A$1:$L$1021,12,0))) | L11: 停機 | P11: 停機 | T11: 停機 | X11: 停機 | Z11: =IFERROR(VLOOKUP(C11, 條件!$A:$L, 3, 0), "") | AA11: =IF(OR(L11={"改紡","檢修","了機","清車","FINAL","停機","SAMPLE","TEST","絲開發","待料","跳車"}), L11, IFERROR(IF(C11="", "", (SUM(J11, N11, R11, V11)/3 * AG11) * IF(AND(AF11="S", AS11="雙"), 0.5, 1)), "")) -> 停機 | AB11: =IF(K11="","",IF(ISERROR(1-(SUM(K11,O11,S11,W11)/208/Z11)),"",(1-(SUM(K11,O11,S11,W11)/208/Z11)))) | AC11: =IF(OR(L11={"改紡","檢修","了機","清車","FINAL","停機","SAMPLE","TEST"}), "", IFERROR(IF(C11="", "", AVERAGE(L11:M11, P11:Q11, T11:U11, X11:Y11)/100), "")) | AD11: =IF(ISERROR(AA11/8),"",(AA11/8)) | AE11: =IF(OR(L11="改紡", L11="檢修", L11="了機"), "", IF(AND(C11<>"", J11<>""), IFERROR((SUM(J11, N11, R11, V11) - SUM(K11, O11, S11, W11))/24 * AG11, ""), "") ) | AF11: =LEFT(B11,1) -> A | AG11: 1 | AH11: JOHNDEL | AI11: DENNIS | AJ11: DENNIS | AK11: NA | AL11: 57 | AM11: 46173 | AN11: 46174 | AS11: =IF(TEXT(RIGHT(F11,2),) = "×2","雙","單") -> 單 | AT11: =IF(OR(AF11="J", AF11="T", AF11="M"), IF(AG11=1, "全", "半"), IF(AF11="A", IF(AG11=0.5, IF(AS11="雙", "全", ""), IF(AG11=1, IF(AS11="雙", "半", "全"), IF(AG11=2, "半", "") ) ), IF(AF11="S", TEXT(AG11 & "sec", "text"), "") )) -> 全 | AU11: =IF(MID(E11,3,1)="/",LEFT(E11,2),LEFT(E11,3)) | AV11: =IF(ISERROR((IF(AF11="S",AG11*AU11*G11*AC11/18*0.03456/100/1000, AU11*G11*AC11* (IF(OR(AND(AS11="單",AT11="全",OR(AF11="A",AF11="M")),AND(AS11="單",AT11="全",OR(AF11="T",AF11="J"))),1,0)+ IF(OR(AND(AS11="雙",AT11="全",OR(AF11="A",AF11="M")),AND(AS11="雙",AT11="半",OR(AF11="T",AF11="J"))),1,0)+ IF(AND(AS11="雙",AT11="全",OR(AF11="T",AF11="J")),2,0)+ IF(AND(AS11="單",AT11="半",OR(AF11="A",AF11="M")),0.5,0)+ IF(OR(AND(AS11="雙",AT11="半",OR(AF11="A",AF11="M")),AND(AS11="單",AT11="半",OR(AF11="T",AF11="J"))),0.5,0) )*0.03456/100/1000 ))),"",((IF(AF11="S",AG11*AU11*G11*AC11/18*0.03456/100/1000, AU11*G11*AC11* (IF(OR(AND(AS11="單",AT11="全",OR(AF11="A",AF11="M")),AND(AS11="單",AT11="全",OR(AF11="T",AF11="J"))),1,0)+ IF(OR(AND(AS11="雙",AT11="全",OR(AF11="A",AF11="M")),AND(AS11="雙",AT11="半",OR(AF11="T",AF11="J"))),1,0)+ IF(AND(AS11="雙",AT11="全",OR(AF11="T",AF11="J")),2,0)+ IF(AND(AS11="單",AT11="半",OR(AF11="A",AF11="M")),0.5,0)+ IF(OR(AND(AS11="雙",AT11="半",OR(AF11="A",AF11="M")),AND(AS11="單",AT11="半",OR(AF11="T",AF11="J"))),0.5,0) )*0.03456/100/1000 ))))
A12: =A11 -> 46174 | B12: A17 | C12: 停機 | E12: =IF(ISNA(VLOOKUP(C12,條件!$A$1:$G$1021,5,0)),"",(VLOOKUP(C12,條件!$A$1:$G$1021,5,0))) | F12: =IF(ISNA(VLOOKUP(C12,條件!$A$1:$G$1021,6,0)),"",(VLOOKUP(C12,條件!$A$1:$G$1021,6,0))) | G12: =IF(ISNA(VLOOKUP(C12,條件!$A$1:$G$1021,7,0)),"",(VLOOKUP(C12,條件!$A$1:$G$1021,7,0))) | H12: =IF(ISNA(VLOOKUP(C12,條件!$A$1:$K$1021,11,0)),"",(VLOOKUP(C12,條件!$A$1:$K$1021,11,0))) | I12: =IF(ISNA(VLOOKUP(C12,條件!$A$1:$L$1021,12,0)),"",(VLOOKUP(C12,條件!$A$1:$L$1021,12,0))) | L12: 停機 | P12: 停機 | T12: 停機 | X12: 停機 | Z12: =IFERROR(VLOOKUP(C12, 條件!$A:$L, 3, 0), "") | AA12: =IF(OR(L12={"改紡","檢修","了機","清車","FINAL","停機","SAMPLE","TEST","絲開發","待料","跳車"}), L12, IFERROR(IF(C12="", "", (SUM(J12, N12, R12, V12)/3 * AG12) * IF(AND(AF12="S", AS12="雙"), 0.5, 1)), "")) -> 停機 | AB12: =IF(K12="","",IF(ISERROR(1-(SUM(K12,O12,S12,W12)/208/Z12)),"",(1-(SUM(K12,O12,S12,W12)/208/Z12)))) | AC12: =IF(OR(L12={"改紡","檢修","了機","清車","FINAL","停機","SAMPLE","TEST"}), "", IFERROR(IF(C12="", "", AVERAGE(L12:M12, P12:Q12, T12:U12, X12:Y12)/100), "")) | AD12: =IF(ISERROR(AA12/8),"",(AA12/8)) | AE12: =IF(OR(L12="改紡", L12="檢修", L12="了機"), "", IF(AND(C12<>"", J12<>""), IFERROR((SUM(J12, N12, R12, V12) - SUM(K12, O12, S12, W12))/24 * AG12, ""), "") ) | AF12: =LEFT(B12,1) -> A | AG12: 1 | AH12: NA | AI12: NA | AJ12: NA | AK12: NA | AS12: =IF(TEXT(RIGHT(F12,2),) = "×2","雙","單") -> 單 | AT12: =IF(OR(AF12="J", AF12="T", AF12="M"), IF(AG12=1, "全", "半"), IF(AF12="A", IF(AG12=0.5, IF(AS12="雙", "全", ""), IF(AG12=1, IF(AS12="雙", "半", "全"), IF(AG12=2, "半", "") ) ), IF(AF12="S", TEXT(AG12 & "sec", "text"), "") )) -> 全 | AU12: =IF(MID(E12,3,1)="/",LEFT(E12,2),LEFT(E12,3)) | AV12: =IF(ISERROR((IF(AF12="S",AG12*AU12*G12*AC12/18*0.03456/100/1000, AU12*G12*AC12* (IF(OR(AND(AS12="單",AT12="全",OR(AF12="A",AF12="M")),AND(AS12="單",AT12="全",OR(AF12="T",AF12="J"))),1,0)+ IF(OR(AND(AS12="雙",AT12="全",OR(AF12="A",AF12="M")),AND(AS12="雙",AT12="半",OR(AF12="T",AF12="J"))),1,0)+ IF(AND(AS12="雙",AT12="全",OR(AF12="T",AF12="J")),2,0)+ IF(AND(AS12="單",AT12="半",OR(AF12="A",AF12="M")),0.5,0)+ IF(OR(AND(AS12="雙",AT12="半",OR(AF12="A",AF12="M")),AND(AS12="單",AT12="半",OR(AF12="T",AF12="J"))),0.5,0) )*0.03456/100/1000 ))),"",((IF(AF12="S",AG12*AU12*G12*AC12/18*0.03456/100/1000, AU12*G12*AC12* (IF(OR(AND(AS12="單",AT12="全",OR(AF12="A",AF12="M")),AND(AS12="單",AT12="全",OR(AF12="T",AF12="J"))),1,0)+ IF(OR(AND(AS12="雙",AT12="全",OR(AF12="A",AF12="M")),AND(AS12="雙",AT12="半",OR(AF12="T",AF12="J"))),1,0)+ IF(AND(AS12="雙",AT12="全",OR(AF12="T",AF12="J")),2,0)+ IF(AND(AS12="單",AT12="半",OR(AF12="A",AF12="M")),0.5,0)+ IF(OR(AND(AS12="雙",AT12="半",OR(AF12="A",AF12="M")),AND(AS12="單",AT12="半",OR(AF12="T",AF12="J"))),0.5,0) )*0.03456/100/1000 ))))
A13: =A12 -> 46174 | B13: A18 | C13: 停機 | E13: =IF(ISNA(VLOOKUP(C13,條件!$A$1:$G$1021,5,0)),"",(VLOOKUP(C13,條件!$A$1:$G$1021,5,0))) | F13: =IF(ISNA(VLOOKUP(C13,條件!$A$1:$G$1021,6,0)),"",(VLOOKUP(C13,條件!$A$1:$G$1021,6,0))) | G13: =IF(ISNA(VLOOKUP(C13,條件!$A$1:$G$1021,7,0)),"",(VLOOKUP(C13,條件!$A$1:$G$1021,7,0))) | H13: =IF(ISNA(VLOOKUP(C13,條件!$A$1:$K$1021,11,0)),"",(VLOOKUP(C13,條件!$A$1:$K$1021,11,0))) | I13: =IF(ISNA(VLOOKUP(C13,條件!$A$1:$L$1021,12,0)),"",(VLOOKUP(C13,條件!$A$1:$L$1021,12,0))) | L13: 停機 | P13: 停機 | T13: 停機 | X13: 停機 | Z13: =IFERROR(VLOOKUP(C13, 條件!$A:$L, 3, 0), "") | AA13: =IF(OR(L13={"改紡","檢修","了機","清車","FINAL","停機","SAMPLE","TEST","絲開發","待料","跳車"}), L13, IFERROR(IF(C13="", "", (SUM(J13, N13, R13, V13)/3 * AG13) * IF(AND(AF13="S", AS13="雙"), 0.5, 1)), "")) -> 停機 | AB13: =IF(K13="","",IF(ISERROR(1-(SUM(K13,O13,S13,W13)/208/Z13)),"",(1-(SUM(K13,O13,S13,W13)/208/Z13)))) | AC13: =IF(OR(L13={"改紡","檢修","了機","清車","FINAL","停機","SAMPLE","TEST"}), "", IFERROR(IF(C13="", "", AVERAGE(L13:M13, P13:Q13, T13:U13, X13:Y13)/100), "")) | AD13: =IF(ISERROR(AA13/8),"",(AA13/8)) | AE13: =IF(OR(L13="改紡", L13="檢修", L13="了機"), "", IF(AND(C13<>"", J13<>""), IFERROR((SUM(J13, N13, R13, V13) - SUM(K13, O13, S13, W13))/24 * AG13, ""), "") ) | AF13: =LEFT(B13,1) -> A | AG13: 1 | AH13: NA | AI13: NA | AJ13: NA | AK13: NA | AS13: =IF(TEXT(RIGHT(F13,2),) = "×2","雙","單") -> 單 | AT13: =IF(OR(AF13="J", AF13="T", AF13="M"), IF(AG13=1, "全", "半"), IF(AF13="A", IF(AG13=0.5, IF(AS13="雙", "全", ""), IF(AG13=1, IF(AS13="雙", "半", "全"), IF(AG13=2, "半", "") ) ), IF(AF13="S", TEXT(AG13 & "sec", "text"), "") )) -> 全 | AU13: =IF(MID(E13,3,1)="/",LEFT(E13,2),LEFT(E13,3)) | AV13: =IF(ISERROR((IF(AF13="S",AG13*AU13*G13*AC13/18*0.03456/100/1000, AU13*G13*AC13* (IF(OR(AND(AS13="單",AT13="全",OR(AF13="A",AF13="M")),AND(AS13="單",AT13="全",OR(AF13="T",AF13="J"))),1,0)+ IF(OR(AND(AS13="雙",AT13="全",OR(AF13="A",AF13="M")),AND(AS13="雙",AT13="半",OR(AF13="T",AF13="J"))),1,0)+ IF(AND(AS13="雙",AT13="全",OR(AF13="T",AF13="J")),2,0)+ IF(AND(AS13="單",AT13="半",OR(AF13="A",AF13="M")),0.5,0)+ IF(OR(AND(AS13="雙",AT13="半",OR(AF13="A",AF13="M")),AND(AS13="單",AT13="半",OR(AF13="T",AF13="J"))),0.5,0) )*0.03456/100/1000 ))),"",((IF(AF13="S",AG13*AU13*G13*AC13/18*0.03456/100/1000, AU13*G13*AC13* (IF(OR(AND(AS13="單",AT13="全",OR(AF13="A",AF13="M")),AND(AS13="單",AT13="全",OR(AF13="T",AF13="J"))),1,0)+ IF(OR(AND(AS13="雙",AT13="全",OR(AF13="A",AF13="M")),AND(AS13="雙",AT13="半",OR(AF13="T",AF13="J"))),1,0)+ IF(AND(AS13="雙",AT13="全",OR(AF13="T",AF13="J")),2,0)+ IF(AND(AS13="單",AT13="半",OR(AF13="A",AF13="M")),0.5,0)+ IF(OR(AND(AS13="雙",AT13="半",OR(AF13="A",AF13="M")),AND(AS13="單",AT13="半",OR(AF13="T",AF13="J"))),0.5,0) )*0.03456/100/1000 ))))
A14: =A13 -> 46174 | B14: A19 | C14: 停機 | E14: =IF(ISNA(VLOOKUP(C14,條件!$A$1:$G$1021,5,0)),"",(VLOOKUP(C14,條件!$A$1:$G$1021,5,0))) | F14: =IF(ISNA(VLOOKUP(C14,條件!$A$1:$G$1021,6,0)),"",(VLOOKUP(C14,條件!$A$1:$G$1021,6,0))) | G14: =IF(ISNA(VLOOKUP(C14,條件!$A$1:$G$1021,7,0)),"",(VLOOKUP(C14,條件!$A$1:$G$1021,7,0))) | H14: =IF(ISNA(VLOOKUP(C14,條件!$A$1:$K$1021,11,0)),"",(VLOOKUP(C14,條件!$A$1:$K$1021,11,0))) | I14: =IF(ISNA(VLOOKUP(C14,條件!$A$1:$L$1021,12,0)),"",(VLOOKUP(C14,條件!$A$1:$L$1021,12,0))) | L14: 停機 | P14: 停機 | T14: 停機 | X14: 停機 | Z14: =IFERROR(VLOOKUP(C14, 條件!$A:$L, 3, 0), "") | AA14: =IF(OR(L14={"改紡","檢修","了機","清車","FINAL","停機","SAMPLE","TEST","絲開發","待料","跳車"}), L14, IFERROR(IF(C14="", "", (SUM(J14, N14, R14, V14)/3 * AG14) * IF(AND(AF14="S", AS14="雙"), 0.5, 1)), "")) -> 停機 | AB14: =IF(K14="","",IF(ISERROR(1-(SUM(K14,O14,S14,W14)/208/Z14)),"",(1-(SUM(K14,O14,S14,W14)/208/Z14)))) | AC14: =IF(OR(L14={"改紡","檢修","了機","清車","FINAL","停機","SAMPLE","TEST"}), "", IFERROR(IF(C14="", "", AVERAGE(L14:M14, P14:Q14, T14:U14, X14:Y14)/100), "")) | AD14: =IF(ISERROR(AA14/8),"",(AA14/8)) | AE14: =IF(OR(L14="改紡", L14="檢修", L14="了機"), "", IF(AND(C14<>"", J14<>""), IFERROR((SUM(J14, N14, R14, V14) - SUM(K14, O14, S14, W14))/24 * AG14, ""), "") ) | AF14: =LEFT(B14,1) -> A | AG14: 1 | AH14: NA | AI14: NA | AJ14: NA | AK14: NA | AS14: =IF(TEXT(RIGHT(F14,2),) = "×2","雙","單") -> 單 | AT14: =IF(OR(AF14="J", AF14="T", AF14="M"), IF(AG14=1, "全", "半"), IF(AF14="A", IF(AG14=0.5, IF(AS14="雙", "全", ""), IF(AG14=1, IF(AS14="雙", "半", "全"), IF(AG14=2, "半", "") ) ), IF(AF14="S", TEXT(AG14 & "sec", "text"), "") )) -> 全 | AU14: =IF(MID(E14,3,1)="/",LEFT(E14,2),LEFT(E14,3)) | AV14: =IF(ISERROR((IF(AF14="S",AG14*AU14*G14*AC14/18*0.03456/100/1000, AU14*G14*AC14* (IF(OR(AND(AS14="單",AT14="全",OR(AF14="A",AF14="M")),AND(AS14="單",AT14="全",OR(AF14="T",AF14="J"))),1,0)+ IF(OR(AND(AS14="雙",AT14="全",OR(AF14="A",AF14="M")),AND(AS14="雙",AT14="半",OR(AF14="T",AF14="J"))),1,0)+ IF(AND(AS14="雙",AT14="全",OR(AF14="T",AF14="J")),2,0)+ IF(AND(AS14="單",AT14="半",OR(AF14="A",AF14="M")),0.5,0)+ IF(OR(AND(AS14="雙",AT14="半",OR(AF14="A",AF14="M")),AND(AS14="單",AT14="半",OR(AF14="T",AF14="J"))),0.5,0) )*0.03456/100/1000 ))),"",((IF(AF14="S",AG14*AU14*G14*AC14/18*0.03456/100/1000, AU14*G14*AC14* (IF(OR(AND(AS14="單",AT14="全",OR(AF14="A",AF14="M")),AND(AS14="單",AT14="全",OR(AF14="T",AF14="J"))),1,0)+ IF(OR(AND(AS14="雙",AT14="全",OR(AF14="A",AF14="M")),AND(AS14="雙",AT14="半",OR(AF14="T",AF14="J"))),1,0)+ IF(AND(AS14="雙",AT14="全",OR(AF14="T",AF14="J")),2,0)+ IF(AND(AS14="單",AT14="半",OR(AF14="A",AF14="M")),0.5,0)+ IF(OR(AND(AS14="雙",AT14="半",OR(AF14="A",AF14="M")),AND(AS14="單",AT14="半",OR(AF14="T",AF14="J"))),0.5,0) )*0.03456/100/1000 ))))
A15: =A14 -> 46174 | B15: A20 | C15: 停機 | E15: =IF(ISNA(VLOOKUP(C15,條件!$A$1:$G$1021,5,0)),"",(VLOOKUP(C15,條件!$A$1:$G$1021,5,0))) | F15: =IF(ISNA(VLOOKUP(C15,條件!$A$1:$G$1021,6,0)),"",(VLOOKUP(C15,條件!$A$1:$G$1021,6,0))) | G15: =IF(ISNA(VLOOKUP(C15,條件!$A$1:$G$1021,7,0)),"",(VLOOKUP(C15,條件!$A$1:$G$1021,7,0))) | H15: =IF(ISNA(VLOOKUP(C15,條件!$A$1:$K$1021,11,0)),"",(VLOOKUP(C15,條件!$A$1:$K$1021,11,0))) | I15: =IF(ISNA(VLOOKUP(C15,條件!$A$1:$L$1021,12,0)),"",(VLOOKUP(C15,條件!$A$1:$L$1021,12,0))) | L15: 停機 | P15: 停機 | T15: 停機 | X15: 停機 | Z15: =IFERROR(VLOOKUP(C15, 條件!$A:$L, 3, 0), "") | AA15: =IF(OR(L15={"改紡","檢修","了機","清車","FINAL","停機","SAMPLE","TEST","絲開發","待料","跳車"}), L15, IFERROR(IF(C15="", "", (SUM(J15, N15, R15, V15)/3 * AG15) * IF(AND(AF15="S", AS15="雙"), 0.5, 1)), "")) -> 停機 | AB15: =IF(K15="","",IF(ISERROR(1-(SUM(K15,O15,S15,W15)/208/Z15)),"",(1-(SUM(K15,O15,S15,W15)/208/Z15)))) | AC15: =IF(OR(L15={"改紡","檢修","了機","清車","FINAL","停機","SAMPLE","TEST"}), "", IFERROR(IF(C15="", "", AVERAGE(L15:M15, P15:Q15, T15:U15, X15:Y15)/100), "")) | AD15: =IF(ISERROR(AA15/8),"",(AA15/8)) | AE15: =IF(OR(L15="改紡", L15="檢修", L15="了機"), "", IF(AND(C15<>"", J15<>""), IFERROR((SUM(J15, N15, R15, V15) - SUM(K15, O15, S15, W15))/24 * AG15, ""), "") ) | AF15: =LEFT(B15,1) -> A | AG15: 1 | AH15: NA | AI15: NA | AJ15: NA | AK15: NA | AS15: =IF(TEXT(RIGHT(F15,2),) = "×2","雙","單") -> 單 | AT15: =IF(OR(AF15="J", AF15="T", AF15="M"), IF(AG15=1, "全", "半"), IF(AF15="A", IF(AG15=0.5, IF(AS15="雙", "全", ""), IF(AG15=1, IF(AS15="雙", "半", "全"), IF(AG15=2, "半", "") ) ), IF(AF15="S", TEXT(AG15 & "sec", "text"), "") )) -> 全 | AU15: =IF(MID(E15,3,1)="/",LEFT(E15,2),LEFT(E15,3)) | AV15: =IF(ISERROR((IF(AF15="S",AG15*AU15*G15*AC15/18*0.03456/100/1000, AU15*G15*AC15* (IF(OR(AND(AS15="單",AT15="全",OR(AF15="A",AF15="M")),AND(AS15="單",AT15="全",OR(AF15="T",AF15="J"))),1,0)+ IF(OR(AND(AS15="雙",AT15="全",OR(AF15="A",AF15="M")),AND(AS15="雙",AT15="半",OR(AF15="T",AF15="J"))),1,0)+ IF(AND(AS15="雙",AT15="全",OR(AF15="T",AF15="J")),2,0)+ IF(AND(AS15="單",AT15="半",OR(AF15="A",AF15="M")),0.5,0)+ IF(OR(AND(AS15="雙",AT15="半",OR(AF15="A",AF15="M")),AND(AS15="單",AT15="半",OR(AF15="T",AF15="J"))),0.5,0) )*0.03456/100/1000 ))),"",((IF(AF15="S",AG15*AU15*G15*AC15/18*0.03456/100/1000, AU15*G15*AC15* (IF(OR(AND(AS15="單",AT15="全",OR(AF15="A",AF15="M")),AND(AS15="單",AT15="全",OR(AF15="T",AF15="J"))),1,0)+ IF(OR(AND(AS15="雙",AT15="全",OR(AF15="A",AF15="M")),AND(AS15="雙",AT15="半",OR(AF15="T",AF15="J"))),1,0)+ IF(AND(AS15="雙",AT15="全",OR(AF15="T",AF15="J")),2,0)+ IF(AND(AS15="單",AT15="半",OR(AF15="A",AF15="M")),0.5,0)+ IF(OR(AND(AS15="雙",AT15="半",OR(AF15="A",AF15="M")),AND(AS15="單",AT15="半",OR(AF15="T",AF15="J"))),0.5,0) )*0.03456/100/1000 ))))
A16: =A15 -> 46174 | B16: A21 | C16: 停機 | E16: =IF(ISNA(VLOOKUP(C16,條件!$A$1:$G$1021,5,0)),"",(VLOOKUP(C16,條件!$A$1:$G$1021,5,0))) | F16: =IF(ISNA(VLOOKUP(C16,條件!$A$1:$G$1021,6,0)),"",(VLOOKUP(C16,條件!$A$1:$G$1021,6,0))) | G16: =IF(ISNA(VLOOKUP(C16,條件!$A$1:$G$1021,7,0)),"",(VLOOKUP(C16,條件!$A$1:$G$1021,7,0))) | H16: =IF(ISNA(VLOOKUP(C16,條件!$A$1:$K$1021,11,0)),"",(VLOOKUP(C16,條件!$A$1:$K$1021,11,0))) | I16: =IF(ISNA(VLOOKUP(C16,條件!$A$1:$L$1021,12,0)),"",(VLOOKUP(C16,條件!$A$1:$L$1021,12,0))) | L16: 停機 | P16: 停機 | T16: 停機 | X16: 停機 | Z16: =IFERROR(VLOOKUP(C16, 條件!$A:$L, 3, 0), "") | AA16: =IF(OR(L16={"改紡","檢修","了機","清車","FINAL","停機","SAMPLE","TEST","絲開發","待料","跳車"}), L16, IFERROR(IF(C16="", "", (SUM(J16, N16, R16, V16)/3 * AG16) * IF(AND(AF16="S", AS16="雙"), 0.5, 1)), "")) -> 停機 | AB16: =IF(K16="","",IF(ISERROR(1-(SUM(K16,O16,S16,W16)/208/Z16)),"",(1-(SUM(K16,O16,S16,W16)/208/Z16)))) | AC16: =IF(OR(L16={"改紡","檢修","了機","清車","FINAL","停機","SAMPLE","TEST"}), "", IFERROR(IF(C16="", "", AVERAGE(L16:M16, P16:Q16, T16:U16, X16:Y16)/100), "")) | AD16: =IF(ISERROR(AA16/8),"",(AA16/8)) | AE16: =IF(OR(L16="改紡", L16="檢修", L16="了機"), "", IF(AND(C16<>"", J16<>""), IFERROR((SUM(J16, N16, R16, V16) - SUM(K16, O16, S16, W16))/24 * AG16, ""), "") ) | AF16: =LEFT(B16,1) -> A | AG16: 1 | AH16: NA | AI16: NA | AJ16: NA | AK16: NA | AS16: =IF(TEXT(RIGHT(F16,2),) = "×2","雙","單") -> 單 | AT16: =IF(OR(AF16="J", AF16="T", AF16="M"), IF(AG16=1, "全", "半"), IF(AF16="A", IF(AG16=0.5, IF(AS16="雙", "全", ""), IF(AG16=1, IF(AS16="雙", "半", "全"), IF(AG16=2, "半", "") ) ), IF(AF16="S", TEXT(AG16 & "sec", "text"), "") )) -> 全 | AU16: =IF(MID(E16,3,1)="/",LEFT(E16,2),LEFT(E16,3)) | AV16: =IF(ISERROR((IF(AF16="S",AG16*AU16*G16*AC16/18*0.03456/100/1000, AU16*G16*AC16* (IF(OR(AND(AS16="單",AT16="全",OR(AF16="A",AF16="M")),AND(AS16="單",AT16="全",OR(AF16="T",AF16="J"))),1,0)+ IF(OR(AND(AS16="雙",AT16="全",OR(AF16="A",AF16="M")),AND(AS16="雙",AT16="半",OR(AF16="T",AF16="J"))),1,0)+ IF(AND(AS16="雙",AT16="全",OR(AF16="T",AF16="J")),2,0)+ IF(AND(AS16="單",AT16="半",OR(AF16="A",AF16="M")),0.5,0)+ IF(OR(AND(AS16="雙",AT16="半",OR(AF16="A",AF16="M")),AND(AS16="單",AT16="半",OR(AF16="T",AF16="J"))),0.5,0) )*0.03456/100/1000 ))),"",((IF(AF16="S",AG16*AU16*G16*AC16/18*0.03456/100/1000, AU16*G16*AC16* (IF(OR(AND(AS16="單",AT16="全",OR(AF16="A",AF16="M")),AND(AS16="單",AT16="全",OR(AF16="T",AF16="J"))),1,0)+ IF(OR(AND(AS16="雙",AT16="全",OR(AF16="A",AF16="M")),AND(AS16="雙",AT16="半",OR(AF16="T",AF16="J"))),1,0)+ IF(AND(AS16="雙",AT16="全",OR(AF16="T",AF16="J")),2,0)+ IF(AND(AS16="單",AT16="半",OR(AF16="A",AF16="M")),0.5,0)+ IF(OR(AND(AS16="雙",AT16="半",OR(AF16="A",AF16="M")),AND(AS16="單",AT16="半",OR(AF16="T",AF16="J"))),0.5,0) )*0.03456/100/1000 ))))
A17: =A16 -> 46174 | B17: A22 | C17: 停機 | E17: =IF(ISNA(VLOOKUP(C17,條件!$A$1:$G$1021,5,0)),"",(VLOOKUP(C17,條件!$A$1:$G$1021,5,0))) | F17: =IF(ISNA(VLOOKUP(C17,條件!$A$1:$G$1021,6,0)),"",(VLOOKUP(C17,條件!$A$1:$G$1021,6,0))) | G17: =IF(ISNA(VLOOKUP(C17,條件!$A$1:$G$1021,7,0)),"",(VLOOKUP(C17,條件!$A$1:$G$1021,7,0))) | H17: =IF(ISNA(VLOOKUP(C17,條件!$A$1:$K$1021,11,0)),"",(VLOOKUP(C17,條件!$A$1:$K$1021,11,0))) | I17: =IF(ISNA(VLOOKUP(C17,條件!$A$1:$L$1021,12,0)),"",(VLOOKUP(C17,條件!$A$1:$L$1021,12,0))) | L17: 停機 | P17: 停機 | T17: 停機 | X17: 停機 | Z17: =IFERROR(VLOOKUP(C17, 條件!$A:$L, 3, 0), "") | AA17: =IF(OR(L17={"改紡","檢修","了機","清車","FINAL","停機","SAMPLE","TEST","絲開發","待料","跳車"}), L17, IFERROR(IF(C17="", "", (SUM(J17, N17, R17, V17)/3 * AG17) * IF(AND(AF17="S", AS17="雙"), 0.5, 1)), "")) -> 停機 | AB17: =IF(K17="","",IF(ISERROR(1-(SUM(K17,O17,S17,W17)/208/Z17)),"",(1-(SUM(K17,O17,S17,W17)/208/Z17)))) | AC17: =IF(OR(L17={"改紡","檢修","了機","清車","FINAL","停機","SAMPLE","TEST"}), "", IFERROR(IF(C17="", "", AVERAGE(L17:M17, P17:Q17, T17:U17, X17:Y17)/100), "")) | AD17: =IF(ISERROR(AA17/8),"",(AA17/8)) | AE17: =IF(OR(L17="改紡", L17="檢修", L17="了機"), "", IF(AND(C17<>"", J17<>""), IFERROR((SUM(J17, N17, R17, V17) - SUM(K17, O17, S17, W17))/24 * AG17, ""), "") ) | AF17: =LEFT(B17,1) -> A | AG17: 1 | AH17: NA | AI17: NA | AJ17: NA | AK17: NA | AS17: =IF(TEXT(RIGHT(F17,2),) = "×2","雙","單") -> 單 | AT17: =IF(OR(AF17="J", AF17="T", AF17="M"), IF(AG17=1, "全", "半"), IF(AF17="A", IF(AG17=0.5, IF(AS17="雙", "全", ""), IF(AG17=1, IF(AS17="雙", "半", "全"), IF(AG17=2, "半", "") ) ), IF(AF17="S", TEXT(AG17 & "sec", "text"), "") )) -> 全 | AU17: =IF(MID(E17,3,1)="/",LEFT(E17,2),LEFT(E17,3)) | AV17: =IF(ISERROR((IF(AF17="S",AG17*AU17*G17*AC17/18*0.03456/100/1000, AU17*G17*AC17* (IF(OR(AND(AS17="單",AT17="全",OR(AF17="A",AF17="M")),AND(AS17="單",AT17="全",OR(AF17="T",AF17="J"))),1,0)+ IF(OR(AND(AS17="雙",AT17="全",OR(AF17="A",AF17="M")),AND(AS17="雙",AT17="半",OR(AF17="T",AF17="J"))),1,0)+ IF(AND(AS17="雙",AT17="全",OR(AF17="T",AF17="J")),2,0)+ IF(AND(AS17="單",AT17="半",OR(AF17="A",AF17="M")),0.5,0)+ IF(OR(AND(AS17="雙",AT17="半",OR(AF17="A",AF17="M")),AND(AS17="單",AT17="半",OR(AF17="T",AF17="J"))),0.5,0) )*0.03456/100/1000 ))),"",((IF(AF17="S",AG17*AU17*G17*AC17/18*0.03456/100/1000, AU17*G17*AC17* (IF(OR(AND(AS17="單",AT17="全",OR(AF17="A",AF17="M")),AND(AS17="單",AT17="全",OR(AF17="T",AF17="J"))),1,0)+ IF(OR(AND(AS17="雙",AT17="全",OR(AF17="A",AF17="M")),AND(AS17="雙",AT17="半",OR(AF17="T",AF17="J"))),1,0)+ IF(AND(AS17="雙",AT17="全",OR(AF17="T",AF17="J")),2,0)+ IF(AND(AS17="單",AT17="半",OR(AF17="A",AF17="M")),0.5,0)+ IF(OR(AND(AS17="雙",AT17="半",OR(AF17="A",AF17="M")),AND(AS17="單",AT17="半",OR(AF17="T",AF17="J"))),0.5,0) )*0.03456/100/1000 ))))
A18: =A17 -> 46174 | B18: A23 | C18: 停機 | E18: =IF(ISNA(VLOOKUP(C18,條件!$A$1:$G$1021,5,0)),"",(VLOOKUP(C18,條件!$A$1:$G$1021,5,0))) | F18: =IF(ISNA(VLOOKUP(C18,條件!$A$1:$G$1021,6,0)),"",(VLOOKUP(C18,條件!$A$1:$G$1021,6,0))) | G18: =IF(ISNA(VLOOKUP(C18,條件!$A$1:$G$1021,7,0)),"",(VLOOKUP(C18,條件!$A$1:$G$1021,7,0))) | H18: =IF(ISNA(VLOOKUP(C18,條件!$A$1:$K$1021,11,0)),"",(VLOOKUP(C18,條件!$A$1:$K$1021,11,0))) | I18: =IF(ISNA(VLOOKUP(C18,條件!$A$1:$L$1021,12,0)),"",(VLOOKUP(C18,條件!$A$1:$L$1021,12,0))) | L18: 停機 | P18: 停機 | T18: 停機 | X18: 停機 | Z18: =IFERROR(VLOOKUP(C18, 條件!$A:$L, 3, 0), "") | AA18: =IF(OR(L18={"改紡","檢修","了機","清車","FINAL","停機","SAMPLE","TEST","絲開發","待料","跳車"}), L18, IFERROR(IF(C18="", "", (SUM(J18, N18, R18, V18)/3 * AG18) * IF(AND(AF18="S", AS18="雙"), 0.5, 1)), "")) -> 停機 | AB18: =IF(K18="","",IF(ISERROR(1-(SUM(K18,O18,S18,W18)/208/Z18)),"",(1-(SUM(K18,O18,S18,W18)/208/Z18)))) | AC18: =IF(OR(L18={"改紡","檢修","了機","清車","FINAL","停機","SAMPLE","TEST"}), "", IFERROR(IF(C18="", "", AVERAGE(L18:M18, P18:Q18, T18:U18, X18:Y18)/100), "")) | AD18: =IF(ISERROR(AA18/8),"",(AA18/8)) | AE18: =IF(OR(L18="改紡", L18="檢修", L18="了機"), "", IF(AND(C18<>"", J18<>""), IFERROR((SUM(J18, N18, R18, V18) - SUM(K18, O18, S18, W18))/24 * AG18, ""), "") ) | AF18: =LEFT(B18,1) -> A | AG18: 1 | AH18: NA | AI18: NA | AJ18: NA | AK18: NA | AS18: =IF(TEXT(RIGHT(F18,2),) = "×2","雙","單") -> 單 | AT18: =IF(OR(AF18="J", AF18="T", AF18="M"), IF(AG18=1, "全", "半"), IF(AF18="A", IF(AG18=0.5, IF(AS18="雙", "全", ""), IF(AG18=1, IF(AS18="雙", "半", "全"), IF(AG18=2, "半", "") ) ), IF(AF18="S", TEXT(AG18 & "sec", "text"), "") )) -> 全 | AU18: =IF(MID(E18,3,1)="/",LEFT(E18,2),LEFT(E18,3)) | AV18: =IF(ISERROR((IF(AF18="S",AG18*AU18*G18*AC18/18*0.03456/100/1000, AU18*G18*AC18* (IF(OR(AND(AS18="單",AT18="全",OR(AF18="A",AF18="M")),AND(AS18="單",AT18="全",OR(AF18="T",AF18="J"))),1,0)+ IF(OR(AND(AS18="雙",AT18="全",OR(AF18="A",AF18="M")),AND(AS18="雙",AT18="半",OR(AF18="T",AF18="J"))),1,0)+ IF(AND(AS18="雙",AT18="全",OR(AF18="T",AF18="J")),2,0)+ IF(AND(AS18="單",AT18="半",OR(AF18="A",AF18="M")),0.5,0)+ IF(OR(AND(AS18="雙",AT18="半",OR(AF18="A",AF18="M")),AND(AS18="單",AT18="半",OR(AF18="T",AF18="J"))),0.5,0) )*0.03456/100/1000 ))),"",((IF(AF18="S",AG18*AU18*G18*AC18/18*0.03456/100/1000, AU18*G18*AC18* (IF(OR(AND(AS18="單",AT18="全",OR(AF18="A",AF18="M")),AND(AS18="單",AT18="全",OR(AF18="T",AF18="J"))),1,0)+ IF(OR(AND(AS18="雙",AT18="全",OR(AF18="A",AF18="M")),AND(AS18="雙",AT18="半",OR(AF18="T",AF18="J"))),1,0)+ IF(AND(AS18="雙",AT18="全",OR(AF18="T",AF18="J")),2,0)+ IF(AND(AS18="單",AT18="半",OR(AF18="A",AF18="M")),0.5,0)+ IF(OR(AND(AS18="雙",AT18="半",OR(AF18="A",AF18="M")),AND(AS18="單",AT18="半",OR(AF18="T",AF18="J"))),0.5,0) )*0.03456/100/1000 ))))
A19: =A18 -> 46174 | B19: A24 | C19: 停機 | E19: =IF(ISNA(VLOOKUP(C19,條件!$A$1:$G$1021,5,0)),"",(VLOOKUP(C19,條件!$A$1:$G$1021,5,0))) | F19: =IF(ISNA(VLOOKUP(C19,條件!$A$1:$G$1021,6,0)),"",(VLOOKUP(C19,條件!$A$1:$G$1021,6,0))) | G19: =IF(ISNA(VLOOKUP(C19,條件!$A$1:$G$1021,7,0)),"",(VLOOKUP(C19,條件!$A$1:$G$1021,7,0))) | H19: =IF(ISNA(VLOOKUP(C19,條件!$A$1:$K$1021,11,0)),"",(VLOOKUP(C19,條件!$A$1:$K$1021,11,0))) | I19: =IF(ISNA(VLOOKUP(C19,條件!$A$1:$L$1021,12,0)),"",(VLOOKUP(C19,條件!$A$1:$L$1021,12,0))) | L19: 停機 | P19: 停機 | T19: 停機 | X19: 停機 | Z19: =IFERROR(VLOOKUP(C19, 條件!$A:$L, 3, 0), "") | AA19: =IF(OR(L19={"改紡","檢修","了機","清車","FINAL","停機","SAMPLE","TEST","絲開發","待料","跳車"}), L19, IFERROR(IF(C19="", "", (SUM(J19, N19, R19, V19)/3 * AG19) * IF(AND(AF19="S", AS19="雙"), 0.5, 1)), "")) -> 停機 | AB19: =IF(K19="","",IF(ISERROR(1-(SUM(K19,O19,S19,W19)/208/Z19)),"",(1-(SUM(K19,O19,S19,W19)/208/Z19)))) | AC19: =IF(OR(L19={"改紡","檢修","了機","清車","FINAL","停機","SAMPLE","TEST"}), "", IFERROR(IF(C19="", "", AVERAGE(L19:M19, P19:Q19, T19:U19, X19:Y19)/100), "")) | AD19: =IF(ISERROR(AA19/8),"",(AA19/8)) | AE19: =IF(OR(L19="改紡", L19="檢修", L19="了機"), "", IF(AND(C19<>"", J19<>""), IFERROR((SUM(J19, N19, R19, V19) - SUM(K19, O19, S19, W19))/24 * AG19, ""), "") ) | AF19: =LEFT(B19,1) -> A | AG19: 1 | AH19: NA | AI19: NA | AJ19: NA | AK19: NA | AS19: =IF(TEXT(RIGHT(F19,2),) = "×2","雙","單") -> 單 | AT19: =IF(OR(AF19="J", AF19="T", AF19="M"), IF(AG19=1, "全", "半"), IF(AF19="A", IF(AG19=0.5, IF(AS19="雙", "全", ""), IF(AG19=1, IF(AS19="雙", "半", "全"), IF(AG19=2, "半", "") ) ), IF(AF19="S", TEXT(AG19 & "sec", "text"), "") )) -> 全 | AU19: =IF(MID(E19,3,1)="/",LEFT(E19,2),LEFT(E19,3)) | AV19: =IF(ISERROR((IF(AF19="S",AG19*AU19*G19*AC19/18*0.03456/100/1000, AU19*G19*AC19* (IF(OR(AND(AS19="單",AT19="全",OR(AF19="A",AF19="M")),AND(AS19="單",AT19="全",OR(AF19="T",AF19="J"))),1,0)+ IF(OR(AND(AS19="雙",AT19="全",OR(AF19="A",AF19="M")),AND(AS19="雙",AT19="半",OR(AF19="T",AF19="J"))),1,0)+ IF(AND(AS19="雙",AT19="全",OR(AF19="T",AF19="J")),2,0)+ IF(AND(AS19="單",AT19="半",OR(AF19="A",AF19="M")),0.5,0)+ IF(OR(AND(AS19="雙",AT19="半",OR(AF19="A",AF19="M")),AND(AS19="單",AT19="半",OR(AF19="T",AF19="J"))),0.5,0) )*0.03456/100/1000 ))),"",((IF(AF19="S",AG19*AU19*G19*AC19/18*0.03456/100/1000, AU19*G19*AC19* (IF(OR(AND(AS19="單",AT19="全",OR(AF19="A",AF19="M")),AND(AS19="單",AT19="全",OR(AF19="T",AF19="J"))),1,0)+ IF(OR(AND(AS19="雙",AT19="全",OR(AF19="A",AF19="M")),AND(AS19="雙",AT19="半",OR(AF19="T",AF19="J"))),1,0)+ IF(AND(AS19="雙",AT19="全",OR(AF19="T",AF19="J")),2,0)+ IF(AND(AS19="單",AT19="半",OR(AF19="A",AF19="M")),0.5,0)+ IF(OR(AND(AS19="雙",AT19="半",OR(AF19="A",AF19="M")),AND(AS19="單",AT19="半",OR(AF19="T",AF19="J"))),0.5,0) )*0.03456/100/1000 ))))
A20: =A19 -> 46174 | B20: J07 | C20: 停機 | E20: =IF(ISNA(VLOOKUP(C20,條件!$A$1:$G$1021,5,0)),"",(VLOOKUP(C20,條件!$A$1:$G$1021,5,0))) | F20: =IF(ISNA(VLOOKUP(C20,條件!$A$1:$G$1021,6,0)),"",(VLOOKUP(C20,條件!$A$1:$G$1021,6,0))) | G20: =IF(ISNA(VLOOKUP(C20,條件!$A$1:$G$1021,7,0)),"",(VLOOKUP(C20,條件!$A$1:$G$1021,7,0))) | H20: =IF(ISNA(VLOOKUP(C20,條件!$A$1:$K$1021,11,0)),"",(VLOOKUP(C20,條件!$A$1:$K$1021,11,0))) | I20: =IF(ISNA(VLOOKUP(C20,條件!$A$1:$L$1021,12,0)),"",(VLOOKUP(C20,條件!$A$1:$L$1021,12,0))) | L20: 停機 | P20: 停機 | T20: 停機 | X20: 停機 | Z20: =IFERROR(VLOOKUP(C20, 條件!$A:$L, 3, 0), "") | AA20: =IF(OR(L20={"改紡","檢修","了機","清車","FINAL","停機","SAMPLE","TEST","絲開發","待料","跳車"}), L20, IFERROR(IF(C20="", "", (SUM(J20, N20, R20, V20)/3 * AG20) * IF(AND(AF20="S", AS20="雙"), 0.5, 1)), "")) -> 停機 | AB20: =IF(K20="","",IF(ISERROR(1-(SUM(K20,O20,S20,W20)/208/Z20)),"",(1-(SUM(K20,O20,S20,W20)/208/Z20)))) | AC20: =IF(OR(L20={"改紡","檢修","了機","清車","FINAL","停機","SAMPLE","TEST"}), "", IFERROR(IF(C20="", "", AVERAGE(L20:M20, P20:Q20, T20:U20, X20:Y20)/100), "")) | AD20: =IF(ISERROR(AA20/8),"",(AA20/8)) | AE20: =IF(OR(L20="改紡", L20="檢修", L20="了機"), "", IF(AND(C20<>"", J20<>""), IFERROR((SUM(J20, N20, R20, V20) - SUM(K20, O20, S20, W20))/24 * AG20, ""), "") ) | AF20: =LEFT(B20,1) -> J | AG20: 1 | AH20: NA | AI20: NA | AJ20: NA | AK20: NA | AS20: =IF(TEXT(RIGHT(F20,2),) = "×2","雙","單") -> 單 | AT20: =IF(OR(AF20="J", AF20="T", AF20="M"), IF(AG20=1, "全", "半"), IF(AF20="A", IF(AG20=0.5, IF(AS20="雙", "全", ""), IF(AG20=1, IF(AS20="雙", "半", "全"), IF(AG20=2, "半", "") ) ), IF(AF20="S", TEXT(AG20 & "sec", "text"), "") )) -> 全 | AU20: =IF(MID(E20,3,1)="/",LEFT(E20,2),LEFT(E20,3)) | AV20: =IF(ISERROR((IF(AF20="S",AG20*AU20*G20*AC20/18*0.03456/100/1000, AU20*G20*AC20* (IF(OR(AND(AS20="單",AT20="全",OR(AF20="A",AF20="M")),AND(AS20="單",AT20="全",OR(AF20="T",AF20="J"))),1,0)+ IF(OR(AND(AS20="雙",AT20="全",OR(AF20="A",AF20="M")),AND(AS20="雙",AT20="半",OR(AF20="T",AF20="J"))),1,0)+ IF(AND(AS20="雙",AT20="全",OR(AF20="T",AF20="J")),2,0)+ IF(AND(AS20="單",AT20="半",OR(AF20="A",AF20="M")),0.5,0)+ IF(OR(AND(AS20="雙",AT20="半",OR(AF20="A",AF20="M")),AND(AS20="單",AT20="半",OR(AF20="T",AF20="J"))),0.5,0) )*0.03456/100/1000 ))),"",((IF(AF20="S",AG20*AU20*G20*AC20/18*0.03456/100/1000, AU20*G20*AC20* (IF(OR(AND(AS20="單",AT20="全",OR(AF20="A",AF20="M")),AND(AS20="單",AT20="全",OR(AF20="T",AF20="J"))),1,0)+ IF(OR(AND(AS20="雙",AT20="全",OR(AF20="A",AF20="M")),AND(AS20="雙",AT20="半",OR(AF20="T",AF20="J"))),1,0)+ IF(AND(AS20="雙",AT20="全",OR(AF20="T",AF20="J")),2,0)+ IF(AND(AS20="單",AT20="半",OR(AF20="A",AF20="M")),0.5,0)+ IF(OR(AND(AS20="雙",AT20="半",OR(AF20="A",AF20="M")),AND(AS20="單",AT20="半",OR(AF20="T",AF20="J"))),0.5,0) )*0.03456/100/1000 ))))
A21: =A20 -> 46174 | B21: J08 | C21: 2F6IF2 | D21: K | E21: =IF(ISNA(VLOOKUP(C21,條件!$A$1:$G$1021,5,0)),"",(VLOOKUP(C21,條件!$A$1:$G$1021,5,0))) -> 150/48/2SDr | F21: =IF(ISNA(VLOOKUP(C21,條件!$A$1:$G$1021,6,0)),"",(VLOOKUP(C21,條件!$A$1:$G$1021,6,0))) -> FP82171R×2 | G21: =IF(ISNA(VLOOKUP(C21,條件!$A$1:$G$1021,7,0)),"",(VLOOKUP(C21,條件!$A$1:$G$1021,7,0))) -> 600 | H21: =IF(ISNA(VLOOKUP(C21,條件!$A$1:$K$1021,11,0)),"",(VLOOKUP(C21,條件!$A$1:$K$1021,11,0))) -> 紅白直條 | I21: =IF(ISNA(VLOOKUP(C21,條件!$A$1:$L$1021,12,0)),"",(VLOOKUP(C21,條件!$A$1:$L$1021,12,0))) -> 5.5 | L21: 了機 | P21: 了機 | T21: 了機 | X21: 了機 | Z21: =IFERROR(VLOOKUP(C21, 條件!$A:$L, 3, 0), "") -> 5.0526316 | AA21: =IF(OR(L21={"改紡","檢修","了機","清車","FINAL","停機","SAMPLE","TEST","絲開發","待料","跳車"}), L21, IFERROR(IF(C21="", "", (SUM(J21, N21, R21, V21)/3 * AG21) * IF(AND(AF21="S", AS21="雙"), 0.5, 1)), "")) -> 了機 | AB21: =IF(K21="","",IF(ISERROR(1-(SUM(K21,O21,S21,W21)/208/Z21)),"",(1-(SUM(K21,O21,S21,W21)/208/Z21)))) | AC21: =IF(OR(L21={"改紡","檢修","了機","清車","FINAL","停機","SAMPLE","TEST"}), "", IFERROR(IF(C21="", "", AVERAGE(L21:M21, P21:Q21, T21:U21, X21:Y21)/100), "")) | AD21: =IF(ISERROR(AA21/8),"",(AA21/8)) | AE21: =IF(OR(L21="改紡", L21="檢修", L21="了機"), "", IF(AND(C21<>"", J21<>""), IFERROR((SUM(J21, N21, R21, V21) - SUM(K21, O21, S21, W21))/24 * AG21, ""), "") ) | AF21: =LEFT(B21,1) -> J | AG21: 1 | AH21: DENDEN | AI21: NASH | AJ21: NASH | AK21: JUNJUN | AS21: =IF(TEXT(RIGHT(F21,2),) = "×2","雙","單") -> 雙 | AT21: =IF(OR(AF21="J", AF21="T", AF21="M"), IF(AG21=1, "全", "半"), IF(AF21="A", IF(AG21=0.5, IF(AS21="雙", "全", ""), IF(AG21=1, IF(AS21="雙", "半", "全"), IF(AG21=2, "半", "") ) ), IF(AF21="S", TEXT(AG21 & "sec", "text"), "") )) -> 全 | AU21: =IF(MID(E21,3,1)="/",LEFT(E21,2),LEFT(E21,3)) -> 150 | AV21: =IF(ISERROR((IF(AF21="S",AG21*AU21*G21*AC21/18*0.03456/100/1000, AU21*G21*AC21* (IF(OR(AND(AS21="單",AT21="全",OR(AF21="A",AF21="M")),AND(AS21="單",AT21="全",OR(AF21="T",AF21="J"))),1,0)+ IF(OR(AND(AS21="雙",AT21="全",OR(AF21="A",AF21="M")),AND(AS21="雙",AT21="半",OR(AF21="T",AF21="J"))),1,0)+ IF(AND(AS21="雙",AT21="全",OR(AF21="T",AF21="J")),2,0)+ IF(AND(AS21="單",AT21="半",OR(AF21="A",AF21="M")),0.5,0)+ IF(OR(AND(AS21="雙",AT21="半",OR(AF21="A",AF21="M")),AND(AS21="單",AT21="半",OR(AF21="T",AF21="J"))),0.5,0) )*0.03456/100/1000 ))),"",((IF(AF21="S",AG21*AU21*G21*AC21/18*0.03456/100/1000, AU21*G21*AC21* (IF(OR(AND(AS21="單",AT21="全",OR(AF21="A",AF21="M")),AND(AS21="單",AT21="全",OR(AF21="T",AF21="J"))),1,0)+ IF(OR(AND(AS21="雙",AT21="全",OR(AF21="A",AF21="M")),AND(AS21="雙",AT21="半",OR(AF21="T",AF21="J"))),1,0)+ IF(AND(AS21="雙",AT21="全",OR(AF21="T",AF21="J")),2,0)+ IF(AND(AS21="單",AT21="半",OR(AF21="A",AF21="M")),0.5,0)+ IF(OR(AND(AS21="雙",AT21="半",OR(AF21="A",AF21="M")),AND(AS21="單",AT21="半",OR(AF21="T",AF21="J"))),0.5,0) )*0.03456/100/1000 ))))
A22: =A21 -> 46174 | B22: J09 | C22: 停機 | E22: =IF(ISNA(VLOOKUP(C22,條件!$A$1:$G$1021,5,0)),"",(VLOOKUP(C22,條件!$A$1:$G$1021,5,0))) | F22: =IF(ISNA(VLOOKUP(C22,條件!$A$1:$G$1021,6,0)),"",(VLOOKUP(C22,條件!$A$1:$G$1021,6,0))) | G22: =IF(ISNA(VLOOKUP(C22,條件!$A$1:$G$1021,7,0)),"",(VLOOKUP(C22,條件!$A$1:$G$1021,7,0))) | H22: =IF(ISNA(VLOOKUP(C22,條件!$A$1:$K$1021,11,0)),"",(VLOOKUP(C22,條件!$A$1:$K$1021,11,0))) | I22: =IF(ISNA(VLOOKUP(C22,條件!$A$1:$L$1021,12,0)),"",(VLOOKUP(C22,條件!$A$1:$L$1021,12,0))) | L22: 停機 | P22: 停機 | T22: 停機 | X22: 停機 | Z22: =IFERROR(VLOOKUP(C22, 條件!$A:$L, 3, 0), "") | AA22: =IF(OR(L22={"改紡","檢修","了機","清車","FINAL","停機","SAMPLE","TEST","絲開發","待料","跳車"}), L22, IFERROR(IF(C22="", "", (SUM(J22, N22, R22, V22)/3 * AG22) * IF(AND(AF22="S", AS22="雙"), 0.5, 1)), "")) -> 停機 | AB22: =IF(K22="","",IF(ISERROR(1-(SUM(K22,O22,S22,W22)/208/Z22)),"",(1-(SUM(K22,O22,S22,W22)/208/Z22)))) | AC22: =IF(OR(L22={"改紡","檢修","了機","清車","FINAL","停機","SAMPLE","TEST"}), "", IFERROR(IF(C22="", "", AVERAGE(L22:M22, P22:Q22, T22:U22, X22:Y22)/100), "")) | AD22: =IF(ISERROR(AA22/8),"",(AA22/8)) | AE22: =IF(OR(L22="改紡", L22="檢修", L22="了機"), "", IF(AND(C22<>"", J22<>""), IFERROR((SUM(J22, N22, R22, V22) - SUM(K22, O22, S22, W22))/24 * AG22, ""), "") ) | AF22: =LEFT(B22,1) -> J | AG22: 1 | AH22: NA | AI22: NA | AJ22: NA | AK22: NA | AS22: =IF(TEXT(RIGHT(F22,2),) = "×2","雙","單") -> 單 | AT22: =IF(OR(AF22="J", AF22="T", AF22="M"), IF(AG22=1, "全", "半"), IF(AF22="A", IF(AG22=0.5, IF(AS22="雙", "全", ""), IF(AG22=1, IF(AS22="雙", "半", "全"), IF(AG22=2, "半", "") ) ), IF(AF22="S", TEXT(AG22 & "sec", "text"), "") )) -> 全 | AU22: =IF(MID(E22,3,1)="/",LEFT(E22,2),LEFT(E22,3)) | AV22: =IF(ISERROR((IF(AF22="S",AG22*AU22*G22*AC22/18*0.03456/100/1000, AU22*G22*AC22* (IF(OR(AND(AS22="單",AT22="全",OR(AF22="A",AF22="M")),AND(AS22="單",AT22="全",OR(AF22="T",AF22="J"))),1,0)+ IF(OR(AND(AS22="雙",AT22="全",OR(AF22="A",AF22="M")),AND(AS22="雙",AT22="半",OR(AF22="T",AF22="J"))),1,0)+ IF(AND(AS22="雙",AT22="全",OR(AF22="T",AF22="J")),2,0)+ IF(AND(AS22="單",AT22="半",OR(AF22="A",AF22="M")),0.5,0)+ IF(OR(AND(AS22="雙",AT22="半",OR(AF22="A",AF22="M")),AND(AS22="單",AT22="半",OR(AF22="T",AF22="J"))),0.5,0) )*0.03456/100/1000 ))),"",((IF(AF22="S",AG22*AU22*G22*AC22/18*0.03456/100/1000, AU22*G22*AC22* (IF(OR(AND(AS22="單",AT22="全",OR(AF22="A",AF22="M")),AND(AS22="單",AT22="全",OR(AF22="T",AF22="J"))),1,0)+ IF(OR(AND(AS22="雙",AT22="全",OR(AF22="A",AF22="M")),AND(AS22="雙",AT22="半",OR(AF22="T",AF22="J"))),1,0)+ IF(AND(AS22="雙",AT22="全",OR(AF22="T",AF22="J")),2,0)+ IF(AND(AS22="單",AT22="半",OR(AF22="A",AF22="M")),0.5,0)+ IF(OR(AND(AS22="雙",AT22="半",OR(AF22="A",AF22="M")),AND(AS22="單",AT22="半",OR(AF22="T",AF22="J"))),0.5,0) )*0.03456/100/1000 ))))
A23: =A22 -> 46174 | B23: T01 | C23: 停機 | E23: =IF(ISNA(VLOOKUP(C23,條件!$A$1:$G$1021,5,0)),"",(VLOOKUP(C23,條件!$A$1:$G$1021,5,0))) | F23: =IF(ISNA(VLOOKUP(C23,條件!$A$1:$G$1021,6,0)),"",(VLOOKUP(C23,條件!$A$1:$G$1021,6,0))) | G23: =IF(ISNA(VLOOKUP(C23,條件!$A$1:$G$1021,7,0)),"",(VLOOKUP(C23,條件!$A$1:$G$1021,7,0))) | H23: =IF(ISNA(VLOOKUP(C23,條件!$A$1:$K$1021,11,0)),"",(VLOOKUP(C23,條件!$A$1:$K$1021,11,0))) | I23: =IF(ISNA(VLOOKUP(C23,條件!$A$1:$L$1021,12,0)),"",(VLOOKUP(C23,條件!$A$1:$L$1021,12,0))) | L23: 停機 | P23: 停機 | T23: 停機 | X23: 停機 | Z23: =IFERROR(VLOOKUP(C23, 條件!$A:$L, 3, 0), "") | AA23: =IF(OR(L23={"改紡","檢修","了機","清車","FINAL","停機","SAMPLE","TEST","絲開發","待料","跳車"}), L23, IFERROR(IF(C23="", "", (SUM(J23, N23, R23, V23)/3 * AG23) * IF(AND(AF23="S", AS23="雙"), 0.5, 1)), "")) -> 停機 | AB23: =IF(K23="","",IF(ISERROR(1-(SUM(K23,O23,S23,W23)/208/Z23)),"",(1-(SUM(K23,O23,S23,W23)/208/Z23)))) | AC23: =IF(OR(L23={"改紡","檢修","了機","清車","FINAL","停機","SAMPLE","TEST"}), "", IFERROR(IF(C23="", "", AVERAGE(L23:M23, P23:Q23, T23:U23, X23:Y23)/100), "")) | AD23: =IF(ISERROR(AA23/8),"",(AA23/8)) | AE23: =IF(OR(L23="改紡", L23="檢修", L23="了機"), "", IF(AND(C23<>"", J23<>""), IFERROR((SUM(J23, N23, R23, V23) - SUM(K23, O23, S23, W23))/24 * AG23, ""), "") ) | AF23: =LEFT(B23,1) -> T | AG23: 1 | AH23: DENDEN | AI23: WILSON | AJ23: WILSON | AK23: JONA | AS23: =IF(TEXT(RIGHT(F23,2),) = "×2","雙","單") -> 單 | AT23: =IF(OR(AF23="J", AF23="T", AF23="M"), IF(AG23=1, "全", "半"), IF(AF23="A", IF(AG23=0.5, IF(AS23="雙", "全", ""), IF(AG23=1, IF(AS23="雙", "半", "全"), IF(AG23=2, "半", "") ) ), IF(AF23="S", TEXT(AG23 & "sec", "text"), "") )) -> 全 | AU23: =IF(MID(E23,3,1)="/",LEFT(E23,2),LEFT(E23,3)) | AV23: =IF(ISERROR((IF(AF23="S",AG23*AU23*G23*AC23/18*0.03456/100/1000, AU23*G23*AC23* (IF(OR(AND(AS23="單",AT23="全",OR(AF23="A",AF23="M")),AND(AS23="單",AT23="全",OR(AF23="T",AF23="J"))),1,0)+ IF(OR(AND(AS23="雙",AT23="全",OR(AF23="A",AF23="M")),AND(AS23="雙",AT23="半",OR(AF23="T",AF23="J"))),1,0)+ IF(AND(AS23="雙",AT23="全",OR(AF23="T",AF23="J")),2,0)+ IF(AND(AS23="單",AT23="半",OR(AF23="A",AF23="M")),0.5,0)+ IF(OR(AND(AS23="雙",AT23="半",OR(AF23="A",AF23="M")),AND(AS23="單",AT23="半",OR(AF23="T",AF23="J"))),0.5,0) )*0.03456/100/1000 ))),"",((IF(AF23="S",AG23*AU23*G23*AC23/18*0.03456/100/1000, AU23*G23*AC23* (IF(OR(AND(AS23="單",AT23="全",OR(AF23="A",AF23="M")),AND(AS23="單",AT23="全",OR(AF23="T",AF23="J"))),1,0)+ IF(OR(AND(AS23="雙",AT23="全",OR(AF23="A",AF23="M")),AND(AS23="雙",AT23="半",OR(AF23="T",AF23="J"))),1,0)+ IF(AND(AS23="雙",AT23="全",OR(AF23="T",AF23="J")),2,0)+ IF(AND(AS23="單",AT23="半",OR(AF23="A",AF23="M")),0.5,0)+ IF(OR(AND(AS23="雙",AT23="半",OR(AF23="A",AF23="M")),AND(AS23="單",AT23="半",OR(AF23="T",AF23="J"))),0.5,0) )*0.03456/100/1000 ))))
A24: =A23 -> 46174 | B24: T02 | C24: 停機 | E24: =IF(ISNA(VLOOKUP(C24,條件!$A$1:$G$1021,5,0)),"",(VLOOKUP(C24,條件!$A$1:$G$1021,5,0))) | F24: =IF(ISNA(VLOOKUP(C24,條件!$A$1:$G$1021,6,0)),"",(VLOOKUP(C24,條件!$A$1:$G$1021,6,0))) | G24: =IF(ISNA(VLOOKUP(C24,條件!$A$1:$G$1021,7,0)),"",(VLOOKUP(C24,條件!$A$1:$G$1021,7,0))) | H24: =IF(ISNA(VLOOKUP(C24,條件!$A$1:$K$1021,11,0)),"",(VLOOKUP(C24,條件!$A$1:$K$1021,11,0))) | I24: =IF(ISNA(VLOOKUP(C24,條件!$A$1:$L$1021,12,0)),"",(VLOOKUP(C24,條件!$A$1:$L$1021,12,0))) | L24: 停機 | P24: 停機 | T24: 停機 | X24: 停機 | Z24: =IFERROR(VLOOKUP(C24, 條件!$A:$L, 3, 0), "") | AA24: =IF(OR(L24={"改紡","檢修","了機","清車","FINAL","停機","SAMPLE","TEST","絲開發","待料","跳車"}), L24, IFERROR(IF(C24="", "", (SUM(J24, N24, R24, V24)/3 * AG24) * IF(AND(AF24="S", AS24="雙"), 0.5, 1)), "")) -> 停機 | AB24: =IF(K24="","",IF(ISERROR(1-(SUM(K24,O24,S24,W24)/208/Z24)),"",(1-(SUM(K24,O24,S24,W24)/208/Z24)))) | AC24: =IF(OR(L24={"改紡","檢修","了機","清車","FINAL","停機","SAMPLE","TEST"}), "", IFERROR(IF(C24="", "", AVERAGE(L24:M24, P24:Q24, T24:U24, X24:Y24)/100), "")) | AD24: =IF(ISERROR(AA24/8),"",(AA24/8)) | AE24: =IF(OR(L24="改紡", L24="檢修", L24="了機"), "", IF(AND(C24<>"", J24<>""), IFERROR((SUM(J24, N24, R24, V24) - SUM(K24, O24, S24, W24))/24 * AG24, ""), "") ) | AF24: =LEFT(B24,1) -> T | AG24: 1 | AH24: DENDEN | AI24: WILSON | AJ24: WILSON | AK24: JONA | AS24: =IF(TEXT(RIGHT(F24,2),) = "×2","雙","單") -> 單 | AT24: =IF(OR(AF24="J", AF24="T", AF24="M"), IF(AG24=1, "全", "半"), IF(AF24="A", IF(AG24=0.5, IF(AS24="雙", "全", ""), IF(AG24=1, IF(AS24="雙", "半", "全"), IF(AG24=2, "半", "") ) ), IF(AF24="S", TEXT(AG24 & "sec", "text"), "") )) -> 全 | AU24: =IF(MID(E24,3,1)="/",LEFT(E24,2),LEFT(E24,3)) | AV24: =IF(ISERROR((IF(AF24="S",AG24*AU24*G24*AC24/18*0.03456/100/1000, AU24*G24*AC24* (IF(OR(AND(AS24="單",AT24="全",OR(AF24="A",AF24="M")),AND(AS24="單",AT24="全",OR(AF24="T",AF24="J"))),1,0)+ IF(OR(AND(AS24="雙",AT24="全",OR(AF24="A",AF24="M")),AND(AS24="雙",AT24="半",OR(AF24="T",AF24="J"))),1,0)+ IF(AND(AS24="雙",AT24="全",OR(AF24="T",AF24="J")),2,0)+ IF(AND(AS24="單",AT24="半",OR(AF24="A",AF24="M")),0.5,0)+ IF(OR(AND(AS24="雙",AT24="半",OR(AF24="A",AF24="M")),AND(AS24="單",AT24="半",OR(AF24="T",AF24="J"))),0.5,0) )*0.03456/100/1000 ))),"",((IF(AF24="S",AG24*AU24*G24*AC24/18*0.03456/100/1000, AU24*G24*AC24* (IF(OR(AND(AS24="單",AT24="全",OR(AF24="A",AF24="M")),AND(AS24="單",AT24="全",OR(AF24="T",AF24="J"))),1,0)+ IF(OR(AND(AS24="雙",AT24="全",OR(AF24="A",AF24="M")),AND(AS24="雙",AT24="半",OR(AF24="T",AF24="J"))),1,0)+ IF(AND(AS24="雙",AT24="全",OR(AF24="T",AF24="J")),2,0)+ IF(AND(AS24="單",AT24="半",OR(AF24="A",AF24="M")),0.5,0)+ IF(OR(AND(AS24="雙",AT24="半",OR(AF24="A",AF24="M")),AND(AS24="單",AT24="半",OR(AF24="T",AF24="J"))),0.5,0) )*0.03456/100/1000 ))))
A25: =A24 -> 46174 | B25: T03 | C25: 2F6IB1 | E25: =IF(ISNA(VLOOKUP(C25,條件!$A$1:$G$1021,5,0)),"",(VLOOKUP(C25,條件!$A$1:$G$1021,5,0))) -> 150/48/2SDr | F25: =IF(ISNA(VLOOKUP(C25,條件!$A$1:$G$1021,6,0)),"",(VLOOKUP(C25,條件!$A$1:$G$1021,6,0))) -> FP82169R×2 | G25: =IF(ISNA(VLOOKUP(C25,條件!$A$1:$G$1021,7,0)),"",(VLOOKUP(C25,條件!$A$1:$G$1021,7,0))) -> 670 | H25: =IF(ISNA(VLOOKUP(C25,條件!$A$1:$K$1021,11,0)),"",(VLOOKUP(C25,條件!$A$1:$K$1021,11,0))) -> 黃底紅點 | I25: =IF(ISNA(VLOOKUP(C25,條件!$A$1:$L$1021,12,0)),"",(VLOOKUP(C25,條件!$A$1:$L$1021,12,0))) -> 5 | J25: 26 | K25: 0 | L25: 8800 | R25: 21 | S25: 0 | T25: 8610 | V25: 10 | W25: 0 | X25: 8610 | Z25: =IFERROR(VLOOKUP(C25, 條件!$A:$L, 3, 0), "") -> 6.2882096 | AA25: =IF(OR(L25={"改紡","檢修","了機","清車","FINAL","停機","SAMPLE","TEST","絲開發","待料","跳車"}), L25, IFERROR(IF(C25="", "", (SUM(J25, N25, R25, V25)/3 * AG25) * IF(AND(AF25="S", AS25="雙"), 0.5, 1)), "")) -> 38 | AB25: =IF(K25="","",IF(ISERROR(1-(SUM(K25,O25,S25,W25)/208/Z25)),"",(1-(SUM(K25,O25,S25,W25)/208/Z25)))) -> 1 | AC25: =IF(OR(L25={"改紡","檢修","了機","清車","FINAL","停機","SAMPLE","TEST"}), "", IFERROR(IF(C25="", "", AVERAGE(L25:M25, P25:Q25, T25:U25, X25:Y25)/100), "")) -> 86.733333 | AD25: =IF(ISERROR(AA25/8),"",(AA25/8)) -> 4.75 | AE25: =IF(OR(L25="改紡", L25="檢修", L25="了機"), "", IF(AND(C25<>"", J25<>""), IFERROR((SUM(J25, N25, R25, V25) - SUM(K25, O25, S25, W25))/24 * AG25, ""), "") ) -> 4.75 | AF25: =LEFT(B25,1) -> T | AG25: 2 | AH25: MAR | AI25: VIN | AJ25: VIN | AK25: MAMAY | AL25: 48 | AM25: 46164 | AN25: 46165 | AO25: 46166 | AS25: =IF(TEXT(RIGHT(F25,2),) = "×2","雙","單") -> 雙 | AT25: =IF(OR(AF25="J", AF25="T", AF25="M"), IF(AG25=1, "全", "半"), IF(AF25="A", IF(AG25=0.5, IF(AS25="雙", "全", ""), IF(AG25=1, IF(AS25="雙", "半", "全"), IF(AG25=2, "半", "") ) ), IF(AF25="S", TEXT(AG25 & "sec", "text"), "") )) -> 半 | AU25: =IF(MID(E25,3,1)="/",LEFT(E25,2),LEFT(E25,3)) -> 150 | AV25: =IF(ISERROR((IF(AF25="S",AG25*AU25*G25*AC25/18*0.03456/100/1000, AU25*G25*AC25* (IF(OR(AND(AS25="單",AT25="全",OR(AF25="A",AF25="M")),AND(AS25="單",AT25="全",OR(AF25="T",AF25="J"))),1,0)+ IF(OR(AND(AS25="雙",AT25="全",OR(AF25="A",AF25="M")),AND(AS25="雙",AT25="半",OR(AF25="T",AF25="J"))),1,0)+ IF(AND(AS25="雙",AT25="全",OR(AF25="T",AF25="J")),2,0)+ IF(AND(AS25="單",AT25="半",OR(AF25="A",AF25="M")),0.5,0)+ IF(OR(AND(AS25="雙",AT25="半",OR(AF25="A",AF25="M")),AND(AS25="單",AT25="半",OR(AF25="T",AF25="J"))),0.5,0) )*0.03456/100/1000 ))),"",((IF(AF25="S",AG25*AU25*G25*AC25/18*0.03456/100/1000, AU25*G25*AC25* (IF(OR(AND(AS25="單",AT25="全",OR(AF25="A",AF25="M")),AND(AS25="單",AT25="全",OR(AF25="T",AF25="J"))),1,0)+ IF(OR(AND(AS25="雙",AT25="全",OR(AF25="A",AF25="M")),AND(AS25="雙",AT25="半",OR(AF25="T",AF25="J"))),1,0)+ IF(AND(AS25="雙",AT25="全",OR(AF25="T",AF25="J")),2,0)+ IF(AND(AS25="單",AT25="半",OR(AF25="A",AF25="M")),0.5,0)+ IF(OR(AND(AS25="雙",AT25="半",OR(AF25="A",AF25="M")),AND(AS25="單",AT25="半",OR(AF25="T",AF25="J"))),0.5,0) )*0.03456/100/1000 )))) -> 3.0124915
A26: =A25 -> 46174 | B26: T03 | C26: 2F6ID2 | E26: =IF(ISNA(VLOOKUP(C26,條件!$A$1:$G$1021,5,0)),"",(VLOOKUP(C26,條件!$A$1:$G$1021,5,0))) -> 150/48/2SDr | F26: =IF(ISNA(VLOOKUP(C26,條件!$A$1:$G$1021,6,0)),"",(VLOOKUP(C26,條件!$A$1:$G$1021,6,0))) -> FP82169R×2 | G26: =IF(ISNA(VLOOKUP(C26,條件!$A$1:$G$1021,7,0)),"",(VLOOKUP(C26,條件!$A$1:$G$1021,7,0))) -> 670 | H26: =IF(ISNA(VLOOKUP(C26,條件!$A$1:$K$1021,11,0)),"",(VLOOKUP(C26,條件!$A$1:$K$1021,11,0))) -> 紅底藍點 | I26: =IF(ISNA(VLOOKUP(C26,條件!$A$1:$L$1021,12,0)),"",(VLOOKUP(C26,條件!$A$1:$L$1021,12,0))) -> 5 | J26: 27 | K26: 0 | M26: 9720 | R26: 13 | S26: 0 | U26: 9440 | V26: 14 | W26: 0 | Y26: 9070 | Z26: =IFERROR(VLOOKUP(C26, 條件!$A:$L, 3, 0), "") -> 6.1802575 | AA26: =IF(OR(L26={"改紡","檢修","了機","清車","FINAL","停機","SAMPLE","TEST","絲開發","待料","跳車"}), L26, IFERROR(IF(C26="", "", (SUM(J26, N26, R26, V26)/3 * AG26) * IF(AND(AF26="S", AS26="雙"), 0.5, 1)), "")) -> 36 | AB26: =IF(K26="","",IF(ISERROR(1-(SUM(K26,O26,S26,W26)/208/Z26)),"",(1-(SUM(K26,O26,S26,W26)/208/Z26)))) -> 1 | AC26: =IF(OR(L26={"改紡","檢修","了機","清車","FINAL","停機","SAMPLE","TEST"}), "", IFERROR(IF(C26="", "", AVERAGE(L26:M26, P26:Q26, T26:U26, X26:Y26)/100), "")) -> 94.1 | AD26: =IF(ISERROR(AA26/8),"",(AA26/8)) -> 4.5 | AE26: =IF(OR(L26="改紡", L26="檢修", L26="了機"), "", IF(AND(C26<>"", J26<>""), IFERROR((SUM(J26, N26, R26, V26) - SUM(K26, O26, S26, W26))/24 * AG26, ""), "") ) -> 4.5 | AF26: =LEFT(B26,1) -> T | AG26: 2 | AH26: MAR | AI26: VIN | AJ26: VIN | AK26: MAMAY | AL26: 48 | AM26: 46164 | AN26: 46165 | AO26: 46166 | AS26: =IF(TEXT(RIGHT(F26,2),) = "×2","雙","單") -> 雙 | AT26: =IF(OR(AF26="J", AF26="T", AF26="M"), IF(AG26=1, "全", "半"), IF(AF26="A", IF(AG26=0.5, IF(AS26="雙", "全", ""), IF(AG26=1, IF(AS26="雙", "半", "全"), IF(AG26=2, "半", "") ) ), IF(AF26="S", TEXT(AG26 & "sec", "text"), "") )) -> 半 | AU26: =IF(MID(E26,3,1)="/",LEFT(E26,2),LEFT(E26,3)) -> 150 | AV26: =IF(ISERROR((IF(AF26="S",AG26*AU26*G26*AC26/18*0.03456/100/1000, AU26*G26*AC26* (IF(OR(AND(AS26="單",AT26="全",OR(AF26="A",AF26="M")),AND(AS26="單",AT26="全",OR(AF26="T",AF26="J"))),1,0)+ IF(OR(AND(AS26="雙",AT26="全",OR(AF26="A",AF26="M")),AND(AS26="雙",AT26="半",OR(AF26="T",AF26="J"))),1,0)+ IF(AND(AS26="雙",AT26="全",OR(AF26="T",AF26="J")),2,0)+ IF(AND(AS26="單",AT26="半",OR(AF26="A",AF26="M")),0.5,0)+ IF(OR(AND(AS26="雙",AT26="半",OR(AF26="A",AF26="M")),AND(AS26="單",AT26="半",OR(AF26="T",AF26="J"))),0.5,0) )*0.03456/100/1000 ))),"",((IF(AF26="S",AG26*AU26*G26*AC26/18*0.03456/100/1000, AU26*G26*AC26* (IF(OR(AND(AS26="單",AT26="全",OR(AF26="A",AF26="M")),AND(AS26="單",AT26="全",OR(AF26="T",AF26="J"))),1,0)+ IF(OR(AND(AS26="雙",AT26="全",OR(AF26="A",AF26="M")),AND(AS26="雙",AT26="半",OR(AF26="T",AF26="J"))),1,0)+ IF(AND(AS26="雙",AT26="全",OR(AF26="T",AF26="J")),2,0)+ IF(AND(AS26="單",AT26="半",OR(AF26="A",AF26="M")),0.5,0)+ IF(OR(AND(AS26="雙",AT26="半",OR(AF26="A",AF26="M")),AND(AS26="單",AT26="半",OR(AF26="T",AF26="J"))),0.5,0) )*0.03456/100/1000 )))) -> 3.2683565
A27: =A26 -> 46174 | B27: T04 | C27: 2F9VH2 | E27: =IF(ISNA(VLOOKUP(C27,條件!$A$1:$G$1021,5,0)),"",(VLOOKUP(C27,條件!$A$1:$G$1021,5,0))) -> 75/72/2PFBR | F27: =IF(ISNA(VLOOKUP(C27,條件!$A$1:$G$1021,6,0)),"",(VLOOKUP(C27,條件!$A$1:$G$1021,6,0))) -> FP01432R×2 | G27: =IF(ISNA(VLOOKUP(C27,條件!$A$1:$G$1021,7,0)),"",(VLOOKUP(C27,條件!$A$1:$G$1021,7,0))) -> 550 | H27: =IF(ISNA(VLOOKUP(C27,條件!$A$1:$K$1021,11,0)),"",(VLOOKUP(C27,條件!$A$1:$K$1021,11,0))) -> 紫色 | I27: =IF(ISNA(VLOOKUP(C27,條件!$A$1:$L$1021,12,0)),"",(VLOOKUP(C27,條件!$A$1:$L$1021,12,0))) -> 4 | L27: 了機 | P27: 了機 | T27: 了機 | X27: 了機 | Z27: =IFERROR(VLOOKUP(C27, 條件!$A:$L, 3, 0), "") -> 3.1578947 | AA27: =IF(OR(L27={"改紡","檢修","了機","清車","FINAL","停機","SAMPLE","TEST","絲開發","待料","跳車"}), L27, IFERROR(IF(C27="", "", (SUM(J27, N27, R27, V27)/3 * AG27) * IF(AND(AF27="S", AS27="雙"), 0.5, 1)), "")) -> 了機 | AB27: =IF(K27="","",IF(ISERROR(1-(SUM(K27,O27,S27,W27)/208/Z27)),"",(1-(SUM(K27,O27,S27,W27)/208/Z27)))) | AC27: =IF(OR(L27={"改紡","檢修","了機","清車","FINAL","停機","SAMPLE","TEST"}), "", IFERROR(IF(C27="", "", AVERAGE(L27:M27, P27:Q27, T27:U27, X27:Y27)/100), "")) | AD27: =IF(ISERROR(AA27/8),"",(AA27/8)) | AE27: =IF(OR(L27="改紡", L27="檢修", L27="了機"), "", IF(AND(C27<>"", J27<>""), IFERROR((SUM(J27, N27, R27, V27) - SUM(K27, O27, S27, W27))/24 * AG27, ""), "") ) | AF27: =LEFT(B27,1) -> T | AG27: 2 | AH27: MAR | AI27: VIN | AJ27: VIN | AK27: MAMAY | AL27: 52 | AM27: 46169 | AN27: 46170 | AS27: =IF(TEXT(RIGHT(F27,2),) = "×2","雙","單") -> 雙 | AT27: =IF(OR(AF27="J", AF27="T", AF27="M"), IF(AG27=1, "全", "半"), IF(AF27="A", IF(AG27=0.5, IF(AS27="雙", "全", ""), IF(AG27=1, IF(AS27="雙", "半", "全"), IF(AG27=2, "半", "") ) ), IF(AF27="S", TEXT(AG27 & "sec", "text"), "") )) -> 半 | AU27: =IF(MID(E27,3,1)="/",LEFT(E27,2),LEFT(E27,3)) -> 75 | AV27: =IF(ISERROR((IF(AF27="S",AG27*AU27*G27*AC27/18*0.03456/100/1000, AU27*G27*AC27* (IF(OR(AND(AS27="單",AT27="全",OR(AF27="A",AF27="M")),AND(AS27="單",AT27="全",OR(AF27="T",AF27="J"))),1,0)+ IF(OR(AND(AS27="雙",AT27="全",OR(AF27="A",AF27="M")),AND(AS27="雙",AT27="半",OR(AF27="T",AF27="J"))),1,0)+ IF(AND(AS27="雙",AT27="全",OR(AF27="T",AF27="J")),2,0)+ IF(AND(AS27="單",AT27="半",OR(AF27="A",AF27="M")),0.5,0)+ IF(OR(AND(AS27="雙",AT27="半",OR(AF27="A",AF27="M")),AND(AS27="單",AT27="半",OR(AF27="T",AF27="J"))),0.5,0) )*0.03456/100/1000 ))),"",((IF(AF27="S",AG27*AU27*G27*AC27/18*0.03456/100/1000, AU27*G27*AC27* (IF(OR(AND(AS27="單",AT27="全",OR(AF27="A",AF27="M")),AND(AS27="單",AT27="全",OR(AF27="T",AF27="J"))),1,0)+ IF(OR(AND(AS27="雙",AT27="全",OR(AF27="A",AF27="M")),AND(AS27="雙",AT27="半",OR(AF27="T",AF27="J"))),1,0)+ IF(AND(AS27="雙",AT27="全",OR(AF27="T",AF27="J")),2,0)+ IF(AND(AS27="單",AT27="半",OR(AF27="A",AF27="M")),0.5,0)+ IF(OR(AND(AS27="雙",AT27="半",OR(AF27="A",AF27="M")),AND(AS27="單",AT27="半",OR(AF27="T",AF27="J"))),0.5,0) )*0.03456/100/1000 ))))
A28: =A27 -> 46174 | B28: T04 | C28: 2F7E03 | D28: K | E28: =IF(ISNA(VLOOKUP(C28,條件!$A$1:$G$1021,5,0)),"",(VLOOKUP(C28,條件!$A$1:$G$1021,5,0))) -> 225/72/2SDr | F28: =IF(ISNA(VLOOKUP(C28,條件!$A$1:$G$1021,6,0)),"",(VLOOKUP(C28,條件!$A$1:$G$1021,6,0))) -> FP83024R×2 | G28: =IF(ISNA(VLOOKUP(C28,條件!$A$1:$G$1021,7,0)),"",(VLOOKUP(C28,條件!$A$1:$G$1021,7,0))) -> 550 | H28: =IF(ISNA(VLOOKUP(C28,條件!$A$1:$K$1021,11,0)),"",(VLOOKUP(C28,條件!$A$1:$K$1021,11,0))) -> 灰色 | I28: =IF(ISNA(VLOOKUP(C28,條件!$A$1:$L$1021,12,0)),"",(VLOOKUP(C28,條件!$A$1:$L$1021,12,0))) -> 5.5 | L28: 改紡 | M28: 改紡 | Q28: 改紡 | U28: 改紡 | V28: 9 | W28: 2 | Y28: 9070 | Z28: =IFERROR(VLOOKUP(C28, 條件!$A:$L, 3, 0), "") -> 6.5454545 | AA28: =IF(OR(L28={"改紡","檢修","了機","清車","FINAL","停機","SAMPLE","TEST","絲開發","待料","跳車"}), L28, IFERROR(IF(C28="", "", (SUM(J28, N28, R28, V28)/3 * AG28) * IF(AND(AF28="S", AS28="雙"), 0.5, 1)), "")) -> 改紡 | AB28: =IF(K28="","",IF(ISERROR(1-(SUM(K28,O28,S28,W28)/208/Z28)),"",(1-(SUM(K28,O28,S28,W28)/208/Z28)))) | AC28: =IF(OR(L28={"改紡","檢修","了機","清車","FINAL","停機","SAMPLE","TEST"}), "", IFERROR(IF(C28="", "", AVERAGE(L28:M28, P28:Q28, T28:U28, X28:Y28)/100), "")) | AD28: =IF(ISERROR(AA28/8),"",(AA28/8)) | AE28: =IF(OR(L28="改紡", L28="檢修", L28="了機"), "", IF(AND(C28<>"", J28<>""), IFERROR((SUM(J28, N28, R28, V28) - SUM(K28, O28, S28, W28))/24 * AG28, ""), "") ) | AF28: =LEFT(B28,1) -> T | AG28: 2 | AH28: MAR | AI28: VIN | AJ28: VIN | AK28: MAMAY | AL28: 53 | AM28: 46146 | AN28: 46147 | AO28: 46148 | AS28: =IF(TEXT(RIGHT(F28,2),) = "×2","雙","單") -> 雙 | AT28: =IF(OR(AF28="J", AF28="T", AF28="M"), IF(AG28=1, "全", "半"), IF(AF28="A", IF(AG28=0.5, IF(AS28="雙", "全", ""), IF(AG28=1, IF(AS28="雙", "半", "全"), IF(AG28=2, "半", "") ) ), IF(AF28="S", TEXT(AG28 & "sec", "text"), "") )) -> 半 | AU28: =IF(MID(E28,3,1)="/",LEFT(E28,2),LEFT(E28,3)) -> 225 | AV28: =IF(ISERROR((IF(AF28="S",AG28*AU28*G28*AC28/18*0.03456/100/1000, AU28*G28*AC28* (IF(OR(AND(AS28="單",AT28="全",OR(AF28="A",AF28="M")),AND(AS28="單",AT28="全",OR(AF28="T",AF28="J"))),1,0)+ IF(OR(AND(AS28="雙",AT28="全",OR(AF28="A",AF28="M")),AND(AS28="雙",AT28="半",OR(AF28="T",AF28="J"))),1,0)+ IF(AND(AS28="雙",AT28="全",OR(AF28="T",AF28="J")),2,0)+ IF(AND(AS28="單",AT28="半",OR(AF28="A",AF28="M")),0.5,0)+ IF(OR(AND(AS28="雙",AT28="半",OR(AF28="A",AF28="M")),AND(AS28="單",AT28="半",OR(AF28="T",AF28="J"))),0.5,0) )*0.03456/100/1000 ))),"",((IF(AF28="S",AG28*AU28*G28*AC28/18*0.03456/100/1000, AU28*G28*AC28* (IF(OR(AND(AS28="單",AT28="全",OR(AF28="A",AF28="M")),AND(AS28="單",AT28="全",OR(AF28="T",AF28="J"))),1,0)+ IF(OR(AND(AS28="雙",AT28="全",OR(AF28="A",AF28="M")),AND(AS28="雙",AT28="半",OR(AF28="T",AF28="J"))),1,0)+ IF(AND(AS28="雙",AT28="全",OR(AF28="T",AF28="J")),2,0)+ IF(AND(AS28="單",AT28="半",OR(AF28="A",AF28="M")),0.5,0)+ IF(OR(AND(AS28="雙",AT28="半",OR(AF28="A",AF28="M")),AND(AS28="單",AT28="半",OR(AF28="T",AF28="J"))),0.5,0) )*0.03456/100/1000 ))))
A29: =A28 -> 46174 | B29: T05 | C29: 2F6II2 | D29: K | E29: =IF(ISNA(VLOOKUP(C29,條件!$A$1:$G$1021,5,0)),"",(VLOOKUP(C29,條件!$A$1:$G$1021,5,0))) -> 150/48/2SDr | F29: =IF(ISNA(VLOOKUP(C29,條件!$A$1:$G$1021,6,0)),"",(VLOOKUP(C29,條件!$A$1:$G$1021,6,0))) -> FP82173R×2 | G29: =IF(ISNA(VLOOKUP(C29,條件!$A$1:$G$1021,7,0)),"",(VLOOKUP(C29,條件!$A$1:$G$1021,7,0))) -> 700 | H29: =IF(ISNA(VLOOKUP(C29,條件!$A$1:$K$1021,11,0)),"",(VLOOKUP(C29,條件!$A$1:$K$1021,11,0))) -> 黃紅雙色 | I29: =IF(ISNA(VLOOKUP(C29,條件!$A$1:$L$1021,12,0)),"",(VLOOKUP(C29,條件!$A$1:$L$1021,12,0))) -> 5.5 | L29: 了機 | M29: 了機 | Q29: 了機 | U29: 了機 | Y29: 了機 | Z29: =IFERROR(VLOOKUP(C29, 條件!$A:$L, 3, 0), "") -> 5.8536585 | AA29: =IF(OR(L29={"改紡","檢修","了機","清車","FINAL","停機","SAMPLE","TEST","絲開發","待料","跳車"}), L29, IFERROR(IF(C29="", "", (SUM(J29, N29, R29, V29)/3 * AG29) * IF(AND(AF29="S", AS29="雙"), 0.5, 1)), "")) -> 了機 | AB29: =IF(K29="","",IF(ISERROR(1-(SUM(K29,O29,S29,W29)/208/Z29)),"",(1-(SUM(K29,O29,S29,W29)/208/Z29)))) | AC29: =IF(OR(L29={"改紡","檢修","了機","清車","FINAL","停機","SAMPLE","TEST"}), "", IFERROR(IF(C29="", "", AVERAGE(L29:M29, P29:Q29, T29:U29, X29:Y29)/100), "")) | AD29: =IF(ISERROR(AA29/8),"",(AA29/8)) | AE29: =IF(OR(L29="改紡", L29="檢修", L29="了機"), "", IF(AND(C29<>"", J29<>""), IFERROR((SUM(J29, N29, R29, V29) - SUM(K29, O29, S29, W29))/24 * AG29, ""), "") ) | AF29: =LEFT(B29,1) -> T | AG29: 1 | AH29: MAR | AI29: VIN | AJ29: VIN | AK29: MAMAY | AL29: 56 | AM29: 46165 | AN29: 46167 | AO29: 46168 | AS29: =IF(TEXT(RIGHT(F29,2),) = "×2","雙","單") -> 雙 | AT29: =IF(OR(AF29="J", AF29="T", AF29="M"), IF(AG29=1, "全", "半"), IF(AF29="A", IF(AG29=0.5, IF(AS29="雙", "全", ""), IF(AG29=1, IF(AS29="雙", "半", "全"), IF(AG29=2, "半", "") ) ), IF(AF29="S", TEXT(AG29 & "sec", "text"), "") )) -> 全 | AU29: =IF(MID(E29,3,1)="/",LEFT(E29,2),LEFT(E29,3)) -> 150 | AV29: =IF(ISERROR((IF(AF29="S",AG29*AU29*G29*AC29/18*0.03456/100/1000, AU29*G29*AC29* (IF(OR(AND(AS29="單",AT29="全",OR(AF29="A",AF29="M")),AND(AS29="單",AT29="全",OR(AF29="T",AF29="J"))),1,0)+ IF(OR(AND(AS29="雙",AT29="全",OR(AF29="A",AF29="M")),AND(AS29="雙",AT29="半",OR(AF29="T",AF29="J"))),1,0)+ IF(AND(AS29="雙",AT29="全",OR(AF29="T",AF29="J")),2,0)+ IF(AND(AS29="單",AT29="半",OR(AF29="A",AF29="M")),0.5,0)+ IF(OR(AND(AS29="雙",AT29="半",OR(AF29="A",AF29="M")),AND(AS29="單",AT29="半",OR(AF29="T",AF29="J"))),0.5,0) )*0.03456/100/1000 ))),"",((IF(AF29="S",AG29*AU29*G29*AC29/18*0.03456/100/1000, AU29*G29*AC29* (IF(OR(AND(AS29="單",AT29="全",OR(AF29="A",AF29="M")),AND(AS29="單",AT29="全",OR(AF29="T",AF29="J"))),1,0)+ IF(OR(AND(AS29="雙",AT29="全",OR(AF29="A",AF29="M")),AND(AS29="雙",AT29="半",OR(AF29="T",AF29="J"))),1,0)+ IF(AND(AS29="雙",AT29="全",OR(AF29="T",AF29="J")),2,0)+ IF(AND(AS29="單",AT29="半",OR(AF29="A",AF29="M")),0.5,0)+ IF(OR(AND(AS29="雙",AT29="半",OR(AF29="A",AF29="M")),AND(AS29="單",AT29="半",OR(AF29="T",AF29="J"))),0.5,0) )*0.03456/100/1000 ))))
A30: =A29 -> 46174 | B30: T06 | C30: 2F6IM2 | D30: K | E30: =IF(ISNA(VLOOKUP(C30,條件!$A$1:$G$1021,5,0)),"",(VLOOKUP(C30,條件!$A$1:$G$1021,5,0))) -> 150/48/2SDr | F30: =IF(ISNA(VLOOKUP(C30,條件!$A$1:$G$1021,6,0)),"",(VLOOKUP(C30,條件!$A$1:$G$1021,6,0))) -> FP82177R×2 | G30: =IF(ISNA(VLOOKUP(C30,條件!$A$1:$G$1021,7,0)),"",(VLOOKUP(C30,條件!$A$1:$G$1021,7,0))) -> 700 | H30: =IF(ISNA(VLOOKUP(C30,條件!$A$1:$K$1021,11,0)),"",(VLOOKUP(C30,條件!$A$1:$K$1021,11,0))) -> 黃綠條紋 | I30: =IF(ISNA(VLOOKUP(C30,條件!$A$1:$L$1021,12,0)),"",(VLOOKUP(C30,條件!$A$1:$L$1021,12,0))) -> 5.5 | L30: 改紡 | P30: 改紡 | T30: 開車 | V30: 8 | W30: 0 | X30: 9540 | Y30: 9070 | Z30: =IFERROR(VLOOKUP(C30, 條件!$A:$L, 3, 0), "") -> 5.8299595 | AA30: =IF(OR(L30={"改紡","檢修","了機","清車","FINAL","停機","SAMPLE","TEST","絲開發","待料","跳車"}), L30, IFERROR(IF(C30="", "", (SUM(J30, N30, R30, V30)/3 * AG30) * IF(AND(AF30="S", AS30="雙"), 0.5, 1)), "")) -> 改紡 | AB30: =IF(K30="","",IF(ISERROR(1-(SUM(K30,O30,S30,W30)/208/Z30)),"",(1-(SUM(K30,O30,S30,W30)/208/Z30)))) | AC30: =IF(OR(L30={"改紡","檢修","了機","清車","FINAL","停機","SAMPLE","TEST"}), "", IFERROR(IF(C30="", "", AVERAGE(L30:M30, P30:Q30, T30:U30, X30:Y30)/100), "")) | AD30: =IF(ISERROR(AA30/8),"",(AA30/8)) | AE30: =IF(OR(L30="改紡", L30="檢修", L30="了機"), "", IF(AND(C30<>"", J30<>""), IFERROR((SUM(J30, N30, R30, V30) - SUM(K30, O30, S30, W30))/24 * AG30, ""), "") ) | AF30: =LEFT(B30,1) -> T | AG30: 1 | AH30: DENDEN | AI30: WILSON | AJ30: WILSON | AK30: JONA | AL30: 56 | AM30: 46173 | AN30: 46174 | AS30: =IF(TEXT(RIGHT(F30,2),) = "×2","雙","單") -> 雙 | AT30: =IF(OR(AF30="J", AF30="T", AF30="M"), IF(AG30=1, "全", "半"), IF(AF30="A", IF(AG30=0.5, IF(AS30="雙", "全", ""), IF(AG30=1, IF(AS30="雙", "半", "全"), IF(AG30=2, "半", "") ) ), IF(AF30="S", TEXT(AG30 & "sec", "text"), "") )) -> 全 | AU30: =IF(MID(E30,3,1)="/",LEFT(E30,2),LEFT(E30,3)) -> 150 | AV30: =IF(ISERROR((IF(AF30="S",AG30*AU30*G30*AC30/18*0.03456/100/1000, AU30*G30*AC30* (IF(OR(AND(AS30="單",AT30="全",OR(AF30="A",AF30="M")),AND(AS30="單",AT30="全",OR(AF30="T",AF30="J"))),1,0)+ IF(OR(AND(AS30="雙",AT30="全",OR(AF30="A",AF30="M")),AND(AS30="雙",AT30="半",OR(AF30="T",AF30="J"))),1,0)+ IF(AND(AS30="雙",AT30="全",OR(AF30="T",AF30="J")),2,0)+ IF(AND(AS30="單",AT30="半",OR(AF30="A",AF30="M")),0.5,0)+ IF(OR(AND(AS30="雙",AT30="半",OR(AF30="A",AF30="M")),AND(AS30="單",AT30="半",OR(AF30="T",AF30="J"))),0.5,0) )*0.03456/100/1000 ))),"",((IF(AF30="S",AG30*AU30*G30*AC30/18*0.03456/100/1000, AU30*G30*AC30* (IF(OR(AND(AS30="單",AT30="全",OR(AF30="A",AF30="M")),AND(AS30="單",AT30="全",OR(AF30="T",AF30="J"))),1,0)+ IF(OR(AND(AS30="雙",AT30="全",OR(AF30="A",AF30="M")),AND(AS30="雙",AT30="半",OR(AF30="T",AF30="J"))),1,0)+ IF(AND(AS30="雙",AT30="全",OR(AF30="T",AF30="J")),2,0)+ IF(AND(AS30="單",AT30="半",OR(AF30="A",AF30="M")),0.5,0)+ IF(OR(AND(AS30="雙",AT30="半",OR(AF30="A",AF30="M")),AND(AS30="單",AT30="半",OR(AF30="T",AF30="J"))),0.5,0) )*0.03456/100/1000 ))))
A31: =A30 -> 46174 | B31: S01 | C31: 2F43Q2 | E31: =IF(ISNA(VLOOKUP(C31,條件!$A$1:$G$1021,5,0)),"",(VLOOKUP(C31,條件!$A$1:$G$1021,5,0))) -> 75/72/2SDFFR | F31: =IF(ISNA(VLOOKUP(C31,條件!$A$1:$G$1021,6,0)),"",(VLOOKUP(C31,條件!$A$1:$G$1021,6,0))) -> FP81209R×2 | G31: =IF(ISNA(VLOOKUP(C31,條件!$A$1:$G$1021,7,0)),"",(VLOOKUP(C31,條件!$A$1:$G$1021,7,0))) -> 600 | H31: =IF(ISNA(VLOOKUP(C31,條件!$A$1:$K$1021,11,0)),"",(VLOOKUP(C31,條件!$A$1:$K$1021,11,0))) -> 白底紅十字 | I31: =IF(ISNA(VLOOKUP(C31,條件!$A$1:$L$1021,12,0)),"",(VLOOKUP(C31,條件!$A$1:$L$1021,12,0))) -> 5 | L31: 了機 | P31: 了機 | T31: 了機 | X31: 了機 | Z31: =IFERROR(VLOOKUP(C31, 條件!$A:$L, 3, 0), "") -> 2.7852998 | AA31: =IF(OR(L31={"改紡","檢修","了機","清車","FINAL","停機","SAMPLE","TEST","絲開發","待料","跳車"}), L31, IFERROR(IF(C31="", "", (SUM(J31, N31, R31, V31)/3 * AG31) * IF(AND(AF31="S", AS31="雙"), 0.5, 1)), "")) -> 了機 | AB31: =IF(K31="","",IF(ISERROR(1-(SUM(K31,O31,S31,W31)/208/Z31)),"",(1-(SUM(K31,O31,S31,W31)/208/Z31)))) | AC31: =IF(OR(L31={"改紡","檢修","了機","清車","FINAL","停機","SAMPLE","TEST"}), "", IFERROR(IF(C31="", "", AVERAGE(L31:M31, P31:Q31, T31:U31, X31:Y31)/100), "")) | AD31: =IF(ISERROR(AA31/8),"",(AA31/8)) | AE31: =IF(OR(L31="改紡", L31="檢修", L31="了機"), "", IF(AND(C31<>"", J31<>""), IFERROR((SUM(J31, N31, R31, V31) - SUM(K31, O31, S31, W31))/24 * AG31, ""), "") ) | AF31: =LEFT(B31,1) -> S | AG31: 3 | AH31: JOHNDEL | AI31: NASH | AJ31: NASH | AK31: JUNJUN | AL31: 50 | AM31: 46088 | AS31: =IF(TEXT(RIGHT(F31,2),) = "×2","雙","單") -> 雙 | AT31: =IF(OR(AF31="J", AF31="T", AF31="M"), IF(AG31=1, "全", "半"), IF(AF31="A", IF(AG31=0.5, IF(AS31="雙", "全", ""), IF(AG31=1, IF(AS31="雙", "半", "全"), IF(AG31=2, "半", "") ) ), IF(AF31="S", TEXT(AG31 & "sec", "text"), "") )) -> 3sec | AU31: =IF(MID(E31,3,1)="/",LEFT(E31,2),LEFT(E31,3)) -> 75 | AV31: =IF(ISERROR((IF(AF31="S",AG31*AU31*G31*AC31/18*0.03456/100/1000, AU31*G31*AC31* (IF(OR(AND(AS31="單",AT31="全",OR(AF31="A",AF31="M")),AND(AS31="單",AT31="全",OR(AF31="T",AF31="J"))),1,0)+ IF(OR(AND(AS31="雙",AT31="全",OR(AF31="A",AF31="M")),AND(AS31="雙",AT31="半",OR(AF31="T",AF31="J"))),1,0)+ IF(AND(AS31="雙",AT31="全",OR(AF31="T",AF31="J")),2,0)+ IF(AND(AS31="單",AT31="半",OR(AF31="A",AF31="M")),0.5,0)+ IF(OR(AND(AS31="雙",AT31="半",OR(AF31="A",AF31="M")),AND(AS31="單",AT31="半",OR(AF31="T",AF31="J"))),0.5,0) )*0.03456/100/1000 ))),"",((IF(AF31="S",AG31*AU31*G31*AC31/18*0.03456/100/1000, AU31*G31*AC31* (IF(OR(AND(AS31="單",AT31="全",OR(AF31="A",AF31="M")),AND(AS31="單",AT31="全",OR(AF31="T",AF31="J"))),1,0)+ IF(OR(AND(AS31="雙",AT31="全",OR(AF31="A",AF31="M")),AND(AS31="雙",AT31="半",OR(AF31="T",AF31="J"))),1,0)+ IF(AND(AS31="雙",AT31="全",OR(AF31="T",AF31="J")),2,0)+ IF(AND(AS31="單",AT31="半",OR(AF31="A",AF31="M")),0.5,0)+ IF(OR(AND(AS31="雙",AT31="半",OR(AF31="A",AF31="M")),AND(AS31="單",AT31="半",OR(AF31="T",AF31="J"))),0.5,0) )*0.03456/100/1000 ))))
A32: =A31 -> 46174 | B32: S02 | C32: 絲開發 | E32: =IF(ISNA(VLOOKUP(C32,條件!$A$1:$G$1021,5,0)),"",(VLOOKUP(C32,條件!$A$1:$G$1021,5,0))) | F32: =IF(ISNA(VLOOKUP(C32,條件!$A$1:$G$1021,6,0)),"",(VLOOKUP(C32,條件!$A$1:$G$1021,6,0))) | G32: =IF(ISNA(VLOOKUP(C32,條件!$A$1:$G$1021,7,0)),"",(VLOOKUP(C32,條件!$A$1:$G$1021,7,0))) | H32: =IF(ISNA(VLOOKUP(C32,條件!$A$1:$K$1021,11,0)),"",(VLOOKUP(C32,條件!$A$1:$K$1021,11,0))) | I32: =IF(ISNA(VLOOKUP(C32,條件!$A$1:$L$1021,12,0)),"",(VLOOKUP(C32,條件!$A$1:$L$1021,12,0))) | L32: 絲開發 | P32: 絲開發 | T32: 絲開發 | X32: 絲開發 | Z32: =IFERROR(VLOOKUP(C32, 條件!$A:$L, 3, 0), "") | AA32: =IF(OR(L32={"改紡","檢修","了機","清車","FINAL","停機","SAMPLE","TEST","絲開發","待料","跳車"}), L32, IFERROR(IF(C32="", "", (SUM(J32, N32, R32, V32)/3 * AG32) * IF(AND(AF32="S", AS32="雙"), 0.5, 1)), "")) -> 絲開發 | AB32: =IF(K32="","",IF(ISERROR(1-(SUM(K32,O32,S32,W32)/208/Z32)),"",(1-(SUM(K32,O32,S32,W32)/208/Z32)))) | AC32: =IF(OR(L32={"改紡","檢修","了機","清車","FINAL","停機","SAMPLE","TEST"}), "", IFERROR(IF(C32="", "", AVERAGE(L32:M32, P32:Q32, T32:U32, X32:Y32)/100), "")) | AD32: =IF(ISERROR(AA32/8),"",(AA32/8)) | AE32: =IF(OR(L32="改紡", L32="檢修", L32="了機"), "", IF(AND(C32<>"", J32<>""), IFERROR((SUM(J32, N32, R32, V32) - SUM(K32, O32, S32, W32))/24 * AG32, ""), "") ) | AF32: =LEFT(B32,1) -> S | AG32: 5 | AH32: JOHNDEL | AI32: NASH | AJ32: NASH | AK32: JUNJUN | AS32: =IF(TEXT(RIGHT(F32,2),) = "×2","雙","單") -> 單 | AT32: =IF(OR(AF32="J", AF32="T", AF32="M"), IF(AG32=1, "全", "半"), IF(AF32="A", IF(AG32=0.5, IF(AS32="雙", "全", ""), IF(AG32=1, IF(AS32="雙", "半", "全"), IF(AG32=2, "半", "") ) ), IF(AF32="S", TEXT(AG32 & "sec", "text"), "") )) -> 5sec | AU32: =IF(MID(E32,3,1)="/",LEFT(E32,2),LEFT(E32,3)) | AV32: =IF(ISERROR((IF(AF32="S",AG32*AU32*G32*AC32/18*0.03456/100/1000, AU32*G32*AC32* (IF(OR(AND(AS32="單",AT32="全",OR(AF32="A",AF32="M")),AND(AS32="單",AT32="全",OR(AF32="T",AF32="J"))),1,0)+ IF(OR(AND(AS32="雙",AT32="全",OR(AF32="A",AF32="M")),AND(AS32="雙",AT32="半",OR(AF32="T",AF32="J"))),1,0)+ IF(AND(AS32="雙",AT32="全",OR(AF32="T",AF32="J")),2,0)+ IF(AND(AS32="單",AT32="半",OR(AF32="A",AF32="M")),0.5,0)+ IF(OR(AND(AS32="雙",AT32="半",OR(AF32="A",AF32="M")),AND(AS32="單",AT32="半",OR(AF32="T",AF32="J"))),0.5,0) )*0.03456/100/1000 ))),"",((IF(AF32="S",AG32*AU32*G32*AC32/18*0.03456/100/1000, AU32*G32*AC32* (IF(OR(AND(AS32="單",AT32="全",OR(AF32="A",AF32="M")),AND(AS32="單",AT32="全",OR(AF32="T",AF32="J"))),1,0)+ IF(OR(AND(AS32="雙",AT32="全",OR(AF32="A",AF32="M")),AND(AS32="雙",AT32="半",OR(AF32="T",AF32="J"))),1,0)+ IF(AND(AS32="雙",AT32="全",OR(AF32="T",AF32="J")),2,0)+ IF(AND(AS32="單",AT32="半",OR(AF32="A",AF32="M")),0.5,0)+ IF(OR(AND(AS32="雙",AT32="半",OR(AF32="A",AF32="M")),AND(AS32="單",AT32="半",OR(AF32="T",AF32="J"))),0.5,0) )*0.03456/100/1000 ))))
A33: 46175 | B33: A07 | C33: 停機 | E33: =IF(ISNA(VLOOKUP(C33,條件!$A$1:$G$1021,5,0)),"",(VLOOKUP(C33,條件!$A$1:$G$1021,5,0))) | F33: =IF(ISNA(VLOOKUP(C33,條件!$A$1:$G$1021,6,0)),"",(VLOOKUP(C33,條件!$A$1:$G$1021,6,0))) | G33: =IF(ISNA(VLOOKUP(C33,條件!$A$1:$G$1021,7,0)),"",(VLOOKUP(C33,條件!$A$1:$G$1021,7,0))) | H33: =IF(ISNA(VLOOKUP(C33,條件!$A$1:$K$1021,11,0)),"",(VLOOKUP(C33,條件!$A$1:$K$1021,11,0))) | I33: =IF(ISNA(VLOOKUP(C33,條件!$A$1:$L$1021,12,0)),"",(VLOOKUP(C33,條件!$A$1:$L$1021,12,0))) | L33: 停機 | P33: 停機 | T33: 停機 | X33: 停機 | Z33: =IFERROR(VLOOKUP(C33, 條件!$A:$L, 3, 0), "") | AA33: =IF(OR(L33={"改紡","檢修","了機","清車","FINAL","停機","SAMPLE","TEST","絲開發","待料","跳車"}), L33, IFERROR(IF(C33="", "", (SUM(J33, N33, R33, V33)/3 * AG33) * IF(AND(AF33="S", AS33="雙"), 0.5, 1)), "")) -> 停機 | AB33: =IF(K33="","",IF(ISERROR(1-(SUM(K33,O33,S33,W33)/208/Z33)),"",(1-(SUM(K33,O33,S33,W33)/208/Z33)))) | AC33: =IF(OR(L33={"改紡","檢修","了機","清車","FINAL","停機","SAMPLE","TEST"}), "", IFERROR(IF(C33="", "", AVERAGE(L33:M33, P33:Q33, T33:U33, X33:Y33)/100), "")) | AD33: =IF(ISERROR(AA33/8),"",(AA33/8)) | AE33: =IF(OR(L33="改紡", L33="檢修", L33="了機"), "", IF(AND(C33<>"", J33<>""), IFERROR((SUM(J33, N33, R33, V33) - SUM(K33, O33, S33, W33))/24 * AG33, ""), "") ) | AF33: =LEFT(B33,1) -> A | AG33: 1 | AH33: NA | AI33: NA | AJ33: NA | AK33: NA | AS33: =IF(TEXT(RIGHT(F33,2),) = "×2","雙","單") -> 單 | AT33: =IF(OR(AF33="J", AF33="T", AF33="M"), IF(AG33=1, "全", "半"), IF(AF33="A", IF(AG33=0.5, IF(AS33="雙", "全", ""), IF(AG33=1, IF(AS33="雙", "半", "全"), IF(AG33=2, "半", "") ) ), IF(AF33="S", TEXT(AG33 & "sec", "text"), "") )) -> 全 | AU33: =IF(MID(E33,3,1)="/",LEFT(E33,2),LEFT(E33,3)) | AV33: =IF(ISERROR((IF(AF33="S",AG33*AU33*G33*AC33/18*0.03456/100/1000, AU33*G33*AC33* (IF(OR(AND(AS33="單",AT33="全",OR(AF33="A",AF33="M")),AND(AS33="單",AT33="全",OR(AF33="T",AF33="J"))),1,0)+ IF(OR(AND(AS33="雙",AT33="全",OR(AF33="A",AF33="M")),AND(AS33="雙",AT33="半",OR(AF33="T",AF33="J"))),1,0)+ IF(AND(AS33="雙",AT33="全",OR(AF33="T",AF33="J")),2,0)+ IF(AND(AS33="單",AT33="半",OR(AF33="A",AF33="M")),0.5,0)+ IF(OR(AND(AS33="雙",AT33="半",OR(AF33="A",AF33="M")),AND(AS33="單",AT33="半",OR(AF33="T",AF33="J"))),0.5,0) )*0.03456/100/1000 ))),"",((IF(AF33="S",AG33*AU33*G33*AC33/18*0.03456/100/1000, AU33*G33*AC33* (IF(OR(AND(AS33="單",AT33="全",OR(AF33="A",AF33="M")),AND(AS33="單",AT33="全",OR(AF33="T",AF33="J"))),1,0)+ IF(OR(AND(AS33="雙",AT33="全",OR(AF33="A",AF33="M")),AND(AS33="雙",AT33="半",OR(AF33="T",AF33="J"))),1,0)+ IF(AND(AS33="雙",AT33="全",OR(AF33="T",AF33="J")),2,0)+ IF(AND(AS33="單",AT33="半",OR(AF33="A",AF33="M")),0.5,0)+ IF(OR(AND(AS33="雙",AT33="半",OR(AF33="A",AF33="M")),AND(AS33="單",AT33="半",OR(AF33="T",AF33="J"))),0.5,0) )*0.03456/100/1000 ))))
A34: =A33 -> 46175 | B34: A08 | C34: 停機 | E34: =IF(ISNA(VLOOKUP(C34,條件!$A$1:$G$1021,5,0)),"",(VLOOKUP(C34,條件!$A$1:$G$1021,5,0))) | F34: =IF(ISNA(VLOOKUP(C34,條件!$A$1:$G$1021,6,0)),"",(VLOOKUP(C34,條件!$A$1:$G$1021,6,0))) | G34: =IF(ISNA(VLOOKUP(C34,條件!$A$1:$G$1021,7,0)),"",(VLOOKUP(C34,條件!$A$1:$G$1021,7,0))) | H34: =IF(ISNA(VLOOKUP(C34,條件!$A$1:$K$1021,11,0)),"",(VLOOKUP(C34,條件!$A$1:$K$1021,11,0))) | I34: =IF(ISNA(VLOOKUP(C34,條件!$A$1:$L$1021,12,0)),"",(VLOOKUP(C34,條件!$A$1:$L$1021,12,0))) | L34: 停機 | P34: 停機 | T34: 停機 | X34: 停機 | Z34: =IFERROR(VLOOKUP(C34, 條件!$A:$L, 3, 0), "") | AA34: =IF(OR(L34={"改紡","檢修","了機","清車","FINAL","停機","SAMPLE","TEST","絲開發","待料","跳車"}), L34, IFERROR(IF(C34="", "", (SUM(J34, N34, R34, V34)/3 * AG34) * IF(AND(AF34="S", AS34="雙"), 0.5, 1)), "")) -> 停機 | AB34: =IF(K34="","",IF(ISERROR(1-(SUM(K34,O34,S34,W34)/208/Z34)),"",(1-(SUM(K34,O34,S34,W34)/208/Z34)))) | AC34: =IF(OR(L34={"改紡","檢修","了機","清車","FINAL","停機","SAMPLE","TEST"}), "", IFERROR(IF(C34="", "", AVERAGE(L34:M34, P34:Q34, T34:U34, X34:Y34)/100), "")) | AD34: =IF(ISERROR(AA34/8),"",(AA34/8)) | AE34: =IF(OR(L34="改紡", L34="檢修", L34="了機"), "", IF(AND(C34<>"", J34<>""), IFERROR((SUM(J34, N34, R34, V34) - SUM(K34, O34, S34, W34))/24 * AG34, ""), "") ) | AF34: =LEFT(B34,1) -> A | AG34: 1 | AH34: NA | AI34: NA | AJ34: NA | AK34: NA | AS34: =IF(TEXT(RIGHT(F34,2),) = "×2","雙","單") -> 單 | AT34: =IF(OR(AF34="J", AF34="T", AF34="M"), IF(AG34=1, "全", "半"), IF(AF34="A", IF(AG34=0.5, IF(AS34="雙", "全", ""), IF(AG34=1, IF(AS34="雙", "半", "全"), IF(AG34=2, "半", "") ) ), IF(AF34="S", TEXT(AG34 & "sec", "text"), "") )) -> 全 | AU34: =IF(MID(E34,3,1)="/",LEFT(E34,2),LEFT(E34,3)) | AV34: =IF(ISERROR((IF(AF34="S",AG34*AU34*G34*AC34/18*0.03456/100/1000, AU34*G34*AC34* (IF(OR(AND(AS34="單",AT34="全",OR(AF34="A",AF34="M")),AND(AS34="單",AT34="全",OR(AF34="T",AF34="J"))),1,0)+ IF(OR(AND(AS34="雙",AT34="全",OR(AF34="A",AF34="M")),AND(AS34="雙",AT34="半",OR(AF34="T",AF34="J"))),1,0)+ IF(AND(AS34="雙",AT34="全",OR(AF34="T",AF34="J")),2,0)+ IF(AND(AS34="單",AT34="半",OR(AF34="A",AF34="M")),0.5,0)+ IF(OR(AND(AS34="雙",AT34="半",OR(AF34="A",AF34="M")),AND(AS34="單",AT34="半",OR(AF34="T",AF34="J"))),0.5,0) )*0.03456/100/1000 ))),"",((IF(AF34="S",AG34*AU34*G34*AC34/18*0.03456/100/1000, AU34*G34*AC34* (IF(OR(AND(AS34="單",AT34="全",OR(AF34="A",AF34="M")),AND(AS34="單",AT34="全",OR(AF34="T",AF34="J"))),1,0)+ IF(OR(AND(AS34="雙",AT34="全",OR(AF34="A",AF34="M")),AND(AS34="雙",AT34="半",OR(AF34="T",AF34="J"))),1,0)+ IF(AND(AS34="雙",AT34="全",OR(AF34="T",AF34="J")),2,0)+ IF(AND(AS34="單",AT34="半",OR(AF34="A",AF34="M")),0.5,0)+ IF(OR(AND(AS34="雙",AT34="半",OR(AF34="A",AF34="M")),AND(AS34="單",AT34="半",OR(AF34="T",AF34="J"))),0.5,0) )*0.03456/100/1000 ))))
A35: =A34 -> 46175 | B35: A09 | C35: 停機 | E35: =IF(ISNA(VLOOKUP(C35,條件!$A$1:$G$1021,5,0)),"",(VLOOKUP(C35,條件!$A$1:$G$1021,5,0))) | F35: =IF(ISNA(VLOOKUP(C35,條件!$A$1:$G$1021,6,0)),"",(VLOOKUP(C35,條件!$A$1:$G$1021,6,0))) | G35: =IF(ISNA(VLOOKUP(C35,條件!$A$1:$G$1021,7,0)),"",(VLOOKUP(C35,條件!$A$1:$G$1021,7,0))) | H35: =IF(ISNA(VLOOKUP(C35,條件!$A$1:$K$1021,11,0)),"",(VLOOKUP(C35,條件!$A$1:$K$1021,11,0))) | I35: =IF(ISNA(VLOOKUP(C35,條件!$A$1:$L$1021,12,0)),"",(VLOOKUP(C35,條件!$A$1:$L$1021,12,0))) | L35: 停機 | P35: 停機 | T35: 停機 | X35: 停機 | Z35: =IFERROR(VLOOKUP(C35, 條件!$A:$L, 3, 0), "") | AA35: =IF(OR(L35={"改紡","檢修","了機","清車","FINAL","停機","SAMPLE","TEST","絲開發","待料","跳車"}), L35, IFERROR(IF(C35="", "", (SUM(J35, N35, R35, V35)/3 * AG35) * IF(AND(AF35="S", AS35="雙"), 0.5, 1)), "")) -> 停機 | AB35: =IF(K35="","",IF(ISERROR(1-(SUM(K35,O35,S35,W35)/208/Z35)),"",(1-(SUM(K35,O35,S35,W35)/208/Z35)))) | AC35: =IF(OR(L35={"改紡","檢修","了機","清車","FINAL","停機","SAMPLE","TEST"}), "", IFERROR(IF(C35="", "", AVERAGE(L35:M35, P35:Q35, T35:U35, X35:Y35)/100), "")) | AD35: =IF(ISERROR(AA35/8),"",(AA35/8)) | AE35: =IF(OR(L35="改紡", L35="檢修", L35="了機"), "", IF(AND(C35<>"", J35<>""), IFERROR((SUM(J35, N35, R35, V35) - SUM(K35, O35, S35, W35))/24 * AG35, ""), "") ) | AF35: =LEFT(B35,1) -> A | AG35: 1 | AH35: NA | AI35: NA | AJ35: NA | AK35: NA | AS35: =IF(TEXT(RIGHT(F35,2),) = "×2","雙","單") -> 單 | AT35: =IF(OR(AF35="J", AF35="T", AF35="M"), IF(AG35=1, "全", "半"), IF(AF35="A", IF(AG35=0.5, IF(AS35="雙", "全", ""), IF(AG35=1, IF(AS35="雙", "半", "全"), IF(AG35=2, "半", "") ) ), IF(AF35="S", TEXT(AG35 & "sec", "text"), "") )) -> 全 | AU35: =IF(MID(E35,3,1)="/",LEFT(E35,2),LEFT(E35,3)) | AV35: =IF(ISERROR((IF(AF35="S",AG35*AU35*G35*AC35/18*0.03456/100/1000, AU35*G35*AC35* (IF(OR(AND(AS35="單",AT35="全",OR(AF35="A",AF35="M")),AND(AS35="單",AT35="全",OR(AF35="T",AF35="J"))),1,0)+ IF(OR(AND(AS35="雙",AT35="全",OR(AF35="A",AF35="M")),AND(AS35="雙",AT35="半",OR(AF35="T",AF35="J"))),1,0)+ IF(AND(AS35="雙",AT35="全",OR(AF35="T",AF35="J")),2,0)+ IF(AND(AS35="單",AT35="半",OR(AF35="A",AF35="M")),0.5,0)+ IF(OR(AND(AS35="雙",AT35="半",OR(AF35="A",AF35="M")),AND(AS35="單",AT35="半",OR(AF35="T",AF35="J"))),0.5,0) )*0.03456/100/1000 ))),"",((IF(AF35="S",AG35*AU35*G35*AC35/18*0.03456/100/1000, AU35*G35*AC35* (IF(OR(AND(AS35="單",AT35="全",OR(AF35="A",AF35="M")),AND(AS35="單",AT35="全",OR(AF35="T",AF35="J"))),1,0)+ IF(OR(AND(AS35="雙",AT35="全",OR(AF35="A",AF35="M")),AND(AS35="雙",AT35="半",OR(AF35="T",AF35="J"))),1,0)+ IF(AND(AS35="雙",AT35="全",OR(AF35="T",AF35="J")),2,0)+ IF(AND(AS35="單",AT35="半",OR(AF35="A",AF35="M")),0.5,0)+ IF(OR(AND(AS35="雙",AT35="半",OR(AF35="A",AF35="M")),AND(AS35="單",AT35="半",OR(AF35="T",AF35="J"))),0.5,0) )*0.03456/100/1000 ))))
A36: =A35 -> 46175 | B36: A10 | C36: 停機 | E36: =IF(ISNA(VLOOKUP(C36,條件!$A$1:$G$1021,5,0)),"",(VLOOKUP(C36,條件!$A$1:$G$1021,5,0))) | F36: =IF(ISNA(VLOOKUP(C36,條件!$A$1:$G$1021,6,0)),"",(VLOOKUP(C36,條件!$A$1:$G$1021,6,0))) | G36: =IF(ISNA(VLOOKUP(C36,條件!$A$1:$G$1021,7,0)),"",(VLOOKUP(C36,條件!$A$1:$G$1021,7,0))) | H36: =IF(ISNA(VLOOKUP(C36,條件!$A$1:$K$1021,11,0)),"",(VLOOKUP(C36,條件!$A$1:$K$1021,11,0))) | I36: =IF(ISNA(VLOOKUP(C36,條件!$A$1:$L$1021,12,0)),"",(VLOOKUP(C36,條件!$A$1:$L$1021,12,0))) | L36: 停機 | P36: 停機 | T36: 停機 | X36: 停機 | Z36: =IFERROR(VLOOKUP(C36, 條件!$A:$L, 3, 0), "") | AA36: =IF(OR(L36={"改紡","檢修","了機","清車","FINAL","停機","SAMPLE","TEST","絲開發","待料","跳車"}), L36, IFERROR(IF(C36="", "", (SUM(J36, N36, R36, V36)/3 * AG36) * IF(AND(AF36="S", AS36="雙"), 0.5, 1)), "")) -> 停機 | AB36: =IF(K36="","",IF(ISERROR(1-(SUM(K36,O36,S36,W36)/208/Z36)),"",(1-(SUM(K36,O36,S36,W36)/208/Z36)))) | AC36: =IF(OR(L36={"改紡","檢修","了機","清車","FINAL","停機","SAMPLE","TEST"}), "", IFERROR(IF(C36="", "", AVERAGE(L36:M36, P36:Q36, T36:U36, X36:Y36)/100), "")) | AD36: =IF(ISERROR(AA36/8),"",(AA36/8)) | AE36: =IF(OR(L36="改紡", L36="檢修", L36="了機"), "", IF(AND(C36<>"", J36<>""), IFERROR((SUM(J36, N36, R36, V36) - SUM(K36, O36, S36, W36))/24 * AG36, ""), "") ) | AF36: =LEFT(B36,1) -> A | AG36: 1 | AH36: NA | AI36: NA | AJ36: NA | AK36: NA | AS36: =IF(TEXT(RIGHT(F36,2),) = "×2","雙","單") -> 單 | AT36: =IF(OR(AF36="J", AF36="T", AF36="M"), IF(AG36=1, "全", "半"), IF(AF36="A", IF(AG36=0.5, IF(AS36="雙", "全", ""), IF(AG36=1, IF(AS36="雙", "半", "全"), IF(AG36=2, "半", "") ) ), IF(AF36="S", TEXT(AG36 & "sec", "text"), "") )) -> 全 | AU36: =IF(MID(E36,3,1)="/",LEFT(E36,2),LEFT(E36,3)) | AV36: =IF(ISERROR((IF(AF36="S",AG36*AU36*G36*AC36/18*0.03456/100/1000, AU36*G36*AC36* (IF(OR(AND(AS36="單",AT36="全",OR(AF36="A",AF36="M")),AND(AS36="單",AT36="全",OR(AF36="T",AF36="J"))),1,0)+ IF(OR(AND(AS36="雙",AT36="全",OR(AF36="A",AF36="M")),AND(AS36="雙",AT36="半",OR(AF36="T",AF36="J"))),1,0)+ IF(AND(AS36="雙",AT36="全",OR(AF36="T",AF36="J")),2,0)+ IF(AND(AS36="單",AT36="半",OR(AF36="A",AF36="M")),0.5,0)+ IF(OR(AND(AS36="雙",AT36="半",OR(AF36="A",AF36="M")),AND(AS36="單",AT36="半",OR(AF36="T",AF36="J"))),0.5,0) )*0.03456/100/1000 ))),"",((IF(AF36="S",AG36*AU36*G36*AC36/18*0.03456/100/1000, AU36*G36*AC36* (IF(OR(AND(AS36="單",AT36="全",OR(AF36="A",AF36="M")),AND(AS36="單",AT36="全",OR(AF36="T",AF36="J"))),1,0)+ IF(OR(AND(AS36="雙",AT36="全",OR(AF36="A",AF36="M")),AND(AS36="雙",AT36="半",OR(AF36="T",AF36="J"))),1,0)+ IF(AND(AS36="雙",AT36="全",OR(AF36="T",AF36="J")),2,0)+ IF(AND(AS36="單",AT36="半",OR(AF36="A",AF36="M")),0.5,0)+ IF(OR(AND(AS36="雙",AT36="半",OR(AF36="A",AF36="M")),AND(AS36="單",AT36="半",OR(AF36="T",AF36="J"))),0.5,0) )*0.03456/100/1000 ))))
A37: =A36 -> 46175 | B37: A11 | C37: 2FA062 | E37: =IF(ISNA(VLOOKUP(C37,條件!$A$1:$G$1021,5,0)),"",(VLOOKUP(C37,條件!$A$1:$G$1021,5,0))) -> 75/72SRR5 | F37: =IF(ISNA(VLOOKUP(C37,條件!$A$1:$G$1021,6,0)),"",(VLOOKUP(C37,條件!$A$1:$G$1021,6,0))) -> FP81631R | G37: =IF(ISNA(VLOOKUP(C37,條件!$A$1:$G$1021,7,0)),"",(VLOOKUP(C37,條件!$A$1:$G$1021,7,0))) -> 600 | H37: =IF(ISNA(VLOOKUP(C37,條件!$A$1:$K$1021,11,0)),"",(VLOOKUP(C37,條件!$A$1:$K$1021,11,0))) -> 白藍條 | I37: =IF(ISNA(VLOOKUP(C37,條件!$A$1:$L$1021,12,0)),"",(VLOOKUP(C37,條件!$A$1:$L$1021,12,0))) -> 4 | J37: 19 | K37: 1 | L37: 9448 | M37: 9469 | R37: 22 | S37: 0 | T37: 9357 | U37: 9765 | V37: 25 | W37: 1 | X37: 9569 | Y37: 9376 | Z37: =IFERROR(VLOOKUP(C37, 條件!$A:$L, 3, 0), "") -> 1.7625459 | AA37: =IF(OR(L37={"改紡","檢修","了機","清車","FINAL","停機","SAMPLE","TEST","絲開發","待料","跳車"}), L37, IFERROR(IF(C37="", "", (SUM(J37, N37, R37, V37)/3 * AG37) * IF(AND(AF37="S", AS37="雙"), 0.5, 1)), "")) -> 22 | AB37: =IF(K37="","",IF(ISERROR(1-(SUM(K37,O37,S37,W37)/208/Z37)),"",(1-(SUM(K37,O37,S37,W37)/208/Z37)))) -> 0.9945446 | AC37: =IF(OR(L37={"改紡","檢修","了機","清車","FINAL","停機","SAMPLE","TEST"}), "", IFERROR(IF(C37="", "", AVERAGE(L37:M37, P37:Q37, T37:U37, X37:Y37)/100), "")) -> 94.973333 | AD37: =IF(ISERROR(AA37/8),"",(AA37/8)) -> 2.75 | AE37: =IF(OR(L37="改紡", L37="檢修", L37="了機"), "", IF(AND(C37<>"", J37<>""), IFERROR((SUM(J37, N37, R37, V37) - SUM(K37, O37, S37, W37))/24 * AG37, ""), "") ) -> 2.6666667 | AF37: =LEFT(B37,1) -> A | AG37: 1 | AH37: JERON | AI37: JERON | AJ37: JERON | AK37: RON | AL37: 54 | AM37: 46049 | AN37: 46050 | AO37: 46051 | AP37: 46052 | AS37: =IF(TEXT(RIGHT(F37,2),) = "×2","雙","單") -> 單 | AT37: =IF(OR(AF37="J", AF37="T", AF37="M"), IF(AG37=1, "全", "半"), IF(AF37="A", IF(AG37=0.5, IF(AS37="雙", "全", ""), IF(AG37=1, IF(AS37="雙", "半", "全"), IF(AG37=2, "半", "") ) ), IF(AF37="S", TEXT(AG37 & "sec", "text"), "") )) -> 全 | AU37: =IF(MID(E37,3,1)="/",LEFT(E37,2),LEFT(E37,3)) -> 75 | AV37: =IF(ISERROR((IF(AF37="S",AG37*AU37*G37*AC37/18*0.03456/100/1000, AU37*G37*AC37* (IF(OR(AND(AS37="單",AT37="全",OR(AF37="A",AF37="M")),AND(AS37="單",AT37="全",OR(AF37="T",AF37="J"))),1,0)+ IF(OR(AND(AS37="雙",AT37="全",OR(AF37="A",AF37="M")),AND(AS37="雙",AT37="半",OR(AF37="T",AF37="J"))),1,0)+ IF(AND(AS37="雙",AT37="全",OR(AF37="T",AF37="J")),2,0)+ IF(AND(AS37="單",AT37="半",OR(AF37="A",AF37="M")),0.5,0)+ IF(OR(AND(AS37="雙",AT37="半",OR(AF37="A",AF37="M")),AND(AS37="單",AT37="半",OR(AF37="T",AF37="J"))),0.5,0) )*0.03456/100/1000 ))),"",((IF(AF37="S",AG37*AU37*G37*AC37/18*0.03456/100/1000, AU37*G37*AC37* (IF(OR(AND(AS37="單",AT37="全",OR(AF37="A",AF37="M")),AND(AS37="單",AT37="全",OR(AF37="T",AF37="J"))),1,0)+ IF(OR(AND(AS37="雙",AT37="全",OR(AF37="A",AF37="M")),AND(AS37="雙",AT37="半",OR(AF37="T",AF37="J"))),1,0)+ IF(AND(AS37="雙",AT37="全",OR(AF37="T",AF37="J")),2,0)+ IF(AND(AS37="單",AT37="半",OR(AF37="A",AF37="M")),0.5,0)+ IF(OR(AND(AS37="雙",AT37="半",OR(AF37="A",AF37="M")),AND(AS37="單",AT37="半",OR(AF37="T",AF37="J"))),0.5,0) )*0.03456/100/1000 )))) -> 1.4770253
A38: =A37 -> 46175 | B38: A12 | C38: 2F43R2 | E38: =IF(ISNA(VLOOKUP(C38,條件!$A$1:$G$1021,5,0)),"",(VLOOKUP(C38,條件!$A$1:$G$1021,5,0))) -> 75/72/2SDr | F38: =IF(ISNA(VLOOKUP(C38,條件!$A$1:$G$1021,6,0)),"",(VLOOKUP(C38,條件!$A$1:$G$1021,6,0))) -> FP81390R×2 | G38: =IF(ISNA(VLOOKUP(C38,條件!$A$1:$G$1021,7,0)),"",(VLOOKUP(C38,條件!$A$1:$G$1021,7,0))) -> 600 | H38: =IF(ISNA(VLOOKUP(C38,條件!$A$1:$K$1021,11,0)),"",(VLOOKUP(C38,條件!$A$1:$K$1021,11,0))) -> 白底藍三角 | I38: =IF(ISNA(VLOOKUP(C38,條件!$A$1:$L$1021,12,0)),"",(VLOOKUP(C38,條件!$A$1:$L$1021,12,0))) -> 5 | J38: 30 | K38: 10 | L38: 9584 | M38: 9813 | R38: 28 | S38: 0 | T38: 9484 | U38: 9285 | V38: 20 | W38: 8 | X38: 9453 | Y38: 9612 | Z38: =IFERROR(VLOOKUP(C38, 條件!$A:$L, 3, 0), "") -> 2.8015564 | AA38: =IF(OR(L38={"改紡","檢修","了機","清車","FINAL","停機","SAMPLE","TEST","絲開發","待料","跳車"}), L38, IFERROR(IF(C38="", "", (SUM(J38, N38, R38, V38)/3 * AG38) * IF(AND(AF38="S", AS38="雙"), 0.5, 1)), "")) -> 13 | AB38: =IF(K38="","",IF(ISERROR(1-(SUM(K38,O38,S38,W38)/208/Z38)),"",(1-(SUM(K38,O38,S38,W38)/208/Z38)))) -> 0.96911058 | AC38: =IF(OR(L38={"改紡","檢修","了機","清車","FINAL","停機","SAMPLE","TEST"}), "", IFERROR(IF(C38="", "", AVERAGE(L38:M38, P38:Q38, T38:U38, X38:Y38)/100), "")) -> 95.385 | AD38: =IF(ISERROR(AA38/8),"",(AA38/8)) -> 1.625 | AE38: =IF(OR(L38="改紡", L38="檢修", L38="了機"), "", IF(AND(C38<>"", J38<>""), IFERROR((SUM(J38, N38, R38, V38) - SUM(K38, O38, S38, W38))/24 * AG38, ""), "") ) -> 1.25 | AF38: =LEFT(B38,1) -> A | AG38: 0.5 | AH38: JERON | AI38: JERON | AJ38: JERON | AK38: RON | AL38: 53 | AM38: 46118 | AN38: 46119 | AO38: 46120 | AS38: =IF(TEXT(RIGHT(F38,2),) = "×2","雙","單") -> 雙 | AT38: =IF(OR(AF38="J", AF38="T", AF38="M"), IF(AG38=1, "全", "半"), IF(AF38="A", IF(AG38=0.5, IF(AS38="雙", "全", ""), IF(AG38=1, IF(AS38="雙", "半", "全"), IF(AG38=2, "半", "") ) ), IF(AF38="S", TEXT(AG38 & "sec", "text"), "") )) -> 全 | AU38: =IF(MID(E38,3,1)="/",LEFT(E38,2),LEFT(E38,3)) -> 75 | AV38: =IF(ISERROR((IF(AF38="S",AG38*AU38*G38*AC38/18*0.03456/100/1000, AU38*G38*AC38* (IF(OR(AND(AS38="單",AT38="全",OR(AF38="A",AF38="M")),AND(AS38="單",AT38="全",OR(AF38="T",AF38="J"))),1,0)+ IF(OR(AND(AS38="雙",AT38="全",OR(AF38="A",AF38="M")),AND(AS38="雙",AT38="半",OR(AF38="T",AF38="J"))),1,0)+ IF(AND(AS38="雙",AT38="全",OR(AF38="T",AF38="J")),2,0)+ IF(AND(AS38="單",AT38="半",OR(AF38="A",AF38="M")),0.5,0)+ IF(OR(AND(AS38="雙",AT38="半",OR(AF38="A",AF38="M")),AND(AS38="單",AT38="半",OR(AF38="T",AF38="J"))),0.5,0) )*0.03456/100/1000 ))),"",((IF(AF38="S",AG38*AU38*G38*AC38/18*0.03456/100/1000, AU38*G38*AC38* (IF(OR(AND(AS38="單",AT38="全",OR(AF38="A",AF38="M")),AND(AS38="單",AT38="全",OR(AF38="T",AF38="J"))),1,0)+ IF(OR(AND(AS38="雙",AT38="全",OR(AF38="A",AF38="M")),AND(AS38="雙",AT38="半",OR(AF38="T",AF38="J"))),1,0)+ IF(AND(AS38="雙",AT38="全",OR(AF38="T",AF38="J")),2,0)+ IF(AND(AS38="單",AT38="半",OR(AF38="A",AF38="M")),0.5,0)+ IF(OR(AND(AS38="雙",AT38="半",OR(AF38="A",AF38="M")),AND(AS38="單",AT38="半",OR(AF38="T",AF38="J"))),0.5,0) )*0.03456/100/1000 )))) -> 1.4834275
A39: =A38 -> 46175 | B39: A13 | C39: 2F08R2 | D39: G | E39: =IF(ISNA(VLOOKUP(C39,條件!$A$1:$G$1021,5,0)),"",(VLOOKUP(C39,條件!$A$1:$G$1021,5,0))) -> 50/72BSD3 | F39: =IF(ISNA(VLOOKUP(C39,條件!$A$1:$G$1021,6,0)),"",(VLOOKUP(C39,條件!$A$1:$G$1021,6,0))) -> FP80141 | G39: =IF(ISNA(VLOOKUP(C39,條件!$A$1:$G$1021,7,0)),"",(VLOOKUP(C39,條件!$A$1:$G$1021,7,0))) -> 630 | H39: =IF(ISNA(VLOOKUP(C39,條件!$A$1:$K$1021,11,0)),"",(VLOOKUP(C39,條件!$A$1:$K$1021,11,0))) -> 洋綠色 | I39: =IF(ISNA(VLOOKUP(C39,條件!$A$1:$L$1021,12,0)),"",(VLOOKUP(C39,條件!$A$1:$L$1021,12,0))) -> 2 | J39: 28 | K39: 3 | L39: 9109 | M39: 9423 | R39: 20 | S39: 0 | T39: 9052 | U39: 9471 | V39: 17 | W39: 0 | X39: 9038 | Y39: 9382 | Z39: =IFERROR(VLOOKUP(C39, 條件!$A:$L, 3, 0), "") -> 2.4615385 | AA39: =IF(OR(L39={"改紡","檢修","了機","清車","FINAL","停機","SAMPLE","TEST","絲開發","待料","跳車"}), L39, IFERROR(IF(C39="", "", (SUM(J39, N39, R39, V39)/3 * AG39) * IF(AND(AF39="S", AS39="雙"), 0.5, 1)), "")) -> 21.666667 | AB39: =IF(K39="","",IF(ISERROR(1-(SUM(K39,O39,S39,W39)/208/Z39)),"",(1-(SUM(K39,O39,S39,W39)/208/Z39)))) -> 0.99414062 | AC39: =IF(OR(L39={"改紡","檢修","了機","清車","FINAL","停機","SAMPLE","TEST"}), "", IFERROR(IF(C39="", "", AVERAGE(L39:M39, P39:Q39, T39:U39, X39:Y39)/100), "")) -> 92.458333 | AD39: =IF(ISERROR(AA39/8),"",(AA39/8)) -> 2.7083333 | AE39: =IF(OR(L39="改紡", L39="檢修", L39="了機"), "", IF(AND(C39<>"", J39<>""), IFERROR((SUM(J39, N39, R39, V39) - SUM(K39, O39, S39, W39))/24 * AG39, ""), "") ) -> 2.5833333 | AF39: =LEFT(B39,1) -> A | AG39: 1 | AH39: JERON | AI39: JERON | AJ39: JERON | AK39: RON | AL39: 57 | AM39: 46092 | AN39: 46093 | AO39: 46094 | AS39: =IF(TEXT(RIGHT(F39,2),) = "×2","雙","單") -> 單 | AT39: =IF(OR(AF39="J", AF39="T", AF39="M"), IF(AG39=1, "全", "半"), IF(AF39="A", IF(AG39=0.5, IF(AS39="雙", "全", ""), IF(AG39=1, IF(AS39="雙", "半", "全"), IF(AG39=2, "半", "") ) ), IF(AF39="S", TEXT(AG39 & "sec", "text"), "") )) -> 全 | AU39: =IF(MID(E39,3,1)="/",LEFT(E39,2),LEFT(E39,3)) -> 50 | AV39: =IF(ISERROR((IF(AF39="S",AG39*AU39*G39*AC39/18*0.03456/100/1000, AU39*G39*AC39* (IF(OR(AND(AS39="單",AT39="全",OR(AF39="A",AF39="M")),AND(AS39="單",AT39="全",OR(AF39="T",AF39="J"))),1,0)+ IF(OR(AND(AS39="雙",AT39="全",OR(AF39="A",AF39="M")),AND(AS39="雙",AT39="半",OR(AF39="T",AF39="J"))),1,0)+ IF(AND(AS39="雙",AT39="全",OR(AF39="T",AF39="J")),2,0)+ IF(AND(AS39="單",AT39="半",OR(AF39="A",AF39="M")),0.5,0)+ IF(OR(AND(AS39="雙",AT39="半",OR(AF39="A",AF39="M")),AND(AS39="單",AT39="半",OR(AF39="T",AF39="J"))),0.5,0) )*0.03456/100/1000 ))),"",((IF(AF39="S",AG39*AU39*G39*AC39/18*0.03456/100/1000, AU39*G39*AC39* (IF(OR(AND(AS39="單",AT39="全",OR(AF39="A",AF39="M")),AND(AS39="單",AT39="全",OR(AF39="T",AF39="J"))),1,0)+ IF(OR(AND(AS39="雙",AT39="全",OR(AF39="A",AF39="M")),AND(AS39="雙",AT39="半",OR(AF39="T",AF39="J"))),1,0)+ IF(AND(AS39="雙",AT39="全",OR(AF39="T",AF39="J")),2,0)+ IF(AND(AS39="單",AT39="半",OR(AF39="A",AF39="M")),0.5,0)+ IF(OR(AND(AS39="雙",AT39="半",OR(AF39="A",AF39="M")),AND(AS39="單",AT39="半",OR(AF39="T",AF39="J"))),0.5,0) )*0.03456/100/1000 )))) -> 1.0065384
A40: =A39 -> 46175 | B40: A14 | C40: 停機 | E40: =IF(ISNA(VLOOKUP(C40,條件!$A$1:$G$1021,5,0)),"",(VLOOKUP(C40,條件!$A$1:$G$1021,5,0))) | F40: =IF(ISNA(VLOOKUP(C40,條件!$A$1:$G$1021,6,0)),"",(VLOOKUP(C40,條件!$A$1:$G$1021,6,0))) | G40: =IF(ISNA(VLOOKUP(C40,條件!$A$1:$G$1021,7,0)),"",(VLOOKUP(C40,條件!$A$1:$G$1021,7,0))) | H40: =IF(ISNA(VLOOKUP(C40,條件!$A$1:$K$1021,11,0)),"",(VLOOKUP(C40,條件!$A$1:$K$1021,11,0))) | I40: =IF(ISNA(VLOOKUP(C40,條件!$A$1:$L$1021,12,0)),"",(VLOOKUP(C40,條件!$A$1:$L$1021,12,0))) | L40: 停機 | P40: 停機 | T40: 停機 | X40: 停機 | Z40: =IFERROR(VLOOKUP(C40, 條件!$A:$L, 3, 0), "") | AA40: =IF(OR(L40={"改紡","檢修","了機","清車","FINAL","停機","SAMPLE","TEST","絲開發","待料","跳車"}), L40, IFERROR(IF(C40="", "", (SUM(J40, N40, R40, V40)/3 * AG40) * IF(AND(AF40="S", AS40="雙"), 0.5, 1)), "")) -> 停機 | AB40: =IF(K40="","",IF(ISERROR(1-(SUM(K40,O40,S40,W40)/208/Z40)),"",(1-(SUM(K40,O40,S40,W40)/208/Z40)))) | AC40: =IF(OR(L40={"改紡","檢修","了機","清車","FINAL","停機","SAMPLE","TEST"}), "", IFERROR(IF(C40="", "", AVERAGE(L40:M40, P40:Q40, T40:U40, X40:Y40)/100), "")) | AD40: =IF(ISERROR(AA40/8),"",(AA40/8)) | AE40: =IF(OR(L40="改紡", L40="檢修", L40="了機"), "", IF(AND(C40<>"", J40<>""), IFERROR((SUM(J40, N40, R40, V40) - SUM(K40, O40, S40, W40))/24 * AG40, ""), "") ) | AF40: =LEFT(B40,1) -> A | AG40: 1 | AH40: NA | AI40: N/A | AJ40: N/A | AK40: N/A | AS40: =IF(TEXT(RIGHT(F40,2),) = "×2","雙","單") -> 單 | AT40: =IF(OR(AF40="J", AF40="T", AF40="M"), IF(AG40=1, "全", "半"), IF(AF40="A", IF(AG40=0.5, IF(AS40="雙", "全", ""), IF(AG40=1, IF(AS40="雙", "半", "全"), IF(AG40=2, "半", "") ) ), IF(AF40="S", TEXT(AG40 & "sec", "text"), "") )) -> 全 | AU40: =IF(MID(E40,3,1)="/",LEFT(E40,2),LEFT(E40,3)) | AV40: =IF(ISERROR((IF(AF40="S",AG40*AU40*G40*AC40/18*0.03456/100/1000, AU40*G40*AC40* (IF(OR(AND(AS40="單",AT40="全",OR(AF40="A",AF40="M")),AND(AS40="單",AT40="全",OR(AF40="T",AF40="J"))),1,0)+ IF(OR(AND(AS40="雙",AT40="全",OR(AF40="A",AF40="M")),AND(AS40="雙",AT40="半",OR(AF40="T",AF40="J"))),1,0)+ IF(AND(AS40="雙",AT40="全",OR(AF40="T",AF40="J")),2,0)+ IF(AND(AS40="單",AT40="半",OR(AF40="A",AF40="M")),0.5,0)+ IF(OR(AND(AS40="雙",AT40="半",OR(AF40="A",AF40="M")),AND(AS40="單",AT40="半",OR(AF40="T",AF40="J"))),0.5,0) )*0.03456/100/1000 ))),"",((IF(AF40="S",AG40*AU40*G40*AC40/18*0.03456/100/1000, AU40*G40*AC40* (IF(OR(AND(AS40="單",AT40="全",OR(AF40="A",AF40="M")),AND(AS40="單",AT40="全",OR(AF40="T",AF40="J"))),1,0)+ IF(OR(AND(AS40="雙",AT40="全",OR(AF40="A",AF40="M")),AND(AS40="雙",AT40="半",OR(AF40="T",AF40="J"))),1,0)+ IF(AND(AS40="雙",AT40="全",OR(AF40="T",AF40="J")),2,0)+ IF(AND(AS40="單",AT40="半",OR(AF40="A",AF40="M")),0.5,0)+ IF(OR(AND(AS40="雙",AT40="半",OR(AF40="A",AF40="M")),AND(AS40="單",AT40="半",OR(AF40="T",AF40="J"))),0.5,0) )*0.03456/100/1000 ))))
A41: =A40 -> 46175 | B41: A15 | C41: 2F43P2 | E41: =IF(ISNA(VLOOKUP(C41,條件!$A$1:$G$1021,5,0)),"",(VLOOKUP(C41,條件!$A$1:$G$1021,5,0))) -> 150/48CDR | F41: =IF(ISNA(VLOOKUP(C41,條件!$A$1:$G$1021,6,0)),"",(VLOOKUP(C41,條件!$A$1:$G$1021,6,0))) -> FP82781 | G41: =IF(ISNA(VLOOKUP(C41,條件!$A$1:$G$1021,7,0)),"",(VLOOKUP(C41,條件!$A$1:$G$1021,7,0))) -> 600 | H41: =IF(ISNA(VLOOKUP(C41,條件!$A$1:$K$1021,11,0)),"",(VLOOKUP(C41,條件!$A$1:$K$1021,11,0))) -> 綠藍雙色 | I41: =IF(ISNA(VLOOKUP(C41,條件!$A$1:$L$1021,12,0)),"",(VLOOKUP(C41,條件!$A$1:$L$1021,12,0))) -> 5 | J41: 18 | K41: 8 | L41: 9269 | M41: 8803 | R41: 11 | S41: 0 | T41: 9335 | U41: 9102 | V41: 8 | W41: 1 | X41: 9350 | Y41: 9112 | Z41: =IFERROR(VLOOKUP(C41, 條件!$A:$L, 3, 0), "") -> 2.8685259 | AA41: =IF(OR(L41={"改紡","檢修","了機","清車","FINAL","停機","SAMPLE","TEST","絲開發","待料","跳車"}), L41, IFERROR(IF(C41="", "", (SUM(J41, N41, R41, V41)/3 * AG41) * IF(AND(AF41="S", AS41="雙"), 0.5, 1)), "")) -> 12.333333 | AB41: =IF(K41="","",IF(ISERROR(1-(SUM(K41,O41,S41,W41)/208/Z41)),"",(1-(SUM(K41,O41,S41,W41)/208/Z41)))) -> 0.98491587 | AC41: =IF(OR(L41={"改紡","檢修","了機","清車","FINAL","停機","SAMPLE","TEST"}), "", IFERROR(IF(C41="", "", AVERAGE(L41:M41, P41:Q41, T41:U41, X41:Y41)/100), "")) -> 91.618333 | AD41: =IF(ISERROR(AA41/8),"",(AA41/8)) -> 1.5416667 | AE41: =IF(OR(L41="改紡", L41="檢修", L41="了機"), "", IF(AND(C41<>"", J41<>""), IFERROR((SUM(J41, N41, R41, V41) - SUM(K41, O41, S41, W41))/24 * AG41, ""), "") ) -> 1.1666667 | AF41: =LEFT(B41,1) -> A | AG41: 1 | AH41: JERON | AI41: JERON | AJ41: JERON | AK41: RON | AL41: 54 | AM41: 46157 | AN41: 46158 | AO41: 46161 | AP41: 46162 | AS41: =IF(TEXT(RIGHT(F41,2),) = "×2","雙","單") -> 單 | AT41: =IF(OR(AF41="J", AF41="T", AF41="M"), IF(AG41=1, "全", "半"), IF(AF41="A", IF(AG41=0.5, IF(AS41="雙", "全", ""), IF(AG41=1, IF(AS41="雙", "半", "全"), IF(AG41=2, "半", "") ) ), IF(AF41="S", TEXT(AG41 & "sec", "text"), "") )) -> 全 | AU41: =IF(MID(E41,3,1)="/",LEFT(E41,2),LEFT(E41,3)) -> 150 | AV41: =IF(ISERROR((IF(AF41="S",AG41*AU41*G41*AC41/18*0.03456/100/1000, AU41*G41*AC41* (IF(OR(AND(AS41="單",AT41="全",OR(AF41="A",AF41="M")),AND(AS41="單",AT41="全",OR(AF41="T",AF41="J"))),1,0)+ IF(OR(AND(AS41="雙",AT41="全",OR(AF41="A",AF41="M")),AND(AS41="雙",AT41="半",OR(AF41="T",AF41="J"))),1,0)+ IF(AND(AS41="雙",AT41="全",OR(AF41="T",AF41="J")),2,0)+ IF(AND(AS41="單",AT41="半",OR(AF41="A",AF41="M")),0.5,0)+ IF(OR(AND(AS41="雙",AT41="半",OR(AF41="A",AF41="M")),AND(AS41="單",AT41="半",OR(AF41="T",AF41="J"))),0.5,0) )*0.03456/100/1000 ))),"",((IF(AF41="S",AG41*AU41*G41*AC41/18*0.03456/100/1000, AU41*G41*AC41* (IF(OR(AND(AS41="單",AT41="全",OR(AF41="A",AF41="M")),AND(AS41="單",AT41="全",OR(AF41="T",AF41="J"))),1,0)+ IF(OR(AND(AS41="雙",AT41="全",OR(AF41="A",AF41="M")),AND(AS41="雙",AT41="半",OR(AF41="T",AF41="J"))),1,0)+ IF(AND(AS41="雙",AT41="全",OR(AF41="T",AF41="J")),2,0)+ IF(AND(AS41="單",AT41="半",OR(AF41="A",AF41="M")),0.5,0)+ IF(OR(AND(AS41="雙",AT41="半",OR(AF41="A",AF41="M")),AND(AS41="單",AT41="半",OR(AF41="T",AF41="J"))),0.5,0) )*0.03456/100/1000 )))) -> 2.8496966
A42: =A41 -> 46175 | B42: A16 | C42: 2F08S2 | E42: =IF(ISNA(VLOOKUP(C42,條件!$A$1:$G$1021,5,0)),"",(VLOOKUP(C42,條件!$A$1:$G$1021,5,0))) -> 50/36SDr | F42: =IF(ISNA(VLOOKUP(C42,條件!$A$1:$G$1021,6,0)),"",(VLOOKUP(C42,條件!$A$1:$G$1021,6,0))) -> FP80148R | G42: =IF(ISNA(VLOOKUP(C42,條件!$A$1:$G$1021,7,0)),"",(VLOOKUP(C42,條件!$A$1:$G$1021,7,0))) -> 575 | H42: =IF(ISNA(VLOOKUP(C42,條件!$A$1:$K$1021,11,0)),"",(VLOOKUP(C42,條件!$A$1:$K$1021,11,0))) -> 白黑條紋 | I42: =IF(ISNA(VLOOKUP(C42,條件!$A$1:$L$1021,12,0)),"",(VLOOKUP(C42,條件!$A$1:$L$1021,12,0))) -> 4 | L42: 改紡 | P42: 改紡 | T42: 改紡 | V42: 17 | W42: 0 | X42: 8862 | Y42: 8970 | Z42: =IFERROR(VLOOKUP(C42, 條件!$A:$L, 3, 0), "") -> 1.1009174 | AA42: =IF(OR(L42={"改紡","檢修","了機","清車","FINAL","停機","SAMPLE","TEST","絲開發","待料","跳車"}), L42, IFERROR(IF(C42="", "", (SUM(J42, N42, R42, V42)/3 * AG42) * IF(AND(AF42="S", AS42="雙"), 0.5, 1)), "")) -> 改紡 | AB42: =IF(K42="","",IF(ISERROR(1-(SUM(K42,O42,S42,W42)/208/Z42)),"",(1-(SUM(K42,O42,S42,W42)/208/Z42)))) | AC42: =IF(OR(L42={"改紡","檢修","了機","清車","FINAL","停機","SAMPLE","TEST"}), "", IFERROR(IF(C42="", "", AVERAGE(L42:M42, P42:Q42, T42:U42, X42:Y42)/100), "")) | AD42: =IF(ISERROR(AA42/8),"",(AA42/8)) | AE42: =IF(OR(L42="改紡", L42="檢修", L42="了機"), "", IF(AND(C42<>"", J42<>""), IFERROR((SUM(J42, N42, R42, V42) - SUM(K42, O42, S42, W42))/24 * AG42, ""), "") ) | AF42: =LEFT(B42,1) -> A | AG42: 1 | AH42: JERON | AI42: JERON | AJ42: JERON | AK42: RON | AL42: 57 | AM42: 46172 | AN42: 46173 | AO42: 46174 | AR42: FP80148R | AS42: =IF(TEXT(RIGHT(F42,2),) = "×2","雙","單") -> 單 | AT42: =IF(OR(AF42="J", AF42="T", AF42="M"), IF(AG42=1, "全", "半"), IF(AF42="A", IF(AG42=0.5, IF(AS42="雙", "全", ""), IF(AG42=1, IF(AS42="雙", "半", "全"), IF(AG42=2, "半", "") ) ), IF(AF42="S", TEXT(AG42 & "sec", "text"), "") )) -> 全 | AU42: =IF(MID(E42,3,1)="/",LEFT(E42,2),LEFT(E42,3)) -> 50 | AV42: =IF(ISERROR((IF(AF42="S",AG42*AU42*G42*AC42/18*0.03456/100/1000, AU42*G42*AC42* (IF(OR(AND(AS42="單",AT42="全",OR(AF42="A",AF42="M")),AND(AS42="單",AT42="全",OR(AF42="T",AF42="J"))),1,0)+ IF(OR(AND(AS42="雙",AT42="全",OR(AF42="A",AF42="M")),AND(AS42="雙",AT42="半",OR(AF42="T",AF42="J"))),1,0)+ IF(AND(AS42="雙",AT42="全",OR(AF42="T",AF42="J")),2,0)+ IF(AND(AS42="單",AT42="半",OR(AF42="A",AF42="M")),0.5,0)+ IF(OR(AND(AS42="雙",AT42="半",OR(AF42="A",AF42="M")),AND(AS42="單",AT42="半",OR(AF42="T",AF42="J"))),0.5,0) )*0.03456/100/1000 ))),"",((IF(AF42="S",AG42*AU42*G42*AC42/18*0.03456/100/1000, AU42*G42*AC42* (IF(OR(AND(AS42="單",AT42="全",OR(AF42="A",AF42="M")),AND(AS42="單",AT42="全",OR(AF42="T",AF42="J"))),1,0)+ IF(OR(AND(AS42="雙",AT42="全",OR(AF42="A",AF42="M")),AND(AS42="雙",AT42="半",OR(AF42="T",AF42="J"))),1,0)+ IF(AND(AS42="雙",AT42="全",OR(AF42="T",AF42="J")),2,0)+ IF(AND(AS42="單",AT42="半",OR(AF42="A",AF42="M")),0.5,0)+ IF(OR(AND(AS42="雙",AT42="半",OR(AF42="A",AF42="M")),AND(AS42="單",AT42="半",OR(AF42="T",AF42="J"))),0.5,0) )*0.03456/100/1000 ))))
A43: =A42 -> 46175 | B43: A17 | C43: 停機 | E43: =IF(ISNA(VLOOKUP(C43,條件!$A$1:$G$1021,5,0)),"",(VLOOKUP(C43,條件!$A$1:$G$1021,5,0))) | F43: =IF(ISNA(VLOOKUP(C43,條件!$A$1:$G$1021,6,0)),"",(VLOOKUP(C43,條件!$A$1:$G$1021,6,0))) | G43: =IF(ISNA(VLOOKUP(C43,條件!$A$1:$G$1021,7,0)),"",(VLOOKUP(C43,條件!$A$1:$G$1021,7,0))) | H43: =IF(ISNA(VLOOKUP(C43,條件!$A$1:$K$1021,11,0)),"",(VLOOKUP(C43,條件!$A$1:$K$1021,11,0))) | I43: =IF(ISNA(VLOOKUP(C43,條件!$A$1:$L$1021,12,0)),"",(VLOOKUP(C43,條件!$A$1:$L$1021,12,0))) | L43: 停機 | P43: 停機 | T43: 停機 | X43: 停機 | Z43: =IFERROR(VLOOKUP(C43, 條件!$A:$L, 3, 0), "") | AA43: =IF(OR(L43={"改紡","檢修","了機","清車","FINAL","停機","SAMPLE","TEST","絲開發","待料","跳車"}), L43, IFERROR(IF(C43="", "", (SUM(J43, N43, R43, V43)/3 * AG43) * IF(AND(AF43="S", AS43="雙"), 0.5, 1)), "")) -> 停機 | AB43: =IF(K43="","",IF(ISERROR(1-(SUM(K43,O43,S43,W43)/208/Z43)),"",(1-(SUM(K43,O43,S43,W43)/208/Z43)))) | AC43: =IF(OR(L43={"改紡","檢修","了機","清車","FINAL","停機","SAMPLE","TEST"}), "", IFERROR(IF(C43="", "", AVERAGE(L43:M43, P43:Q43, T43:U43, X43:Y43)/100), "")) | AD43: =IF(ISERROR(AA43/8),"",(AA43/8)) | AE43: =IF(OR(L43="改紡", L43="檢修", L43="了機"), "", IF(AND(C43<>"", J43<>""), IFERROR((SUM(J43, N43, R43, V43) - SUM(K43, O43, S43, W43))/24 * AG43, ""), "") ) | AF43: =LEFT(B43,1) -> A | AG43: 1 | AH43: NA | AI43: N/A | AJ43: N/A | AK43: N/A | AS43: =IF(TEXT(RIGHT(F43,2),) = "×2","雙","單") -> 單 | AT43: =IF(OR(AF43="J", AF43="T", AF43="M"), IF(AG43=1, "全", "半"), IF(AF43="A", IF(AG43=0.5, IF(AS43="雙", "全", ""), IF(AG43=1, IF(AS43="雙", "半", "全"), IF(AG43=2, "半", "") ) ), IF(AF43="S", TEXT(AG43 & "sec", "text"), "") )) -> 全 | AU43: =IF(MID(E43,3,1)="/",LEFT(E43,2),LEFT(E43,3)) | AV43: =IF(ISERROR((IF(AF43="S",AG43*AU43*G43*AC43/18*0.03456/100/1000, AU43*G43*AC43* (IF(OR(AND(AS43="單",AT43="全",OR(AF43="A",AF43="M")),AND(AS43="單",AT43="全",OR(AF43="T",AF43="J"))),1,0)+ IF(OR(AND(AS43="雙",AT43="全",OR(AF43="A",AF43="M")),AND(AS43="雙",AT43="半",OR(AF43="T",AF43="J"))),1,0)+ IF(AND(AS43="雙",AT43="全",OR(AF43="T",AF43="J")),2,0)+ IF(AND(AS43="單",AT43="半",OR(AF43="A",AF43="M")),0.5,0)+ IF(OR(AND(AS43="雙",AT43="半",OR(AF43="A",AF43="M")),AND(AS43="單",AT43="半",OR(AF43="T",AF43="J"))),0.5,0) )*0.03456/100/1000 ))),"",((IF(AF43="S",AG43*AU43*G43*AC43/18*0.03456/100/1000, AU43*G43*AC43* (IF(OR(AND(AS43="單",AT43="全",OR(AF43="A",AF43="M")),AND(AS43="單",AT43="全",OR(AF43="T",AF43="J"))),1,0)+ IF(OR(AND(AS43="雙",AT43="全",OR(AF43="A",AF43="M")),AND(AS43="雙",AT43="半",OR(AF43="T",AF43="J"))),1,0)+ IF(AND(AS43="雙",AT43="全",OR(AF43="T",AF43="J")),2,0)+ IF(AND(AS43="單",AT43="半",OR(AF43="A",AF43="M")),0.5,0)+ IF(OR(AND(AS43="雙",AT43="半",OR(AF43="A",AF43="M")),AND(AS43="單",AT43="半",OR(AF43="T",AF43="J"))),0.5,0) )*0.03456/100/1000 ))))
A44: =A43 -> 46175 | B44: A18 | C44: 停機 | E44: =IF(ISNA(VLOOKUP(C44,條件!$A$1:$G$1021,5,0)),"",(VLOOKUP(C44,條件!$A$1:$G$1021,5,0))) | F44: =IF(ISNA(VLOOKUP(C44,條件!$A$1:$G$1021,6,0)),"",(VLOOKUP(C44,條件!$A$1:$G$1021,6,0))) | G44: =IF(ISNA(VLOOKUP(C44,條件!$A$1:$G$1021,7,0)),"",(VLOOKUP(C44,條件!$A$1:$G$1021,7,0))) | H44: =IF(ISNA(VLOOKUP(C44,條件!$A$1:$K$1021,11,0)),"",(VLOOKUP(C44,條件!$A$1:$K$1021,11,0))) | I44: =IF(ISNA(VLOOKUP(C44,條件!$A$1:$L$1021,12,0)),"",(VLOOKUP(C44,條件!$A$1:$L$1021,12,0))) | L44: 停機 | P44: 停機 | T44: 停機 | X44: 停機 | Z44: =IFERROR(VLOOKUP(C44, 條件!$A:$L, 3, 0), "") | AA44: =IF(OR(L44={"改紡","檢修","了機","清車","FINAL","停機","SAMPLE","TEST","絲開發","待料","跳車"}), L44, IFERROR(IF(C44="", "", (SUM(J44, N44, R44, V44)/3 * AG44) * IF(AND(AF44="S", AS44="雙"), 0.5, 1)), "")) -> 停機 | AB44: =IF(K44="","",IF(ISERROR(1-(SUM(K44,O44,S44,W44)/208/Z44)),"",(1-(SUM(K44,O44,S44,W44)/208/Z44)))) | AC44: =IF(OR(L44={"改紡","檢修","了機","清車","FINAL","停機","SAMPLE","TEST"}), "", IFERROR(IF(C44="", "", AVERAGE(L44:M44, P44:Q44, T44:U44, X44:Y44)/100), "")) | AD44: =IF(ISERROR(AA44/8),"",(AA44/8)) | AE44: =IF(OR(L44="改紡", L44="檢修", L44="了機"), "", IF(AND(C44<>"", J44<>""), IFERROR((SUM(J44, N44, R44, V44) - SUM(K44, O44, S44, W44))/24 * AG44, ""), "") ) | AF44: =LEFT(B44,1) -> A | AG44: 1 | AH44: NA | AI44: N/A | AJ44: N/A | AK44: N/A | AS44: =IF(TEXT(RIGHT(F44,2),) = "×2","雙","單") -> 單 | AT44: =IF(OR(AF44="J", AF44="T", AF44="M"), IF(AG44=1, "全", "半"), IF(AF44="A", IF(AG44=0.5, IF(AS44="雙", "全", ""), IF(AG44=1, IF(AS44="雙", "半", "全"), IF(AG44=2, "半", "") ) ), IF(AF44="S", TEXT(AG44 & "sec", "text"), "") )) -> 全 | AU44: =IF(MID(E44,3,1)="/",LEFT(E44,2),LEFT(E44,3)) | AV44: =IF(ISERROR((IF(AF44="S",AG44*AU44*G44*AC44/18*0.03456/100/1000, AU44*G44*AC44* (IF(OR(AND(AS44="單",AT44="全",OR(AF44="A",AF44="M")),AND(AS44="單",AT44="全",OR(AF44="T",AF44="J"))),1,0)+ IF(OR(AND(AS44="雙",AT44="全",OR(AF44="A",AF44="M")),AND(AS44="雙",AT44="半",OR(AF44="T",AF44="J"))),1,0)+ IF(AND(AS44="雙",AT44="全",OR(AF44="T",AF44="J")),2,0)+ IF(AND(AS44="單",AT44="半",OR(AF44="A",AF44="M")),0.5,0)+ IF(OR(AND(AS44="雙",AT44="半",OR(AF44="A",AF44="M")),AND(AS44="單",AT44="半",OR(AF44="T",AF44="J"))),0.5,0) )*0.03456/100/1000 ))),"",((IF(AF44="S",AG44*AU44*G44*AC44/18*0.03456/100/1000, AU44*G44*AC44* (IF(OR(AND(AS44="單",AT44="全",OR(AF44="A",AF44="M")),AND(AS44="單",AT44="全",OR(AF44="T",AF44="J"))),1,0)+ IF(OR(AND(AS44="雙",AT44="全",OR(AF44="A",AF44="M")),AND(AS44="雙",AT44="半",OR(AF44="T",AF44="J"))),1,0)+ IF(AND(AS44="雙",AT44="全",OR(AF44="T",AF44="J")),2,0)+ IF(AND(AS44="單",AT44="半",OR(AF44="A",AF44="M")),0.5,0)+ IF(OR(AND(AS44="雙",AT44="半",OR(AF44="A",AF44="M")),AND(AS44="單",AT44="半",OR(AF44="T",AF44="J"))),0.5,0) )*0.03456/100/1000 ))))
A45: =A44 -> 46175 | B45: A19 | C45: 2F43S2 | E45: =IF(ISNA(VLOOKUP(C45,條件!$A$1:$G$1021,5,0)),"",(VLOOKUP(C45,條件!$A$1:$G$1021,5,0))) -> 150/48SDr | F45: =IF(ISNA(VLOOKUP(C45,條件!$A$1:$G$1021,6,0)),"",(VLOOKUP(C45,條件!$A$1:$G$1021,6,0))) -> FP82179R | G45: =IF(ISNA(VLOOKUP(C45,條件!$A$1:$G$1021,7,0)),"",(VLOOKUP(C45,條件!$A$1:$G$1021,7,0))) -> 650 | H45: =IF(ISNA(VLOOKUP(C45,條件!$A$1:$K$1021,11,0)),"",(VLOOKUP(C45,條件!$A$1:$K$1021,11,0))) -> 藍底白十字 | I45: =IF(ISNA(VLOOKUP(C45,條件!$A$1:$L$1021,12,0)),"",(VLOOKUP(C45,條件!$A$1:$L$1021,12,0))) -> 5 | L45: 改紡 | P45: 改紡 | R45: 0 | S45: 0 | T45: 4500 | U45: 4336 | V45: 41 | W45: 0 | X45: 8988 | Y45: 9006 | Z45: =IFERROR(VLOOKUP(C45, 條件!$A:$L, 3, 0), "") -> 3.0573248 | AA45: =IF(OR(L45={"改紡","檢修","了機","清車","FINAL","停機","SAMPLE","TEST","絲開發","待料","跳車"}), L45, IFERROR(IF(C45="", "", (SUM(J45, N45, R45, V45)/3 * AG45) * IF(AND(AF45="S", AS45="雙"), 0.5, 1)), "")) -> 改紡 | AB45: =IF(K45="","",IF(ISERROR(1-(SUM(K45,O45,S45,W45)/208/Z45)),"",(1-(SUM(K45,O45,S45,W45)/208/Z45)))) | AC45: =IF(OR(L45={"改紡","檢修","了機","清車","FINAL","停機","SAMPLE","TEST"}), "", IFERROR(IF(C45="", "", AVERAGE(L45:M45, P45:Q45, T45:U45, X45:Y45)/100), "")) | AD45: =IF(ISERROR(AA45/8),"",(AA45/8)) | AE45: =IF(OR(L45="改紡", L45="檢修", L45="了機"), "", IF(AND(C45<>"", J45<>""), IFERROR((SUM(J45, N45, R45, V45) - SUM(K45, O45, S45, W45))/24 * AG45, ""), "") ) | AF45: =LEFT(B45,1) -> A | AG45: 1 | AH45: NA | AI45: JERON | AJ45: JERON | AK45: JP | AL45: 48 | AM45: 46172 | AR45: FP82179R | AS45: =IF(TEXT(RIGHT(F45,2),) = "×2","雙","單") -> 單 | AT45: =IF(OR(AF45="J", AF45="T", AF45="M"), IF(AG45=1, "全", "半"), IF(AF45="A", IF(AG45=0.5, IF(AS45="雙", "全", ""), IF(AG45=1, IF(AS45="雙", "半", "全"), IF(AG45=2, "半", "") ) ), IF(AF45="S", TEXT(AG45 & "sec", "text"), "") )) -> 全 | AU45: =IF(MID(E45,3,1)="/",LEFT(E45,2),LEFT(E45,3)) -> 150 | AV45: =IF(ISERROR((IF(AF45="S",AG45*AU45*G45*AC45/18*0.03456/100/1000, AU45*G45*AC45* (IF(OR(AND(AS45="單",AT45="全",OR(AF45="A",AF45="M")),AND(AS45="單",AT45="全",OR(AF45="T",AF45="J"))),1,0)+ IF(OR(AND(AS45="雙",AT45="全",OR(AF45="A",AF45="M")),AND(AS45="雙",AT45="半",OR(AF45="T",AF45="J"))),1,0)+ IF(AND(AS45="雙",AT45="全",OR(AF45="T",AF45="J")),2,0)+ IF(AND(AS45="單",AT45="半",OR(AF45="A",AF45="M")),0.5,0)+ IF(OR(AND(AS45="雙",AT45="半",OR(AF45="A",AF45="M")),AND(AS45="單",AT45="半",OR(AF45="T",AF45="J"))),0.5,0) )*0.03456/100/1000 ))),"",((IF(AF45="S",AG45*AU45*G45*AC45/18*0.03456/100/1000, AU45*G45*AC45* (IF(OR(AND(AS45="單",AT45="全",OR(AF45="A",AF45="M")),AND(AS45="單",AT45="全",OR(AF45="T",AF45="J"))),1,0)+ IF(OR(AND(AS45="雙",AT45="全",OR(AF45="A",AF45="M")),AND(AS45="雙",AT45="半",OR(AF45="T",AF45="J"))),1,0)+ IF(AND(AS45="雙",AT45="全",OR(AF45="T",AF45="J")),2,0)+ IF(AND(AS45="單",AT45="半",OR(AF45="A",AF45="M")),0.5,0)+ IF(OR(AND(AS45="雙",AT45="半",OR(AF45="A",AF45="M")),AND(AS45="單",AT45="半",OR(AF45="T",AF45="J"))),0.5,0) )*0.03456/100/1000 ))))
A46: =A45 -> 46175 | B46: A20 | C46: 停機 | E46: =IF(ISNA(VLOOKUP(C46,條件!$A$1:$G$1021,5,0)),"",(VLOOKUP(C46,條件!$A$1:$G$1021,5,0))) | F46: =IF(ISNA(VLOOKUP(C46,條件!$A$1:$G$1021,6,0)),"",(VLOOKUP(C46,條件!$A$1:$G$1021,6,0))) | G46: =IF(ISNA(VLOOKUP(C46,條件!$A$1:$G$1021,7,0)),"",(VLOOKUP(C46,條件!$A$1:$G$1021,7,0))) | H46: =IF(ISNA(VLOOKUP(C46,條件!$A$1:$K$1021,11,0)),"",(VLOOKUP(C46,條件!$A$1:$K$1021,11,0))) | I46: =IF(ISNA(VLOOKUP(C46,條件!$A$1:$L$1021,12,0)),"",(VLOOKUP(C46,條件!$A$1:$L$1021,12,0))) | L46: 停機 | P46: 停機 | T46: 停機 | X46: 停機 | Z46: =IFERROR(VLOOKUP(C46, 條件!$A:$L, 3, 0), "") | AA46: =IF(OR(L46={"改紡","檢修","了機","清車","FINAL","停機","SAMPLE","TEST","絲開發","待料","跳車"}), L46, IFERROR(IF(C46="", "", (SUM(J46, N46, R46, V46)/3 * AG46) * IF(AND(AF46="S", AS46="雙"), 0.5, 1)), "")) -> 停機 | AB46: =IF(K46="","",IF(ISERROR(1-(SUM(K46,O46,S46,W46)/208/Z46)),"",(1-(SUM(K46,O46,S46,W46)/208/Z46)))) | AC46: =IF(OR(L46={"改紡","檢修","了機","清車","FINAL","停機","SAMPLE","TEST"}), "", IFERROR(IF(C46="", "", AVERAGE(L46:M46, P46:Q46, T46:U46, X46:Y46)/100), "")) | AD46: =IF(ISERROR(AA46/8),"",(AA46/8)) | AE46: =IF(OR(L46="改紡", L46="檢修", L46="了機"), "", IF(AND(C46<>"", J46<>""), IFERROR((SUM(J46, N46, R46, V46) - SUM(K46, O46, S46, W46))/24 * AG46, ""), "") ) | AF46: =LEFT(B46,1) -> A | AG46: 1 | AH46: NA | AI46: N/A | AJ46: N/A | AK46: N/A | AS46: =IF(TEXT(RIGHT(F46,2),) = "×2","雙","單") -> 單 | AT46: =IF(OR(AF46="J", AF46="T", AF46="M"), IF(AG46=1, "全", "半"), IF(AF46="A", IF(AG46=0.5, IF(AS46="雙", "全", ""), IF(AG46=1, IF(AS46="雙", "半", "全"), IF(AG46=2, "半", "") ) ), IF(AF46="S", TEXT(AG46 & "sec", "text"), "") )) -> 全 | AU46: =IF(MID(E46,3,1)="/",LEFT(E46,2),LEFT(E46,3)) | AV46: =IF(ISERROR((IF(AF46="S",AG46*AU46*G46*AC46/18*0.03456/100/1000, AU46*G46*AC46* (IF(OR(AND(AS46="單",AT46="全",OR(AF46="A",AF46="M")),AND(AS46="單",AT46="全",OR(AF46="T",AF46="J"))),1,0)+ IF(OR(AND(AS46="雙",AT46="全",OR(AF46="A",AF46="M")),AND(AS46="雙",AT46="半",OR(AF46="T",AF46="J"))),1,0)+ IF(AND(AS46="雙",AT46="全",OR(AF46="T",AF46="J")),2,0)+ IF(AND(AS46="單",AT46="半",OR(AF46="A",AF46="M")),0.5,0)+ IF(OR(AND(AS46="雙",AT46="半",OR(AF46="A",AF46="M")),AND(AS46="單",AT46="半",OR(AF46="T",AF46="J"))),0.5,0) )*0.03456/100/1000 ))),"",((IF(AF46="S",AG46*AU46*G46*AC46/18*0.03456/100/1000, AU46*G46*AC46* (IF(OR(AND(AS46="單",AT46="全",OR(AF46="A",AF46="M")),AND(AS46="單",AT46="全",OR(AF46="T",AF46="J"))),1,0)+ IF(OR(AND(AS46="雙",AT46="全",OR(AF46="A",AF46="M")),AND(AS46="雙",AT46="半",OR(AF46="T",AF46="J"))),1,0)+ IF(AND(AS46="雙",AT46="全",OR(AF46="T",AF46="J")),2,0)+ IF(AND(AS46="單",AT46="半",OR(AF46="A",AF46="M")),0.5,0)+ IF(OR(AND(AS46="雙",AT46="半",OR(AF46="A",AF46="M")),AND(AS46="單",AT46="半",OR(AF46="T",AF46="J"))),0.5,0) )*0.03456/100/1000 ))))
A47: =A46 -> 46175 | B47: A21 | C47: 停機 | E47: =IF(ISNA(VLOOKUP(C47,條件!$A$1:$G$1021,5,0)),"",(VLOOKUP(C47,條件!$A$1:$G$1021,5,0))) | F47: =IF(ISNA(VLOOKUP(C47,條件!$A$1:$G$1021,6,0)),"",(VLOOKUP(C47,條件!$A$1:$G$1021,6,0))) | G47: =IF(ISNA(VLOOKUP(C47,條件!$A$1:$G$1021,7,0)),"",(VLOOKUP(C47,條件!$A$1:$G$1021,7,0))) | H47: =IF(ISNA(VLOOKUP(C47,條件!$A$1:$K$1021,11,0)),"",(VLOOKUP(C47,條件!$A$1:$K$1021,11,0))) | I47: =IF(ISNA(VLOOKUP(C47,條件!$A$1:$L$1021,12,0)),"",(VLOOKUP(C47,條件!$A$1:$L$1021,12,0))) | L47: 停機 | P47: 停機 | T47: 停機 | X47: 停機 | Z47: =IFERROR(VLOOKUP(C47, 條件!$A:$L, 3, 0), "") | AA47: =IF(OR(L47={"改紡","檢修","了機","清車","FINAL","停機","SAMPLE","TEST","絲開發","待料","跳車"}), L47, IFERROR(IF(C47="", "", (SUM(J47, N47, R47, V47)/3 * AG47) * IF(AND(AF47="S", AS47="雙"), 0.5, 1)), "")) -> 停機 | AB47: =IF(K47="","",IF(ISERROR(1-(SUM(K47,O47,S47,W47)/208/Z47)),"",(1-(SUM(K47,O47,S47,W47)/208/Z47)))) | AC47: =IF(OR(L47={"改紡","檢修","了機","清車","FINAL","停機","SAMPLE","TEST"}), "", IFERROR(IF(C47="", "", AVERAGE(L47:M47, P47:Q47, T47:U47, X47:Y47)/100), "")) | AD47: =IF(ISERROR(AA47/8),"",(AA47/8)) | AE47: =IF(OR(L47="改紡", L47="檢修", L47="了機"), "", IF(AND(C47<>"", J47<>""), IFERROR((SUM(J47, N47, R47, V47) - SUM(K47, O47, S47, W47))/24 * AG47, ""), "") ) | AF47: =LEFT(B47,1) -> A | AG47: 1 | AH47: NA | AI47: N/A | AJ47: N/A | AK47: N/A | AS47: =IF(TEXT(RIGHT(F47,2),) = "×2","雙","單") -> 單 | AT47: =IF(OR(AF47="J", AF47="T", AF47="M"), IF(AG47=1, "全", "半"), IF(AF47="A", IF(AG47=0.5, IF(AS47="雙", "全", ""), IF(AG47=1, IF(AS47="雙", "半", "全"), IF(AG47=2, "半", "") ) ), IF(AF47="S", TEXT(AG47 & "sec", "text"), "") )) -> 全 | AU47: =IF(MID(E47,3,1)="/",LEFT(E47,2),LEFT(E47,3)) | AV47: =IF(ISERROR((IF(AF47="S",AG47*AU47*G47*AC47/18*0.03456/100/1000, AU47*G47*AC47* (IF(OR(AND(AS47="單",AT47="全",OR(AF47="A",AF47="M")),AND(AS47="單",AT47="全",OR(AF47="T",AF47="J"))),1,0)+ IF(OR(AND(AS47="雙",AT47="全",OR(AF47="A",AF47="M")),AND(AS47="雙",AT47="半",OR(AF47="T",AF47="J"))),1,0)+ IF(AND(AS47="雙",AT47="全",OR(AF47="T",AF47="J")),2,0)+ IF(AND(AS47="單",AT47="半",OR(AF47="A",AF47="M")),0.5,0)+ IF(OR(AND(AS47="雙",AT47="半",OR(AF47="A",AF47="M")),AND(AS47="單",AT47="半",OR(AF47="T",AF47="J"))),0.5,0) )*0.03456/100/1000 ))),"",((IF(AF47="S",AG47*AU47*G47*AC47/18*0.03456/100/1000, AU47*G47*AC47* (IF(OR(AND(AS47="單",AT47="全",OR(AF47="A",AF47="M")),AND(AS47="單",AT47="全",OR(AF47="T",AF47="J"))),1,0)+ IF(OR(AND(AS47="雙",AT47="全",OR(AF47="A",AF47="M")),AND(AS47="雙",AT47="半",OR(AF47="T",AF47="J"))),1,0)+ IF(AND(AS47="雙",AT47="全",OR(AF47="T",AF47="J")),2,0)+ IF(AND(AS47="單",AT47="半",OR(AF47="A",AF47="M")),0.5,0)+ IF(OR(AND(AS47="雙",AT47="半",OR(AF47="A",AF47="M")),AND(AS47="單",AT47="半",OR(AF47="T",AF47="J"))),0.5,0) )*0.03456/100/1000 ))))
A48: =A47 -> 46175 | B48: A22 | C48: 停機 | E48: =IF(ISNA(VLOOKUP(C48,條件!$A$1:$G$1021,5,0)),"",(VLOOKUP(C48,條件!$A$1:$G$1021,5,0))) | F48: =IF(ISNA(VLOOKUP(C48,條件!$A$1:$G$1021,6,0)),"",(VLOOKUP(C48,條件!$A$1:$G$1021,6,0))) | G48: =IF(ISNA(VLOOKUP(C48,條件!$A$1:$G$1021,7,0)),"",(VLOOKUP(C48,條件!$A$1:$G$1021,7,0))) | H48: =IF(ISNA(VLOOKUP(C48,條件!$A$1:$K$1021,11,0)),"",(VLOOKUP(C48,條件!$A$1:$K$1021,11,0))) | I48: =IF(ISNA(VLOOKUP(C48,條件!$A$1:$L$1021,12,0)),"",(VLOOKUP(C48,條件!$A$1:$L$1021,12,0))) | L48: 停機 | P48: 停機 | T48: 停機 | X48: 停機 | Z48: =IFERROR(VLOOKUP(C48, 條件!$A:$L, 3, 0), "") | AA48: =IF(OR(L48={"改紡","檢修","了機","清車","FINAL","停機","SAMPLE","TEST","絲開發","待料","跳車"}), L48, IFERROR(IF(C48="", "", (SUM(J48, N48, R48, V48)/3 * AG48) * IF(AND(AF48="S", AS48="雙"), 0.5, 1)), "")) -> 停機 | AB48: =IF(K48="","",IF(ISERROR(1-(SUM(K48,O48,S48,W48)/208/Z48)),"",(1-(SUM(K48,O48,S48,W48)/208/Z48)))) | AC48: =IF(OR(L48={"改紡","檢修","了機","清車","FINAL","停機","SAMPLE","TEST"}), "", IFERROR(IF(C48="", "", AVERAGE(L48:M48, P48:Q48, T48:U48, X48:Y48)/100), "")) | AD48: =IF(ISERROR(AA48/8),"",(AA48/8)) | AE48: =IF(OR(L48="改紡", L48="檢修", L48="了機"), "", IF(AND(C48<>"", J48<>""), IFERROR((SUM(J48, N48, R48, V48) - SUM(K48, O48, S48, W48))/24 * AG48, ""), "") ) | AF48: =LEFT(B48,1) -> A | AG48: 1 | AH48: NA | AI48: N/A | AJ48: N/A | AK48: N/A | AS48: =IF(TEXT(RIGHT(F48,2),) = "×2","雙","單") -> 單 | AT48: =IF(OR(AF48="J", AF48="T", AF48="M"), IF(AG48=1, "全", "半"), IF(AF48="A", IF(AG48=0.5, IF(AS48="雙", "全", ""), IF(AG48=1, IF(AS48="雙", "半", "全"), IF(AG48=2, "半", "") ) ), IF(AF48="S", TEXT(AG48 & "sec", "text"), "") )) -> 全 | AU48: =IF(MID(E48,3,1)="/",LEFT(E48,2),LEFT(E48,3)) | AV48: =IF(ISERROR((IF(AF48="S",AG48*AU48*G48*AC48/18*0.03456/100/1000, AU48*G48*AC48* (IF(OR(AND(AS48="單",AT48="全",OR(AF48="A",AF48="M")),AND(AS48="單",AT48="全",OR(AF48="T",AF48="J"))),1,0)+ IF(OR(AND(AS48="雙",AT48="全",OR(AF48="A",AF48="M")),AND(AS48="雙",AT48="半",OR(AF48="T",AF48="J"))),1,0)+ IF(AND(AS48="雙",AT48="全",OR(AF48="T",AF48="J")),2,0)+ IF(AND(AS48="單",AT48="半",OR(AF48="A",AF48="M")),0.5,0)+ IF(OR(AND(AS48="雙",AT48="半",OR(AF48="A",AF48="M")),AND(AS48="單",AT48="半",OR(AF48="T",AF48="J"))),0.5,0) )*0.03456/100/1000 ))),"",((IF(AF48="S",AG48*AU48*G48*AC48/18*0.03456/100/1000, AU48*G48*AC48* (IF(OR(AND(AS48="單",AT48="全",OR(AF48="A",AF48="M")),AND(AS48="單",AT48="全",OR(AF48="T",AF48="J"))),1,0)+ IF(OR(AND(AS48="雙",AT48="全",OR(AF48="A",AF48="M")),AND(AS48="雙",AT48="半",OR(AF48="T",AF48="J"))),1,0)+ IF(AND(AS48="雙",AT48="全",OR(AF48="T",AF48="J")),2,0)+ IF(AND(AS48="單",AT48="半",OR(AF48="A",AF48="M")),0.5,0)+ IF(OR(AND(AS48="雙",AT48="半",OR(AF48="A",AF48="M")),AND(AS48="單",AT48="半",OR(AF48="T",AF48="J"))),0.5,0) )*0.03456/100/1000 ))))
A49: =A48 -> 46175 | B49: A23 | C49: 停機 | E49: =IF(ISNA(VLOOKUP(C49,條件!$A$1:$G$1021,5,0)),"",(VLOOKUP(C49,條件!$A$1:$G$1021,5,0))) | F49: =IF(ISNA(VLOOKUP(C49,條件!$A$1:$G$1021,6,0)),"",(VLOOKUP(C49,條件!$A$1:$G$1021,6,0))) | G49: =IF(ISNA(VLOOKUP(C49,條件!$A$1:$G$1021,7,0)),"",(VLOOKUP(C49,條件!$A$1:$G$1021,7,0))) | H49: =IF(ISNA(VLOOKUP(C49,條件!$A$1:$K$1021,11,0)),"",(VLOOKUP(C49,條件!$A$1:$K$1021,11,0))) | I49: =IF(ISNA(VLOOKUP(C49,條件!$A$1:$L$1021,12,0)),"",(VLOOKUP(C49,條件!$A$1:$L$1021,12,0))) | L49: 停機 | P49: 停機 | T49: 停機 | X49: 停機 | Z49: =IFERROR(VLOOKUP(C49, 條件!$A:$L, 3, 0), "") | AA49: =IF(OR(L49={"改紡","檢修","了機","清車","FINAL","停機","SAMPLE","TEST","絲開發","待料","跳車"}), L49, IFERROR(IF(C49="", "", (SUM(J49, N49, R49, V49)/3 * AG49) * IF(AND(AF49="S", AS49="雙"), 0.5, 1)), "")) -> 停機 | AB49: =IF(K49="","",IF(ISERROR(1-(SUM(K49,O49,S49,W49)/208/Z49)),"",(1-(SUM(K49,O49,S49,W49)/208/Z49)))) | AC49: =IF(OR(L49={"改紡","檢修","了機","清車","FINAL","停機","SAMPLE","TEST"}), "", IFERROR(IF(C49="", "", AVERAGE(L49:M49, P49:Q49, T49:U49, X49:Y49)/100), "")) | AD49: =IF(ISERROR(AA49/8),"",(AA49/8)) | AE49: =IF(OR(L49="改紡", L49="檢修", L49="了機"), "", IF(AND(C49<>"", J49<>""), IFERROR((SUM(J49, N49, R49, V49) - SUM(K49, O49, S49, W49))/24 * AG49, ""), "") ) | AF49: =LEFT(B49,1) -> A | AG49: 1 | AH49: NA | AI49: N/A | AJ49: N/A | AK49: N/A | AS49: =IF(TEXT(RIGHT(F49,2),) = "×2","雙","單") -> 單 | AT49: =IF(OR(AF49="J", AF49="T", AF49="M"), IF(AG49=1, "全", "半"), IF(AF49="A", IF(AG49=0.5, IF(AS49="雙", "全", ""), IF(AG49=1, IF(AS49="雙", "半", "全"), IF(AG49=2, "半", "") ) ), IF(AF49="S", TEXT(AG49 & "sec", "text"), "") )) -> 全 | AU49: =IF(MID(E49,3,1)="/",LEFT(E49,2),LEFT(E49,3)) | AV49: =IF(ISERROR((IF(AF49="S",AG49*AU49*G49*AC49/18*0.03456/100/1000, AU49*G49*AC49* (IF(OR(AND(AS49="單",AT49="全",OR(AF49="A",AF49="M")),AND(AS49="單",AT49="全",OR(AF49="T",AF49="J"))),1,0)+ IF(OR(AND(AS49="雙",AT49="全",OR(AF49="A",AF49="M")),AND(AS49="雙",AT49="半",OR(AF49="T",AF49="J"))),1,0)+ IF(AND(AS49="雙",AT49="全",OR(AF49="T",AF49="J")),2,0)+ IF(AND(AS49="單",AT49="半",OR(AF49="A",AF49="M")),0.5,0)+ IF(OR(AND(AS49="雙",AT49="半",OR(AF49="A",AF49="M")),AND(AS49="單",AT49="半",OR(AF49="T",AF49="J"))),0.5,0) )*0.03456/100/1000 ))),"",((IF(AF49="S",AG49*AU49*G49*AC49/18*0.03456/100/1000, AU49*G49*AC49* (IF(OR(AND(AS49="單",AT49="全",OR(AF49="A",AF49="M")),AND(AS49="單",AT49="全",OR(AF49="T",AF49="J"))),1,0)+ IF(OR(AND(AS49="雙",AT49="全",OR(AF49="A",AF49="M")),AND(AS49="雙",AT49="半",OR(AF49="T",AF49="J"))),1,0)+ IF(AND(AS49="雙",AT49="全",OR(AF49="T",AF49="J")),2,0)+ IF(AND(AS49="單",AT49="半",OR(AF49="A",AF49="M")),0.5,0)+ IF(OR(AND(AS49="雙",AT49="半",OR(AF49="A",AF49="M")),AND(AS49="單",AT49="半",OR(AF49="T",AF49="J"))),0.5,0) )*0.03456/100/1000 ))))
A50: =A49 -> 46175 | B50: A24 | C50: 停機 | E50: =IF(ISNA(VLOOKUP(C50,條件!$A$1:$G$1021,5,0)),"",(VLOOKUP(C50,條件!$A$1:$G$1021,5,0))) | F50: =IF(ISNA(VLOOKUP(C50,條件!$A$1:$G$1021,6,0)),"",(VLOOKUP(C50,條件!$A$1:$G$1021,6,0))) | G50: =IF(ISNA(VLOOKUP(C50,條件!$A$1:$G$1021,7,0)),"",(VLOOKUP(C50,條件!$A$1:$G$1021,7,0))) | H50: =IF(ISNA(VLOOKUP(C50,條件!$A$1:$K$1021,11,0)),"",(VLOOKUP(C50,條件!$A$1:$K$1021,11,0))) | I50: =IF(ISNA(VLOOKUP(C50,條件!$A$1:$L$1021,12,0)),"",(VLOOKUP(C50,條件!$A$1:$L$1021,12,0))) | L50: 停機 | P50: 停機 | T50: 停機 | X50: 停機 | Z50: =IFERROR(VLOOKUP(C50, 條件!$A:$L, 3, 0), "") | AA50: =IF(OR(L50={"改紡","檢修","了機","清車","FINAL","停機","SAMPLE","TEST","絲開發","待料","跳車"}), L50, IFERROR(IF(C50="", "", (SUM(J50, N50, R50, V50)/3 * AG50) * IF(AND(AF50="S", AS50="雙"), 0.5, 1)), "")) -> 停機 | AB50: =IF(K50="","",IF(ISERROR(1-(SUM(K50,O50,S50,W50)/208/Z50)),"",(1-(SUM(K50,O50,S50,W50)/208/Z50)))) | AC50: =IF(OR(L50={"改紡","檢修","了機","清車","FINAL","停機","SAMPLE","TEST"}), "", IFERROR(IF(C50="", "", AVERAGE(L50:M50, P50:Q50, T50:U50, X50:Y50)/100), "")) | AD50: =IF(ISERROR(AA50/8),"",(AA50/8)) | AE50: =IF(OR(L50="改紡", L50="檢修", L50="了機"), "", IF(AND(C50<>"", J50<>""), IFERROR((SUM(J50, N50, R50, V50) - SUM(K50, O50, S50, W50))/24 * AG50, ""), "") ) | AF50: =LEFT(B50,1) -> A | AG50: 1 | AH50: NA | AI50: N/A | AJ50: N/A | AK50: N/A | AS50: =IF(TEXT(RIGHT(F50,2),) = "×2","雙","單") -> 單 | AT50: =IF(OR(AF50="J", AF50="T", AF50="M"), IF(AG50=1, "全", "半"), IF(AF50="A", IF(AG50=0.5, IF(AS50="雙", "全", ""), IF(AG50=1, IF(AS50="雙", "半", "全"), IF(AG50=2, "半", "") ) ), IF(AF50="S", TEXT(AG50 & "sec", "text"), "") )) -> 全 | AU50: =IF(MID(E50,3,1)="/",LEFT(E50,2),LEFT(E50,3)) | AV50: =IF(ISERROR((IF(AF50="S",AG50*AU50*G50*AC50/18*0.03456/100/1000, AU50*G50*AC50* (IF(OR(AND(AS50="單",AT50="全",OR(AF50="A",AF50="M")),AND(AS50="單",AT50="全",OR(AF50="T",AF50="J"))),1,0)+ IF(OR(AND(AS50="雙",AT50="全",OR(AF50="A",AF50="M")),AND(AS50="雙",AT50="半",OR(AF50="T",AF50="J"))),1,0)+ IF(AND(AS50="雙",AT50="全",OR(AF50="T",AF50="J")),2,0)+ IF(AND(AS50="單",AT50="半",OR(AF50="A",AF50="M")),0.5,0)+ IF(OR(AND(AS50="雙",AT50="半",OR(AF50="A",AF50="M")),AND(AS50="單",AT50="半",OR(AF50="T",AF50="J"))),0.5,0) )*0.03456/100/1000 ))),"",((IF(AF50="S",AG50*AU50*G50*AC50/18*0.03456/100/1000, AU50*G50*AC50* (IF(OR(AND(AS50="單",AT50="全",OR(AF50="A",AF50="M")),AND(AS50="單",AT50="全",OR(AF50="T",AF50="J"))),1,0)+ IF(OR(AND(AS50="雙",AT50="全",OR(AF50="A",AF50="M")),AND(AS50="雙",AT50="半",OR(AF50="T",AF50="J"))),1,0)+ IF(AND(AS50="雙",AT50="全",OR(AF50="T",AF50="J")),2,0)+ IF(AND(AS50="單",AT50="半",OR(AF50="A",AF50="M")),0.5,0)+ IF(OR(AND(AS50="雙",AT50="半",OR(AF50="A",AF50="M")),AND(AS50="單",AT50="半",OR(AF50="T",AF50="J"))),0.5,0) )*0.03456/100/1000 ))))
A51: =A50 -> 46175 | B51: J07 | C51: 停機 | E51: =IF(ISNA(VLOOKUP(C51,條件!$A$1:$G$1021,5,0)),"",(VLOOKUP(C51,條件!$A$1:$G$1021,5,0))) | F51: =IF(ISNA(VLOOKUP(C51,條件!$A$1:$G$1021,6,0)),"",(VLOOKUP(C51,條件!$A$1:$G$1021,6,0))) | G51: =IF(ISNA(VLOOKUP(C51,條件!$A$1:$G$1021,7,0)),"",(VLOOKUP(C51,條件!$A$1:$G$1021,7,0))) | H51: =IF(ISNA(VLOOKUP(C51,條件!$A$1:$K$1021,11,0)),"",(VLOOKUP(C51,條件!$A$1:$K$1021,11,0))) | I51: =IF(ISNA(VLOOKUP(C51,條件!$A$1:$L$1021,12,0)),"",(VLOOKUP(C51,條件!$A$1:$L$1021,12,0))) | L51: 停機 | P51: 停機 | T51: 停機 | X51: 停機 | Z51: =IFERROR(VLOOKUP(C51, 條件!$A:$L, 3, 0), "") | AA51: =IF(OR(L51={"改紡","檢修","了機","清車","FINAL","停機","SAMPLE","TEST","絲開發","待料","跳車"}), L51, IFERROR(IF(C51="", "", (SUM(J51, N51, R51, V51)/3 * AG51) * IF(AND(AF51="S", AS51="雙"), 0.5, 1)), "")) -> 停機 | AB51: =IF(K51="","",IF(ISERROR(1-(SUM(K51,O51,S51,W51)/208/Z51)),"",(1-(SUM(K51,O51,S51,W51)/208/Z51)))) | AC51: =IF(OR(L51={"改紡","檢修","了機","清車","FINAL","停機","SAMPLE","TEST"}), "", IFERROR(IF(C51="", "", AVERAGE(L51:M51, P51:Q51, T51:U51, X51:Y51)/100), "")) | AD51: =IF(ISERROR(AA51/8),"",(AA51/8)) | AE51: =IF(OR(L51="改紡", L51="檢修", L51="了機"), "", IF(AND(C51<>"", J51<>""), IFERROR((SUM(J51, N51, R51, V51) - SUM(K51, O51, S51, W51))/24 * AG51, ""), "") ) | AF51: =LEFT(B51,1) -> J | AG51: 1 | AH51: NA | AI51: N/A | AJ51: N/A | AK51: N/A | AS51: =IF(TEXT(RIGHT(F51,2),) = "×2","雙","單") -> 單 | AT51: =IF(OR(AF51="J", AF51="T", AF51="M"), IF(AG51=1, "全", "半"), IF(AF51="A", IF(AG51=0.5, IF(AS51="雙", "全", ""), IF(AG51=1, IF(AS51="雙", "半", "全"), IF(AG51=2, "半", "") ) ), IF(AF51="S", TEXT(AG51 & "sec", "text"), "") )) -> 全 | AU51: =IF(MID(E51,3,1)="/",LEFT(E51,2),LEFT(E51,3)) | AV51: =IF(ISERROR((IF(AF51="S",AG51*AU51*G51*AC51/18*0.03456/100/1000, AU51*G51*AC51* (IF(OR(AND(AS51="單",AT51="全",OR(AF51="A",AF51="M")),AND(AS51="單",AT51="全",OR(AF51="T",AF51="J"))),1,0)+ IF(OR(AND(AS51="雙",AT51="全",OR(AF51="A",AF51="M")),AND(AS51="雙",AT51="半",OR(AF51="T",AF51="J"))),1,0)+ IF(AND(AS51="雙",AT51="全",OR(AF51="T",AF51="J")),2,0)+ IF(AND(AS51="單",AT51="半",OR(AF51="A",AF51="M")),0.5,0)+ IF(OR(AND(AS51="雙",AT51="半",OR(AF51="A",AF51="M")),AND(AS51="單",AT51="半",OR(AF51="T",AF51="J"))),0.5,0) )*0.03456/100/1000 ))),"",((IF(AF51="S",AG51*AU51*G51*AC51/18*0.03456/100/1000, AU51*G51*AC51* (IF(OR(AND(AS51="單",AT51="全",OR(AF51="A",AF51="M")),AND(AS51="單",AT51="全",OR(AF51="T",AF51="J"))),1,0)+ IF(OR(AND(AS51="雙",AT51="全",OR(AF51="A",AF51="M")),AND(AS51="雙",AT51="半",OR(AF51="T",AF51="J"))),1,0)+ IF(AND(AS51="雙",AT51="全",OR(AF51="T",AF51="J")),2,0)+ IF(AND(AS51="單",AT51="半",OR(AF51="A",AF51="M")),0.5,0)+ IF(OR(AND(AS51="雙",AT51="半",OR(AF51="A",AF51="M")),AND(AS51="單",AT51="半",OR(AF51="T",AF51="J"))),0.5,0) )*0.03456/100/1000 ))))
A52: =A51 -> 46175 | B52: J08 | C52: 停機 | E52: =IF(ISNA(VLOOKUP(C52,條件!$A$1:$G$1021,5,0)),"",(VLOOKUP(C52,條件!$A$1:$G$1021,5,0))) | F52: =IF(ISNA(VLOOKUP(C52,條件!$A$1:$G$1021,6,0)),"",(VLOOKUP(C52,條件!$A$1:$G$1021,6,0))) | G52: =IF(ISNA(VLOOKUP(C52,條件!$A$1:$G$1021,7,0)),"",(VLOOKUP(C52,條件!$A$1:$G$1021,7,0))) | H52: =IF(ISNA(VLOOKUP(C52,條件!$A$1:$K$1021,11,0)),"",(VLOOKUP(C52,條件!$A$1:$K$1021,11,0))) | I52: =IF(ISNA(VLOOKUP(C52,條件!$A$1:$L$1021,12,0)),"",(VLOOKUP(C52,條件!$A$1:$L$1021,12,0))) | L52: 停機 | P52: 停機 | T52: 停機 | X52: 停機 | Z52: =IFERROR(VLOOKUP(C52, 條件!$A:$L, 3, 0), "") | AA52: =IF(OR(L52={"改紡","檢修","了機","清車","FINAL","停機","SAMPLE","TEST","絲開發","待料","跳車"}), L52, IFERROR(IF(C52="", "", (SUM(J52, N52, R52, V52)/3 * AG52) * IF(AND(AF52="S", AS52="雙"), 0.5, 1)), "")) -> 停機 | AB52: =IF(K52="","",IF(ISERROR(1-(SUM(K52,O52,S52,W52)/208/Z52)),"",(1-(SUM(K52,O52,S52,W52)/208/Z52)))) | AC52: =IF(OR(L52={"改紡","檢修","了機","清車","FINAL","停機","SAMPLE","TEST"}), "", IFERROR(IF(C52="", "", AVERAGE(L52:M52, P52:Q52, T52:U52, X52:Y52)/100), "")) | AD52: =IF(ISERROR(AA52/8),"",(AA52/8)) | AE52: =IF(OR(L52="改紡", L52="檢修", L52="了機"), "", IF(AND(C52<>"", J52<>""), IFERROR((SUM(J52, N52, R52, V52) - SUM(K52, O52, S52, W52))/24 * AG52, ""), "") ) | AF52: =LEFT(B52,1) -> J | AG52: 1 | AH52: NA | AI52: N/A | AJ52: N/A | AK52: N/A | AS52: =IF(TEXT(RIGHT(F52,2),) = "×2","雙","單") -> 單 | AT52: =IF(OR(AF52="J", AF52="T", AF52="M"), IF(AG52=1, "全", "半"), IF(AF52="A", IF(AG52=0.5, IF(AS52="雙", "全", ""), IF(AG52=1, IF(AS52="雙", "半", "全"), IF(AG52=2, "半", "") ) ), IF(AF52="S", TEXT(AG52 & "sec", "text"), "") )) -> 全 | AU52: =IF(MID(E52,3,1)="/",LEFT(E52,2),LEFT(E52,3)) | AV52: =IF(ISERROR((IF(AF52="S",AG52*AU52*G52*AC52/18*0.03456/100/1000, AU52*G52*AC52* (IF(OR(AND(AS52="單",AT52="全",OR(AF52="A",AF52="M")),AND(AS52="單",AT52="全",OR(AF52="T",AF52="J"))),1,0)+ IF(OR(AND(AS52="雙",AT52="全",OR(AF52="A",AF52="M")),AND(AS52="雙",AT52="半",OR(AF52="T",AF52="J"))),1,0)+ IF(AND(AS52="雙",AT52="全",OR(AF52="T",AF52="J")),2,0)+ IF(AND(AS52="單",AT52="半",OR(AF52="A",AF52="M")),0.5,0)+ IF(OR(AND(AS52="雙",AT52="半",OR(AF52="A",AF52="M")),AND(AS52="單",AT52="半",OR(AF52="T",AF52="J"))),0.5,0) )*0.03456/100/1000 ))),"",((IF(AF52="S",AG52*AU52*G52*AC52/18*0.03456/100/1000, AU52*G52*AC52* (IF(OR(AND(AS52="單",AT52="全",OR(AF52="A",AF52="M")),AND(AS52="單",AT52="全",OR(AF52="T",AF52="J"))),1,0)+ IF(OR(AND(AS52="雙",AT52="全",OR(AF52="A",AF52="M")),AND(AS52="雙",AT52="半",OR(AF52="T",AF52="J"))),1,0)+ IF(AND(AS52="雙",AT52="全",OR(AF52="T",AF52="J")),2,0)+ IF(AND(AS52="單",AT52="半",OR(AF52="A",AF52="M")),0.5,0)+ IF(OR(AND(AS52="雙",AT52="半",OR(AF52="A",AF52="M")),AND(AS52="單",AT52="半",OR(AF52="T",AF52="J"))),0.5,0) )*0.03456/100/1000 ))))
A53: =A52 -> 46175 | B53: J09 | C53: 停機 | E53: =IF(ISNA(VLOOKUP(C53,條件!$A$1:$G$1021,5,0)),"",(VLOOKUP(C53,條件!$A$1:$G$1021,5,0))) | F53: =IF(ISNA(VLOOKUP(C53,條件!$A$1:$G$1021,6,0)),"",(VLOOKUP(C53,條件!$A$1:$G$1021,6,0))) | G53: =IF(ISNA(VLOOKUP(C53,條件!$A$1:$G$1021,7,0)),"",(VLOOKUP(C53,條件!$A$1:$G$1021,7,0))) | H53: =IF(ISNA(VLOOKUP(C53,條件!$A$1:$K$1021,11,0)),"",(VLOOKUP(C53,條件!$A$1:$K$1021,11,0))) | I53: =IF(ISNA(VLOOKUP(C53,條件!$A$1:$L$1021,12,0)),"",(VLOOKUP(C53,條件!$A$1:$L$1021,12,0))) | L53: 停機 | P53: 停機 | T53: 停機 | X53: 停機 | Z53: =IFERROR(VLOOKUP(C53, 條件!$A:$L, 3, 0), "") | AA53: =IF(OR(L53={"改紡","檢修","了機","清車","FINAL","停機","SAMPLE","TEST","絲開發","待料","跳車"}), L53, IFERROR(IF(C53="", "", (SUM(J53, N53, R53, V53)/3 * AG53) * IF(AND(AF53="S", AS53="雙"), 0.5, 1)), "")) -> 停機 | AB53: =IF(K53="","",IF(ISERROR(1-(SUM(K53,O53,S53,W53)/208/Z53)),"",(1-(SUM(K53,O53,S53,W53)/208/Z53)))) | AC53: =IF(OR(L53={"改紡","檢修","了機","清車","FINAL","停機","SAMPLE","TEST"}), "", IFERROR(IF(C53="", "", AVERAGE(L53:M53, P53:Q53, T53:U53, X53:Y53)/100), "")) | AD53: =IF(ISERROR(AA53/8),"",(AA53/8)) | AE53: =IF(OR(L53="改紡", L53="檢修", L53="了機"), "", IF(AND(C53<>"", J53<>""), IFERROR((SUM(J53, N53, R53, V53) - SUM(K53, O53, S53, W53))/24 * AG53, ""), "") ) | AF53: =LEFT(B53,1) -> J | AG53: 1 | AH53: NA | AI53: N/A | AJ53: N/A | AK53: N/A | AS53: =IF(TEXT(RIGHT(F53,2),) = "×2","雙","單") -> 單 | AT53: =IF(OR(AF53="J", AF53="T", AF53="M"), IF(AG53=1, "全", "半"), IF(AF53="A", IF(AG53=0.5, IF(AS53="雙", "全", ""), IF(AG53=1, IF(AS53="雙", "半", "全"), IF(AG53=2, "半", "") ) ), IF(AF53="S", TEXT(AG53 & "sec", "text"), "") )) -> 全 | AU53: =IF(MID(E53,3,1)="/",LEFT(E53,2),LEFT(E53,3)) | AV53: =IF(ISERROR((IF(AF53="S",AG53*AU53*G53*AC53/18*0.03456/100/1000, AU53*G53*AC53* (IF(OR(AND(AS53="單",AT53="全",OR(AF53="A",AF53="M")),AND(AS53="單",AT53="全",OR(AF53="T",AF53="J"))),1,0)+ IF(OR(AND(AS53="雙",AT53="全",OR(AF53="A",AF53="M")),AND(AS53="雙",AT53="半",OR(AF53="T",AF53="J"))),1,0)+ IF(AND(AS53="雙",AT53="全",OR(AF53="T",AF53="J")),2,0)+ IF(AND(AS53="單",AT53="半",OR(AF53="A",AF53="M")),0.5,0)+ IF(OR(AND(AS53="雙",AT53="半",OR(AF53="A",AF53="M")),AND(AS53="單",AT53="半",OR(AF53="T",AF53="J"))),0.5,0) )*0.03456/100/1000 ))),"",((IF(AF53="S",AG53*AU53*G53*AC53/18*0.03456/100/1000, AU53*G53*AC53* (IF(OR(AND(AS53="單",AT53="全",OR(AF53="A",AF53="M")),AND(AS53="單",AT53="全",OR(AF53="T",AF53="J"))),1,0)+ IF(OR(AND(AS53="雙",AT53="全",OR(AF53="A",AF53="M")),AND(AS53="雙",AT53="半",OR(AF53="T",AF53="J"))),1,0)+ IF(AND(AS53="雙",AT53="全",OR(AF53="T",AF53="J")),2,0)+ IF(AND(AS53="單",AT53="半",OR(AF53="A",AF53="M")),0.5,0)+ IF(OR(AND(AS53="雙",AT53="半",OR(AF53="A",AF53="M")),AND(AS53="單",AT53="半",OR(AF53="T",AF53="J"))),0.5,0) )*0.03456/100/1000 ))))
A54: =A53 -> 46175 | B54: T01 | C54: 2F6IK2 | D54: K | E54: =IF(ISNA(VLOOKUP(C54,條件!$A$1:$G$1021,5,0)),"",(VLOOKUP(C54,條件!$A$1:$G$1021,5,0))) -> 150/48/2SDr | F54: =IF(ISNA(VLOOKUP(C54,條件!$A$1:$G$1021,6,0)),"",(VLOOKUP(C54,條件!$A$1:$G$1021,6,0))) -> FP82177R×2 | G54: =IF(ISNA(VLOOKUP(C54,條件!$A$1:$G$1021,7,0)),"",(VLOOKUP(C54,條件!$A$1:$G$1021,7,0))) -> 700 | H54: =IF(ISNA(VLOOKUP(C54,條件!$A$1:$K$1021,11,0)),"",(VLOOKUP(C54,條件!$A$1:$K$1021,11,0))) -> 白底綠星 | I54: =IF(ISNA(VLOOKUP(C54,條件!$A$1:$L$1021,12,0)),"",(VLOOKUP(C54,條件!$A$1:$L$1021,12,0))) -> 5.5 | L54: 改紡 | P54: 改紡 | T54: 改紡 | V54: 45 | W54: 5 | X54: 9170 | Y54: 9070 | Z54: =IFERROR(VLOOKUP(C54, 條件!$A:$L, 3, 0), "") -> 5.8299595 | AA54: =IF(OR(L54={"改紡","檢修","了機","清車","FINAL","停機","SAMPLE","TEST","絲開發","待料","跳車"}), L54, IFERROR(IF(C54="", "", (SUM(J54, N54, R54, V54)/3 * AG54) * IF(AND(AF54="S", AS54="雙"), 0.5, 1)), "")) -> 改紡 | AB54: =IF(K54="","",IF(ISERROR(1-(SUM(K54,O54,S54,W54)/208/Z54)),"",(1-(SUM(K54,O54,S54,W54)/208/Z54)))) | AC54: =IF(OR(L54={"改紡","檢修","了機","清車","FINAL","停機","SAMPLE","TEST"}), "", IFERROR(IF(C54="", "", AVERAGE(L54:M54, P54:Q54, T54:U54, X54:Y54)/100), "")) | AD54: =IF(ISERROR(AA54/8),"",(AA54/8)) | AE54: =IF(OR(L54="改紡", L54="檢修", L54="了機"), "", IF(AND(C54<>"", J54<>""), IFERROR((SUM(J54, N54, R54, V54) - SUM(K54, O54, S54, W54))/24 * AG54, ""), "") ) | AF54: =LEFT(B54,1) -> T | AG54: 1 | AH54: BERT | AI54: WILSON | AJ54: WILSON | AK54: JONA | AL54: 56 | AM54: 46172 | AN54: 46174 | AO54: 46175 | AR54: FP82177R | AS54: =IF(TEXT(RIGHT(F54,2),) = "×2","雙","單") -> 雙 | AT54: =IF(OR(AF54="J", AF54="T", AF54="M"), IF(AG54=1, "全", "半"), IF(AF54="A", IF(AG54=0.5, IF(AS54="雙", "全", ""), IF(AG54=1, IF(AS54="雙", "半", "全"), IF(AG54=2, "半", "") ) ), IF(AF54="S", TEXT(AG54 & "sec", "text"), "") )) -> 全 | AU54: =IF(MID(E54,3,1)="/",LEFT(E54,2),LEFT(E54,3)) -> 150 | AV54: =IF(ISERROR((IF(AF54="S",AG54*AU54*G54*AC54/18*0.03456/100/1000, AU54*G54*AC54* (IF(OR(AND(AS54="單",AT54="全",OR(AF54="A",AF54="M")),AND(AS54="單",AT54="全",OR(AF54="T",AF54="J"))),1,0)+ IF(OR(AND(AS54="雙",AT54="全",OR(AF54="A",AF54="M")),AND(AS54="雙",AT54="半",OR(AF54="T",AF54="J"))),1,0)+ IF(AND(AS54="雙",AT54="全",OR(AF54="T",AF54="J")),2,0)+ IF(AND(AS54="單",AT54="半",OR(AF54="A",AF54="M")),0.5,0)+ IF(OR(AND(AS54="雙",AT54="半",OR(AF54="A",AF54="M")),AND(AS54="單",AT54="半",OR(AF54="T",AF54="J"))),0.5,0) )*0.03456/100/1000 ))),"",((IF(AF54="S",AG54*AU54*G54*AC54/18*0.03456/100/1000, AU54*G54*AC54* (IF(OR(AND(AS54="單",AT54="全",OR(AF54="A",AF54="M")),AND(AS54="單",AT54="全",OR(AF54="T",AF54="J"))),1,0)+ IF(OR(AND(AS54="雙",AT54="全",OR(AF54="A",AF54="M")),AND(AS54="雙",AT54="半",OR(AF54="T",AF54="J"))),1,0)+ IF(AND(AS54="雙",AT54="全",OR(AF54="T",AF54="J")),2,0)+ IF(AND(AS54="單",AT54="半",OR(AF54="A",AF54="M")),0.5,0)+ IF(OR(AND(AS54="雙",AT54="半",OR(AF54="A",AF54="M")),AND(AS54="單",AT54="半",OR(AF54="T",AF54="J"))),0.5,0) )*0.03456/100/1000 ))))
A55: =A54 -> 46175 | B55: T02 | C55: 2F6IL2 | D55: K | E55: =IF(ISNA(VLOOKUP(C55,條件!$A$1:$G$1021,5,0)),"",(VLOOKUP(C55,條件!$A$1:$G$1021,5,0))) -> 150/48/2SDr | F55: =IF(ISNA(VLOOKUP(C55,條件!$A$1:$G$1021,6,0)),"",(VLOOKUP(C55,條件!$A$1:$G$1021,6,0))) -> FP82175R×2 | G55: =IF(ISNA(VLOOKUP(C55,條件!$A$1:$G$1021,7,0)),"",(VLOOKUP(C55,條件!$A$1:$G$1021,7,0))) -> 700 | H55: =IF(ISNA(VLOOKUP(C55,條件!$A$1:$K$1021,11,0)),"",(VLOOKUP(C55,條件!$A$1:$K$1021,11,0))) -> 黃底綠星 | I55: =IF(ISNA(VLOOKUP(C55,條件!$A$1:$L$1021,12,0)),"",(VLOOKUP(C55,條件!$A$1:$L$1021,12,0))) -> 5.5 | L55: 改紡 | P55: 改紡 | T55: 改紡 | V55: 39 | W55: 4 | X55: 9440 | Y55: 9260 | Z55: =IFERROR(VLOOKUP(C55, 條件!$A:$L, 3, 0), "") -> 5.8299595 | AA55: =IF(OR(L55={"改紡","檢修","了機","清車","FINAL","停機","SAMPLE","TEST","絲開發","待料","跳車"}), L55, IFERROR(IF(C55="", "", (SUM(J55, N55, R55, V55)/3 * AG55) * IF(AND(AF55="S", AS55="雙"), 0.5, 1)), "")) -> 改紡 | AB55: =IF(K55="","",IF(ISERROR(1-(SUM(K55,O55,S55,W55)/208/Z55)),"",(1-(SUM(K55,O55,S55,W55)/208/Z55)))) | AC55: =IF(OR(L55={"改紡","檢修","了機","清車","FINAL","停機","SAMPLE","TEST"}), "", IFERROR(IF(C55="", "", AVERAGE(L55:M55, P55:Q55, T55:U55, X55:Y55)/100), "")) | AD55: =IF(ISERROR(AA55/8),"",(AA55/8)) | AE55: =IF(OR(L55="改紡", L55="檢修", L55="了機"), "", IF(AND(C55<>"", J55<>""), IFERROR((SUM(J55, N55, R55, V55) - SUM(K55, O55, S55, W55))/24 * AG55, ""), "") ) | AF55: =LEFT(B55,1) -> T | AG55: 1 | AH55: BERT | AI55: WILSON | AJ55: WILSON | AK55: MAMAY | AL55: 55 | AM55: 46173 | AN55: 46174 | AO55: 46175 | AR55: FP82175R | AS55: =IF(TEXT(RIGHT(F55,2),) = "×2","雙","單") -> 雙 | AT55: =IF(OR(AF55="J", AF55="T", AF55="M"), IF(AG55=1, "全", "半"), IF(AF55="A", IF(AG55=0.5, IF(AS55="雙", "全", ""), IF(AG55=1, IF(AS55="雙", "半", "全"), IF(AG55=2, "半", "") ) ), IF(AF55="S", TEXT(AG55 & "sec", "text"), "") )) -> 全 | AU55: =IF(MID(E55,3,1)="/",LEFT(E55,2),LEFT(E55,3)) -> 150 | AV55: =IF(ISERROR((IF(AF55="S",AG55*AU55*G55*AC55/18*0.03456/100/1000, AU55*G55*AC55* (IF(OR(AND(AS55="單",AT55="全",OR(AF55="A",AF55="M")),AND(AS55="單",AT55="全",OR(AF55="T",AF55="J"))),1,0)+ IF(OR(AND(AS55="雙",AT55="全",OR(AF55="A",AF55="M")),AND(AS55="雙",AT55="半",OR(AF55="T",AF55="J"))),1,0)+ IF(AND(AS55="雙",AT55="全",OR(AF55="T",AF55="J")),2,0)+ IF(AND(AS55="單",AT55="半",OR(AF55="A",AF55="M")),0.5,0)+ IF(OR(AND(AS55="雙",AT55="半",OR(AF55="A",AF55="M")),AND(AS55="單",AT55="半",OR(AF55="T",AF55="J"))),0.5,0) )*0.03456/100/1000 ))),"",((IF(AF55="S",AG55*AU55*G55*AC55/18*0.03456/100/1000, AU55*G55*AC55* (IF(OR(AND(AS55="單",AT55="全",OR(AF55="A",AF55="M")),AND(AS55="單",AT55="全",OR(AF55="T",AF55="J"))),1,0)+ IF(OR(AND(AS55="雙",AT55="全",OR(AF55="A",AF55="M")),AND(AS55="雙",AT55="半",OR(AF55="T",AF55="J"))),1,0)+ IF(AND(AS55="雙",AT55="全",OR(AF55="T",AF55="J")),2,0)+ IF(AND(AS55="單",AT55="半",OR(AF55="A",AF55="M")),0.5,0)+ IF(OR(AND(AS55="雙",AT55="半",OR(AF55="A",AF55="M")),AND(AS55="單",AT55="半",OR(AF55="T",AF55="J"))),0.5,0) )*0.03456/100/1000 ))))
A56: =A55 -> 46175 | B56: T03 | C56: 2F6IB1 | E56: =IF(ISNA(VLOOKUP(C56,條件!$A$1:$G$1021,5,0)),"",(VLOOKUP(C56,條件!$A$1:$G$1021,5,0))) -> 150/48/2SDr | F56: =IF(ISNA(VLOOKUP(C56,條件!$A$1:$G$1021,6,0)),"",(VLOOKUP(C56,條件!$A$1:$G$1021,6,0))) -> FP82169R×2 | G56: =IF(ISNA(VLOOKUP(C56,條件!$A$1:$G$1021,7,0)),"",(VLOOKUP(C56,條件!$A$1:$G$1021,7,0))) -> 670 | H56: =IF(ISNA(VLOOKUP(C56,條件!$A$1:$K$1021,11,0)),"",(VLOOKUP(C56,條件!$A$1:$K$1021,11,0))) -> 黃底紅點 | I56: =IF(ISNA(VLOOKUP(C56,條件!$A$1:$L$1021,12,0)),"",(VLOOKUP(C56,條件!$A$1:$L$1021,12,0))) -> 5 | J56: 23 | K56: 0 | L56: 8240 | R56: 13 | S56: 0 | T56: 7870 | V56: 18 | W56: 2 | X56: 8520 | Z56: =IFERROR(VLOOKUP(C56, 條件!$A:$L, 3, 0), "") -> 6.2882096 | AA56: =IF(OR(L56={"改紡","檢修","了機","清車","FINAL","停機","SAMPLE","TEST","絲開發","待料","跳車"}), L56, IFERROR(IF(C56="", "", (SUM(J56, N56, R56, V56)/3 * AG56) * IF(AND(AF56="S", AS56="雙"), 0.5, 1)), "")) -> 36 | AB56: =IF(K56="","",IF(ISERROR(1-(SUM(K56,O56,S56,W56)/208/Z56)),"",(1-(SUM(K56,O56,S56,W56)/208/Z56)))) -> 0.99847089 | AC56: =IF(OR(L56={"改紡","檢修","了機","清車","FINAL","停機","SAMPLE","TEST"}), "", IFERROR(IF(C56="", "", AVERAGE(L56:M56, P56:Q56, T56:U56, X56:Y56)/100), "")) -> 82.1 | AD56: =IF(ISERROR(AA56/8),"",(AA56/8)) -> 4.5 | AE56: =IF(OR(L56="改紡", L56="檢修", L56="了機"), "", IF(AND(C56<>"", J56<>""), IFERROR((SUM(J56, N56, R56, V56) - SUM(K56, O56, S56, W56))/24 * AG56, ""), "") ) -> 4.3333333 | AF56: =LEFT(B56,1) -> T | AG56: 2 | AH56: BRYAN | AI56: VIN | AJ56: VIN | AK56: JONA | AL56: 48 | AM56: 46164 | AN56: 46165 | AS56: =IF(TEXT(RIGHT(F56,2),) = "×2","雙","單") -> 雙 | AT56: =IF(OR(AF56="J", AF56="T", AF56="M"), IF(AG56=1, "全", "半"), IF(AF56="A", IF(AG56=0.5, IF(AS56="雙", "全", ""), IF(AG56=1, IF(AS56="雙", "半", "全"), IF(AG56=2, "半", "") ) ), IF(AF56="S", TEXT(AG56 & "sec", "text"), "") )) -> 半 | AU56: =IF(MID(E56,3,1)="/",LEFT(E56,2),LEFT(E56,3)) -> 150 | AV56: =IF(ISERROR((IF(AF56="S",AG56*AU56*G56*AC56/18*0.03456/100/1000, AU56*G56*AC56* (IF(OR(AND(AS56="單",AT56="全",OR(AF56="A",AF56="M")),AND(AS56="單",AT56="全",OR(AF56="T",AF56="J"))),1,0)+ IF(OR(AND(AS56="雙",AT56="全",OR(AF56="A",AF56="M")),AND(AS56="雙",AT56="半",OR(AF56="T",AF56="J"))),1,0)+ IF(AND(AS56="雙",AT56="全",OR(AF56="T",AF56="J")),2,0)+ IF(AND(AS56="單",AT56="半",OR(AF56="A",AF56="M")),0.5,0)+ IF(OR(AND(AS56="雙",AT56="半",OR(AF56="A",AF56="M")),AND(AS56="單",AT56="半",OR(AF56="T",AF56="J"))),0.5,0) )*0.03456/100/1000 ))),"",((IF(AF56="S",AG56*AU56*G56*AC56/18*0.03456/100/1000, AU56*G56*AC56* (IF(OR(AND(AS56="單",AT56="全",OR(AF56="A",AF56="M")),AND(AS56="單",AT56="全",OR(AF56="T",AF56="J"))),1,0)+ IF(OR(AND(AS56="雙",AT56="全",OR(AF56="A",AF56="M")),AND(AS56="雙",AT56="半",OR(AF56="T",AF56="J"))),1,0)+ IF(AND(AS56="雙",AT56="全",OR(AF56="T",AF56="J")),2,0)+ IF(AND(AS56="單",AT56="半",OR(AF56="A",AF56="M")),0.5,0)+ IF(OR(AND(AS56="雙",AT56="半",OR(AF56="A",AF56="M")),AND(AS56="單",AT56="半",OR(AF56="T",AF56="J"))),0.5,0) )*0.03456/100/1000 )))) -> 2.8515629
A57: =A56 -> 46175 | B57: T03 | C57: 2F6ID2 | E57: =IF(ISNA(VLOOKUP(C57,條件!$A$1:$G$1021,5,0)),"",(VLOOKUP(C57,條件!$A$1:$G$1021,5,0))) -> 150/48/2SDr | F57: =IF(ISNA(VLOOKUP(C57,條件!$A$1:$G$1021,6,0)),"",(VLOOKUP(C57,條件!$A$1:$G$1021,6,0))) -> FP82169R×2 | G57: =IF(ISNA(VLOOKUP(C57,條件!$A$1:$G$1021,7,0)),"",(VLOOKUP(C57,條件!$A$1:$G$1021,7,0))) -> 670 | H57: =IF(ISNA(VLOOKUP(C57,條件!$A$1:$K$1021,11,0)),"",(VLOOKUP(C57,條件!$A$1:$K$1021,11,0))) -> 紅底藍點 | I57: =IF(ISNA(VLOOKUP(C57,條件!$A$1:$L$1021,12,0)),"",(VLOOKUP(C57,條件!$A$1:$L$1021,12,0))) -> 5 | J57: 18 | K57: 0 | M57: 8330 | R57: 26 | S57: 0 | T57: 8330 | V57: 27 | W57: 1 | Y57: 8890 | Z57: =IFERROR(VLOOKUP(C57, 條件!$A:$L, 3, 0), "") -> 6.1802575 | AA57: =IF(OR(L57={"改紡","檢修","了機","清車","FINAL","停機","SAMPLE","TEST","絲開發","待料","跳車"}), L57, IFERROR(IF(C57="", "", (SUM(J57, N57, R57, V57)/3 * AG57) * IF(AND(AF57="S", AS57="雙"), 0.5, 1)), "")) -> 47.333333 | AB57: =IF(K57="","",IF(ISERROR(1-(SUM(K57,O57,S57,W57)/208/Z57)),"",(1-(SUM(K57,O57,S57,W57)/208/Z57)))) -> 0.99922209 | AC57: =IF(OR(L57={"改紡","檢修","了機","清車","FINAL","停機","SAMPLE","TEST"}), "", IFERROR(IF(C57="", "", AVERAGE(L57:M57, P57:Q57, T57:U57, X57:Y57)/100), "")) -> 85.166667 | AD57: =IF(ISERROR(AA57/8),"",(AA57/8)) -> 5.9166667 | AE57: =IF(OR(L57="改紡", L57="檢修", L57="了機"), "", IF(AND(C57<>"", J57<>""), IFERROR((SUM(J57, N57, R57, V57) - SUM(K57, O57, S57, W57))/24 * AG57, ""), "") ) -> 5.8333333 | AF57: =LEFT(B57,1) -> T | AG57: 2 | AH57: BRYAN | AI57: VIN | AJ57: VIN | AK57: JONA | AL57: 48 | AM57: 46164 | AN57: 46165 | AO57: 46174 | AS57: =IF(TEXT(RIGHT(F57,2),) = "×2","雙","單") -> 雙 | AT57: =IF(OR(AF57="J", AF57="T", AF57="M"), IF(AG57=1, "全", "半"), IF(AF57="A", IF(AG57=0.5, IF(AS57="雙", "全", ""), IF(AG57=1, IF(AS57="雙", "半", "全"), IF(AG57=2, "半", "") ) ), IF(AF57="S", TEXT(AG57 & "sec", "text"), "") )) -> 半 | AU57: =IF(MID(E57,3,1)="/",LEFT(E57,2),LEFT(E57,3)) -> 150 | AV57: =IF(ISERROR((IF(AF57="S",AG57*AU57*G57*AC57/18*0.03456/100/1000, AU57*G57*AC57* (IF(OR(AND(AS57="單",AT57="全",OR(AF57="A",AF57="M")),AND(AS57="單",AT57="全",OR(AF57="T",AF57="J"))),1,0)+ IF(OR(AND(AS57="雙",AT57="全",OR(AF57="A",AF57="M")),AND(AS57="雙",AT57="半",OR(AF57="T",AF57="J"))),1,0)+ IF(AND(AS57="雙",AT57="全",OR(AF57="T",AF57="J")),2,0)+ IF(AND(AS57="單",AT57="半",OR(AF57="A",AF57="M")),0.5,0)+ IF(OR(AND(AS57="雙",AT57="半",OR(AF57="A",AF57="M")),AND(AS57="單",AT57="半",OR(AF57="T",AF57="J"))),0.5,0) )*0.03456/100/1000 ))),"",((IF(AF57="S",AG57*AU57*G57*AC57/18*0.03456/100/1000, AU57*G57*AC57* (IF(OR(AND(AS57="單",AT57="全",OR(AF57="A",AF57="M")),AND(AS57="單",AT57="全",OR(AF57="T",AF57="J"))),1,0)+ IF(OR(AND(AS57="雙",AT57="全",OR(AF57="A",AF57="M")),AND(AS57="雙",AT57="半",OR(AF57="T",AF57="J"))),1,0)+ IF(AND(AS57="雙",AT57="全",OR(AF57="T",AF57="J")),2,0)+ IF(AND(AS57="單",AT57="半",OR(AF57="A",AF57="M")),0.5,0)+ IF(OR(AND(AS57="雙",AT57="半",OR(AF57="A",AF57="M")),AND(AS57="單",AT57="半",OR(AF57="T",AF57="J"))),0.5,0) )*0.03456/100/1000 )))) -> 2.9580768
A58: =A57 -> 46175 | B58: T04 | C58: 2F9VH2 | E58: =IF(ISNA(VLOOKUP(C58,條件!$A$1:$G$1021,5,0)),"",(VLOOKUP(C58,條件!$A$1:$G$1021,5,0))) -> 75/72/2PFBR | F58: =IF(ISNA(VLOOKUP(C58,條件!$A$1:$G$1021,6,0)),"",(VLOOKUP(C58,條件!$A$1:$G$1021,6,0))) -> FP01432R×2 | G58: =IF(ISNA(VLOOKUP(C58,條件!$A$1:$G$1021,7,0)),"",(VLOOKUP(C58,條件!$A$1:$G$1021,7,0))) -> 550 | H58: =IF(ISNA(VLOOKUP(C58,條件!$A$1:$K$1021,11,0)),"",(VLOOKUP(C58,條件!$A$1:$K$1021,11,0))) -> 紫色 | I58: =IF(ISNA(VLOOKUP(C58,條件!$A$1:$L$1021,12,0)),"",(VLOOKUP(C58,條件!$A$1:$L$1021,12,0))) -> 4 | L58: 了機 | P58: 了機 | T58: 了機 | X58: 了機 | Z58: =IFERROR(VLOOKUP(C58, 條件!$A:$L, 3, 0), "") -> 3.1578947 | AA58: =IF(OR(L58={"改紡","檢修","了機","清車","FINAL","停機","SAMPLE","TEST","絲開發","待料","跳車"}), L58, IFERROR(IF(C58="", "", (SUM(J58, N58, R58, V58)/3 * AG58) * IF(AND(AF58="S", AS58="雙"), 0.5, 1)), "")) -> 了機 | AB58: =IF(K58="","",IF(ISERROR(1-(SUM(K58,O58,S58,W58)/208/Z58)),"",(1-(SUM(K58,O58,S58,W58)/208/Z58)))) | AC58: =IF(OR(L58={"改紡","檢修","了機","清車","FINAL","停機","SAMPLE","TEST"}), "", IFERROR(IF(C58="", "", AVERAGE(L58:M58, P58:Q58, T58:U58, X58:Y58)/100), "")) | AD58: =IF(ISERROR(AA58/8),"",(AA58/8)) | AE58: =IF(OR(L58="改紡", L58="檢修", L58="了機"), "", IF(AND(C58<>"", J58<>""), IFERROR((SUM(J58, N58, R58, V58) - SUM(K58, O58, S58, W58))/24 * AG58, ""), "") ) | AF58: =LEFT(B58,1) -> T | AG58: 2 | AH58: BRYAN | AI58: VIN | AJ58: VIN | AK58: MAMAY | AL58: 52 | AM58: 46168 | AN58: 46169 | AS58: =IF(TEXT(RIGHT(F58,2),) = "×2","雙","單") -> 雙 | AT58: =IF(OR(AF58="J", AF58="T", AF58="M"), IF(AG58=1, "全", "半"), IF(AF58="A", IF(AG58=0.5, IF(AS58="雙", "全", ""), IF(AG58=1, IF(AS58="雙", "半", "全"), IF(AG58=2, "半", "") ) ), IF(AF58="S", TEXT(AG58 & "sec", "text"), "") )) -> 半 | AU58: =IF(MID(E58,3,1)="/",LEFT(E58,2),LEFT(E58,3)) -> 75 | AV58: =IF(ISERROR((IF(AF58="S",AG58*AU58*G58*AC58/18*0.03456/100/1000, AU58*G58*AC58* (IF(OR(AND(AS58="單",AT58="全",OR(AF58="A",AF58="M")),AND(AS58="單",AT58="全",OR(AF58="T",AF58="J"))),1,0)+ IF(OR(AND(AS58="雙",AT58="全",OR(AF58="A",AF58="M")),AND(AS58="雙",AT58="半",OR(AF58="T",AF58="J"))),1,0)+ IF(AND(AS58="雙",AT58="全",OR(AF58="T",AF58="J")),2,0)+ IF(AND(AS58="單",AT58="半",OR(AF58="A",AF58="M")),0.5,0)+ IF(OR(AND(AS58="雙",AT58="半",OR(AF58="A",AF58="M")),AND(AS58="單",AT58="半",OR(AF58="T",AF58="J"))),0.5,0) )*0.03456/100/1000 ))),"",((IF(AF58="S",AG58*AU58*G58*AC58/18*0.03456/100/1000, AU58*G58*AC58* (IF(OR(AND(AS58="單",AT58="全",OR(AF58="A",AF58="M")),AND(AS58="單",AT58="全",OR(AF58="T",AF58="J"))),1,0)+ IF(OR(AND(AS58="雙",AT58="全",OR(AF58="A",AF58="M")),AND(AS58="雙",AT58="半",OR(AF58="T",AF58="J"))),1,0)+ IF(AND(AS58="雙",AT58="全",OR(AF58="T",AF58="J")),2,0)+ IF(AND(AS58="單",AT58="半",OR(AF58="A",AF58="M")),0.5,0)+ IF(OR(AND(AS58="雙",AT58="半",OR(AF58="A",AF58="M")),AND(AS58="單",AT58="半",OR(AF58="T",AF58="J"))),0.5,0) )*0.03456/100/1000 ))))
A59: =A58 -> 46175 | B59: T04 | C59: 2F7E03 | D59: K | E59: =IF(ISNA(VLOOKUP(C59,條件!$A$1:$G$1021,5,0)),"",(VLOOKUP(C59,條件!$A$1:$G$1021,5,0))) -> 225/72/2SDr | F59: =IF(ISNA(VLOOKUP(C59,條件!$A$1:$G$1021,6,0)),"",(VLOOKUP(C59,條件!$A$1:$G$1021,6,0))) -> FP83024R×2 | G59: =IF(ISNA(VLOOKUP(C59,條件!$A$1:$G$1021,7,0)),"",(VLOOKUP(C59,條件!$A$1:$G$1021,7,0))) -> 550 | H59: =IF(ISNA(VLOOKUP(C59,條件!$A$1:$K$1021,11,0)),"",(VLOOKUP(C59,條件!$A$1:$K$1021,11,0))) -> 灰色 | I59: =IF(ISNA(VLOOKUP(C59,條件!$A$1:$L$1021,12,0)),"",(VLOOKUP(C59,條件!$A$1:$L$1021,12,0))) -> 5.5 | J59: 20 | K59: 6 | M59: 8890 | R59: 30 | S59: 0 | T59: 9170 | V59: 13 | W59: 4 | Y59: 9350 | Z59: =IFERROR(VLOOKUP(C59, 條件!$A:$L, 3, 0), "") -> 6.5454545 | AA59: =IF(OR(L59={"改紡","檢修","了機","清車","FINAL","停機","SAMPLE","TEST","絲開發","待料","跳車"}), L59, IFERROR(IF(C59="", "", (SUM(J59, N59, R59, V59)/3 * AG59) * IF(AND(AF59="S", AS59="雙"), 0.5, 1)), "")) -> 42 | AB59: =IF(K59="","",IF(ISERROR(1-(SUM(K59,O59,S59,W59)/208/Z59)),"",(1-(SUM(K59,O59,S59,W59)/208/Z59)))) -> 0.99265491 | AC59: =IF(OR(L59={"改紡","檢修","了機","清車","FINAL","停機","SAMPLE","TEST"}), "", IFERROR(IF(C59="", "", AVERAGE(L59:M59, P59:Q59, T59:U59, X59:Y59)/100), "")) -> 91.366667 | AD59: =IF(ISERROR(AA59/8),"",(AA59/8)) -> 5.25 | AE59: =IF(OR(L59="改紡", L59="檢修", L59="了機"), "", IF(AND(C59<>"", J59<>""), IFERROR((SUM(J59, N59, R59, V59) - SUM(K59, O59, S59, W59))/24 * AG59, ""), "") ) -> 4.4166667 | AF59: =LEFT(B59,1) -> T | AG59: 2 | AH59: BRYAN | AI59: VIN | AJ59: VIN | AK59: MAMAY | AL59: 53 | AM59: 46145 | AN59: 46148 | AO59: 46149 | AP59: 46150 | AQ59: 46151 | AS59: =IF(TEXT(RIGHT(F59,2),) = "×2","雙","單") -> 雙 | AT59: =IF(OR(AF59="J", AF59="T", AF59="M"), IF(AG59=1, "全", "半"), IF(AF59="A", IF(AG59=0.5, IF(AS59="雙", "全", ""), IF(AG59=1, IF(AS59="雙", "半", "全"), IF(AG59=2, "半", "") ) ), IF(AF59="S", TEXT(AG59 & "sec", "text"), "") )) -> 半 | AU59: =IF(MID(E59,3,1)="/",LEFT(E59,2),LEFT(E59,3)) -> 225 | AV59: =IF(ISERROR((IF(AF59="S",AG59*AU59*G59*AC59/18*0.03456/100/1000, AU59*G59*AC59* (IF(OR(AND(AS59="單",AT59="全",OR(AF59="A",AF59="M")),AND(AS59="單",AT59="全",OR(AF59="T",AF59="J"))),1,0)+ IF(OR(AND(AS59="雙",AT59="全",OR(AF59="A",AF59="M")),AND(AS59="雙",AT59="半",OR(AF59="T",AF59="J"))),1,0)+ IF(AND(AS59="雙",AT59="全",OR(AF59="T",AF59="J")),2,0)+ IF(AND(AS59="單",AT59="半",OR(AF59="A",AF59="M")),0.5,0)+ IF(OR(AND(AS59="雙",AT59="半",OR(AF59="A",AF59="M")),AND(AS59="單",AT59="半",OR(AF59="T",AF59="J"))),0.5,0) )*0.03456/100/1000 ))),"",((IF(AF59="S",AG59*AU59*G59*AC59/18*0.03456/100/1000, AU59*G59*AC59* (IF(OR(AND(AS59="單",AT59="全",OR(AF59="A",AF59="M")),AND(AS59="單",AT59="全",OR(AF59="T",AF59="J"))),1,0)+ IF(OR(AND(AS59="雙",AT59="全",OR(AF59="A",AF59="M")),AND(AS59="雙",AT59="半",OR(AF59="T",AF59="J"))),1,0)+ IF(AND(AS59="雙",AT59="全",OR(AF59="T",AF59="J")),2,0)+ IF(AND(AS59="單",AT59="半",OR(AF59="A",AF59="M")),0.5,0)+ IF(OR(AND(AS59="雙",AT59="半",OR(AF59="A",AF59="M")),AND(AS59="單",AT59="半",OR(AF59="T",AF59="J"))),0.5,0) )*0.03456/100/1000 )))) -> 3.9075696
A60: =A59 -> 46175 | B60: T05 | C60: 2F6II2 | D60: K | E60: =IF(ISNA(VLOOKUP(C60,條件!$A$1:$G$1021,5,0)),"",(VLOOKUP(C60,條件!$A$1:$G$1021,5,0))) -> 150/48/2SDr | F60: =IF(ISNA(VLOOKUP(C60,條件!$A$1:$G$1021,6,0)),"",(VLOOKUP(C60,條件!$A$1:$G$1021,6,0))) -> FP82173R×2 | G60: =IF(ISNA(VLOOKUP(C60,條件!$A$1:$G$1021,7,0)),"",(VLOOKUP(C60,條件!$A$1:$G$1021,7,0))) -> 700 | H60: =IF(ISNA(VLOOKUP(C60,條件!$A$1:$K$1021,11,0)),"",(VLOOKUP(C60,條件!$A$1:$K$1021,11,0))) -> 黃紅雙色 | I60: =IF(ISNA(VLOOKUP(C60,條件!$A$1:$L$1021,12,0)),"",(VLOOKUP(C60,條件!$A$1:$L$1021,12,0))) -> 5.5 | L60: 了機 | M60: 了機 | Q60: 了機 | U60: 了機 | Y60: 了機 | Z60: =IFERROR(VLOOKUP(C60, 條件!$A:$L, 3, 0), "") -> 5.8536585 | AA60: =IF(OR(L60={"改紡","檢修","了機","清車","FINAL","停機","SAMPLE","TEST","絲開發","待料","跳車"}), L60, IFERROR(IF(C60="", "", (SUM(J60, N60, R60, V60)/3 * AG60) * IF(AND(AF60="S", AS60="雙"), 0.5, 1)), "")) -> 了機 | AB60: =IF(K60="","",IF(ISERROR(1-(SUM(K60,O60,S60,W60)/208/Z60)),"",(1-(SUM(K60,O60,S60,W60)/208/Z60)))) | AC60: =IF(OR(L60={"改紡","檢修","了機","清車","FINAL","停機","SAMPLE","TEST"}), "", IFERROR(IF(C60="", "", AVERAGE(L60:M60, P60:Q60, T60:U60, X60:Y60)/100), "")) | AD60: =IF(ISERROR(AA60/8),"",(AA60/8)) | AE60: =IF(OR(L60="改紡", L60="檢修", L60="了機"), "", IF(AND(C60<>"", J60<>""), IFERROR((SUM(J60, N60, R60, V60) - SUM(K60, O60, S60, W60))/24 * AG60, ""), "") ) | AF60: =LEFT(B60,1) -> T | AG60: 1 | AH60: BRYAN | AI60: VIN | AJ60: VIN | AK60: JONA | AL60: 56 | AM60: 46166 | AN60: 46168 | AS60: =IF(TEXT(RIGHT(F60,2),) = "×2","雙","單") -> 雙 | AT60: =IF(OR(AF60="J", AF60="T", AF60="M"), IF(AG60=1, "全", "半"), IF(AF60="A", IF(AG60=0.5, IF(AS60="雙", "全", ""), IF(AG60=1, IF(AS60="雙", "半", "全"), IF(AG60=2, "半", "") ) ), IF(AF60="S", TEXT(AG60 & "sec", "text"), "") )) -> 全 | AU60: =IF(MID(E60,3,1)="/",LEFT(E60,2),LEFT(E60,3)) -> 150 | AV60: =IF(ISERROR((IF(AF60="S",AG60*AU60*G60*AC60/18*0.03456/100/1000, AU60*G60*AC60* (IF(OR(AND(AS60="單",AT60="全",OR(AF60="A",AF60="M")),AND(AS60="單",AT60="全",OR(AF60="T",AF60="J"))),1,0)+ IF(OR(AND(AS60="雙",AT60="全",OR(AF60="A",AF60="M")),AND(AS60="雙",AT60="半",OR(AF60="T",AF60="J"))),1,0)+ IF(AND(AS60="雙",AT60="全",OR(AF60="T",AF60="J")),2,0)+ IF(AND(AS60="單",AT60="半",OR(AF60="A",AF60="M")),0.5,0)+ IF(OR(AND(AS60="雙",AT60="半",OR(AF60="A",AF60="M")),AND(AS60="單",AT60="半",OR(AF60="T",AF60="J"))),0.5,0) )*0.03456/100/1000 ))),"",((IF(AF60="S",AG60*AU60*G60*AC60/18*0.03456/100/1000, AU60*G60*AC60* (IF(OR(AND(AS60="單",AT60="全",OR(AF60="A",AF60="M")),AND(AS60="單",AT60="全",OR(AF60="T",AF60="J"))),1,0)+ IF(OR(AND(AS60="雙",AT60="全",OR(AF60="A",AF60="M")),AND(AS60="雙",AT60="半",OR(AF60="T",AF60="J"))),1,0)+ IF(AND(AS60="雙",AT60="全",OR(AF60="T",AF60="J")),2,0)+ IF(AND(AS60="單",AT60="半",OR(AF60="A",AF60="M")),0.5,0)+ IF(OR(AND(AS60="雙",AT60="半",OR(AF60="A",AF60="M")),AND(AS60="單",AT60="半",OR(AF60="T",AF60="J"))),0.5,0) )*0.03456/100/1000 ))))
A61: =A60 -> 46175 | B61: T06 | C61: 2F6IM2 | D61: K | E61: =IF(ISNA(VLOOKUP(C61,條件!$A$1:$G$1021,5,0)),"",(VLOOKUP(C61,條件!$A$1:$G$1021,5,0))) -> 150/48/2SDr | F61: =IF(ISNA(VLOOKUP(C61,條件!$A$1:$G$1021,6,0)),"",(VLOOKUP(C61,條件!$A$1:$G$1021,6,0))) -> FP82177R×2 | G61: =IF(ISNA(VLOOKUP(C61,條件!$A$1:$G$1021,7,0)),"",(VLOOKUP(C61,條件!$A$1:$G$1021,7,0))) -> 700 | H61: =IF(ISNA(VLOOKUP(C61,條件!$A$1:$K$1021,11,0)),"",(VLOOKUP(C61,條件!$A$1:$K$1021,11,0))) -> 黃綠條紋 | I61: =IF(ISNA(VLOOKUP(C61,條件!$A$1:$L$1021,12,0)),"",(VLOOKUP(C61,條件!$A$1:$L$1021,12,0))) -> 5.5 | J61: 25 | K61: 2 | L61: 9540 | M61: 9630 | R61: 19 | S61: 0 | T61: 9170 | U61: 9170 | V61: 53 | W61: 2 | X61: 10000 | Y61: 9170 | Z61: =IFERROR(VLOOKUP(C61, 條件!$A:$L, 3, 0), "") -> 5.8299595 | AA61: =IF(OR(L61={"改紡","檢修","了機","清車","FINAL","停機","SAMPLE","TEST","絲開發","待料","跳車"}), L61, IFERROR(IF(C61="", "", (SUM(J61, N61, R61, V61)/3 * AG61) * IF(AND(AF61="S", AS61="雙"), 0.5, 1)), "")) -> 32.333333 | AB61: =IF(K61="","",IF(ISERROR(1-(SUM(K61,O61,S61,W61)/208/Z61)),"",(1-(SUM(K61,O61,S61,W61)/208/Z61)))) -> 0.99670139 | AC61: =IF(OR(L61={"改紡","檢修","了機","清車","FINAL","停機","SAMPLE","TEST"}), "", IFERROR(IF(C61="", "", AVERAGE(L61:M61, P61:Q61, T61:U61, X61:Y61)/100), "")) -> 94.466667 | AD61: =IF(ISERROR(AA61/8),"",(AA61/8)) -> 4.0416667 | AE61: =IF(OR(L61="改紡", L61="檢修", L61="了機"), "", IF(AND(C61<>"", J61<>""), IFERROR((SUM(J61, N61, R61, V61) - SUM(K61, O61, S61, W61))/24 * AG61, ""), "") ) -> 3.875 | AF61: =LEFT(B61,1) -> T | AG61: 1 | AH61: BRYAN | AI61: VIN | AJ61: VIN | AK61: MAMAY | AL61: 56 | AM61: 46171 | AN61: 46172 | AO61: 46173 | AP61: 46174 | AS61: =IF(TEXT(RIGHT(F61,2),) = "×2","雙","單") -> 雙 | AT61: =IF(OR(AF61="J", AF61="T", AF61="M"), IF(AG61=1, "全", "半"), IF(AF61="A", IF(AG61=0.5, IF(AS61="雙", "全", ""), IF(AG61=1, IF(AS61="雙", "半", "全"), IF(AG61=2, "半", "") ) ), IF(AF61="S", TEXT(AG61 & "sec", "text"), "") )) -> 全 | AU61: =IF(MID(E61,3,1)="/",LEFT(E61,2),LEFT(E61,3)) -> 150 | AV61: =IF(ISERROR((IF(AF61="S",AG61*AU61*G61*AC61/18*0.03456/100/1000, AU61*G61*AC61* (IF(OR(AND(AS61="單",AT61="全",OR(AF61="A",AF61="M")),AND(AS61="單",AT61="全",OR(AF61="T",AF61="J"))),1,0)+ IF(OR(AND(AS61="雙",AT61="全",OR(AF61="A",AF61="M")),AND(AS61="雙",AT61="半",OR(AF61="T",AF61="J"))),1,0)+ IF(AND(AS61="雙",AT61="全",OR(AF61="T",AF61="J")),2,0)+ IF(AND(AS61="單",AT61="半",OR(AF61="A",AF61="M")),0.5,0)+ IF(OR(AND(AS61="雙",AT61="半",OR(AF61="A",AF61="M")),AND(AS61="單",AT61="半",OR(AF61="T",AF61="J"))),0.5,0) )*0.03456/100/1000 ))),"",((IF(AF61="S",AG61*AU61*G61*AC61/18*0.03456/100/1000, AU61*G61*AC61* (IF(OR(AND(AS61="單",AT61="全",OR(AF61="A",AF61="M")),AND(AS61="單",AT61="全",OR(AF61="T",AF61="J"))),1,0)+ IF(OR(AND(AS61="雙",AT61="全",OR(AF61="A",AF61="M")),AND(AS61="雙",AT61="半",OR(AF61="T",AF61="J"))),1,0)+ IF(AND(AS61="雙",AT61="全",OR(AF61="T",AF61="J")),2,0)+ IF(AND(AS61="單",AT61="半",OR(AF61="A",AF61="M")),0.5,0)+ IF(OR(AND(AS61="雙",AT61="半",OR(AF61="A",AF61="M")),AND(AS61="單",AT61="半",OR(AF61="T",AF61="J"))),0.5,0) )*0.03456/100/1000 )))) -> 6.8560128
A62: =A61 -> 46175 | B62: S01 | C62: 2F43Q2 | E62: =IF(ISNA(VLOOKUP(C62,條件!$A$1:$G$1021,5,0)),"",(VLOOKUP(C62,條件!$A$1:$G$1021,5,0))) -> 75/72/2SDFFR | F62: =IF(ISNA(VLOOKUP(C62,條件!$A$1:$G$1021,6,0)),"",(VLOOKUP(C62,條件!$A$1:$G$1021,6,0))) -> FP81209R×2 | G62: =IF(ISNA(VLOOKUP(C62,條件!$A$1:$G$1021,7,0)),"",(VLOOKUP(C62,條件!$A$1:$G$1021,7,0))) -> 600 | H62: =IF(ISNA(VLOOKUP(C62,條件!$A$1:$K$1021,11,0)),"",(VLOOKUP(C62,條件!$A$1:$K$1021,11,0))) -> 白底紅十字 | I62: =IF(ISNA(VLOOKUP(C62,條件!$A$1:$L$1021,12,0)),"",(VLOOKUP(C62,條件!$A$1:$L$1021,12,0))) -> 5 | L62: 了機 | P62: 了機 | T62: 了機 | X62: 了機 | Z62: =IFERROR(VLOOKUP(C62, 條件!$A:$L, 3, 0), "") -> 2.7852998 | AA62: =IF(OR(L62={"改紡","檢修","了機","清車","FINAL","停機","SAMPLE","TEST","絲開發","待料","跳車"}), L62, IFERROR(IF(C62="", "", (SUM(J62, N62, R62, V62)/3 * AG62) * IF(AND(AF62="S", AS62="雙"), 0.5, 1)), "")) -> 了機 | AB62: =IF(K62="","",IF(ISERROR(1-(SUM(K62,O62,S62,W62)/208/Z62)),"",(1-(SUM(K62,O62,S62,W62)/208/Z62)))) | AC62: =IF(OR(L62={"改紡","檢修","了機","清車","FINAL","停機","SAMPLE","TEST"}), "", IFERROR(IF(C62="", "", AVERAGE(L62:M62, P62:Q62, T62:U62, X62:Y62)/100), "")) | AD62: =IF(ISERROR(AA62/8),"",(AA62/8)) | AE62: =IF(OR(L62="改紡", L62="檢修", L62="了機"), "", IF(AND(C62<>"", J62<>""), IFERROR((SUM(J62, N62, R62, V62) - SUM(K62, O62, S62, W62))/24 * AG62, ""), "") ) | AF62: =LEFT(B62,1) -> S | AG62: 3 | AH62: JOHNDEL | AI62: KIM | AJ62: KIM | AK62: JP | AL62: 50 | AM62: 46095 | AS62: =IF(TEXT(RIGHT(F62,2),) = "×2","雙","單") -> 雙 | AT62: =IF(OR(AF62="J", AF62="T", AF62="M"), IF(AG62=1, "全", "半"), IF(AF62="A", IF(AG62=0.5, IF(AS62="雙", "全", ""), IF(AG62=1, IF(AS62="雙", "半", "全"), IF(AG62=2, "半", "") ) ), IF(AF62="S", TEXT(AG62 & "sec", "text"), "") )) -> 3sec | AU62: =IF(MID(E62,3,1)="/",LEFT(E62,2),LEFT(E62,3)) -> 75 | AV62: =IF(ISERROR((IF(AF62="S",AG62*AU62*G62*AC62/18*0.03456/100/1000, AU62*G62*AC62* (IF(OR(AND(AS62="單",AT62="全",OR(AF62="A",AF62="M")),AND(AS62="單",AT62="全",OR(AF62="T",AF62="J"))),1,0)+ IF(OR(AND(AS62="雙",AT62="全",OR(AF62="A",AF62="M")),AND(AS62="雙",AT62="半",OR(AF62="T",AF62="J"))),1,0)+ IF(AND(AS62="雙",AT62="全",OR(AF62="T",AF62="J")),2,0)+ IF(AND(AS62="單",AT62="半",OR(AF62="A",AF62="M")),0.5,0)+ IF(OR(AND(AS62="雙",AT62="半",OR(AF62="A",AF62="M")),AND(AS62="單",AT62="半",OR(AF62="T",AF62="J"))),0.5,0) )*0.03456/100/1000 ))),"",((IF(AF62="S",AG62*AU62*G62*AC62/18*0.03456/100/1000, AU62*G62*AC62* (IF(OR(AND(AS62="單",AT62="全",OR(AF62="A",AF62="M")),AND(AS62="單",AT62="全",OR(AF62="T",AF62="J"))),1,0)+ IF(OR(AND(AS62="雙",AT62="全",OR(AF62="A",AF62="M")),AND(AS62="雙",AT62="半",OR(AF62="T",AF62="J"))),1,0)+ IF(AND(AS62="雙",AT62="全",OR(AF62="T",AF62="J")),2,0)+ IF(AND(AS62="單",AT62="半",OR(AF62="A",AF62="M")),0.5,0)+ IF(OR(AND(AS62="雙",AT62="半",OR(AF62="A",AF62="M")),AND(AS62="單",AT62="半",OR(AF62="T",AF62="J"))),0.5,0) )*0.03456/100/1000 ))))
A63: =A62 -> 46175 | B63: S02 | C63: 絲開發 | E63: =IF(ISNA(VLOOKUP(C63,條件!$A$1:$G$1021,5,0)),"",(VLOOKUP(C63,條件!$A$1:$G$1021,5,0))) | F63: =IF(ISNA(VLOOKUP(C63,條件!$A$1:$G$1021,6,0)),"",(VLOOKUP(C63,條件!$A$1:$G$1021,6,0))) | G63: =IF(ISNA(VLOOKUP(C63,條件!$A$1:$G$1021,7,0)),"",(VLOOKUP(C63,條件!$A$1:$G$1021,7,0))) | H63: =IF(ISNA(VLOOKUP(C63,條件!$A$1:$K$1021,11,0)),"",(VLOOKUP(C63,條件!$A$1:$K$1021,11,0))) | I63: =IF(ISNA(VLOOKUP(C63,條件!$A$1:$L$1021,12,0)),"",(VLOOKUP(C63,條件!$A$1:$L$1021,12,0))) | L63: 絲開發 | P63: 絲開發 | T63: 絲開發 | X63: 絲開發 | Z63: =IFERROR(VLOOKUP(C63, 條件!$A:$L, 3, 0), "") | AA63: =IF(OR(L63={"改紡","檢修","了機","清車","FINAL","停機","SAMPLE","TEST","絲開發","待料","跳車"}), L63, IFERROR(IF(C63="", "", (SUM(J63, N63, R63, V63)/3 * AG63) * IF(AND(AF63="S", AS63="雙"), 0.5, 1)), "")) -> 絲開發 | AB63: =IF(K63="","",IF(ISERROR(1-(SUM(K63,O63,S63,W63)/208/Z63)),"",(1-(SUM(K63,O63,S63,W63)/208/Z63)))) | AC63: =IF(OR(L63={"改紡","檢修","了機","清車","FINAL","停機","SAMPLE","TEST"}), "", IFERROR(IF(C63="", "", AVERAGE(L63:M63, P63:Q63, T63:U63, X63:Y63)/100), "")) | AD63: =IF(ISERROR(AA63/8),"",(AA63/8)) | AE63: =IF(OR(L63="改紡", L63="檢修", L63="了機"), "", IF(AND(C63<>"", J63<>""), IFERROR((SUM(J63, N63, R63, V63) - SUM(K63, O63, S63, W63))/24 * AG63, ""), "") ) | AF63: =LEFT(B63,1) -> S | AG63: 5 | AH63: JOHNDEL | AI63: KIM | AJ63: KIM | AK63: JP | AS63: =IF(TEXT(RIGHT(F63,2),) = "×2","雙","單") -> 單 | AT63: =IF(OR(AF63="J", AF63="T", AF63="M"), IF(AG63=1, "全", "半"), IF(AF63="A", IF(AG63=0.5, IF(AS63="雙", "全", ""), IF(AG63=1, IF(AS63="雙", "半", "全"), IF(AG63=2, "半", "") ) ), IF(AF63="S", TEXT(AG63 & "sec", "text"), "") )) -> 5sec | AU63: =IF(MID(E63,3,1)="/",LEFT(E63,2),LEFT(E63,3)) | AV63: =IF(ISERROR((IF(AF63="S",AG63*AU63*G63*AC63/18*0.03456/100/1000, AU63*G63*AC63* (IF(OR(AND(AS63="單",AT63="全",OR(AF63="A",AF63="M")),AND(AS63="單",AT63="全",OR(AF63="T",AF63="J"))),1,0)+ IF(OR(AND(AS63="雙",AT63="全",OR(AF63="A",AF63="M")),AND(AS63="雙",AT63="半",OR(AF63="T",AF63="J"))),1,0)+ IF(AND(AS63="雙",AT63="全",OR(AF63="T",AF63="J")),2,0)+ IF(AND(AS63="單",AT63="半",OR(AF63="A",AF63="M")),0.5,0)+ IF(OR(AND(AS63="雙",AT63="半",OR(AF63="A",AF63="M")),AND(AS63="單",AT63="半",OR(AF63="T",AF63="J"))),0.5,0) )*0.03456/100/1000 ))),"",((IF(AF63="S",AG63*AU63*G63*AC63/18*0.03456/100/1000, AU63*G63*AC63* (IF(OR(AND(AS63="單",AT63="全",OR(AF63="A",AF63="M")),AND(AS63="單",AT63="全",OR(AF63="T",AF63="J"))),1,0)+ IF(OR(AND(AS63="雙",AT63="全",OR(AF63="A",AF63="M")),AND(AS63="雙",AT63="半",OR(AF63="T",AF63="J"))),1,0)+ IF(AND(AS63="雙",AT63="全",OR(AF63="T",AF63="J")),2,0)+ IF(AND(AS63="單",AT63="半",OR(AF63="A",AF63="M")),0.5,0)+ IF(OR(AND(AS63="雙",AT63="半",OR(AF63="A",AF63="M")),AND(AS63="單",AT63="半",OR(AF63="T",AF63="J"))),0.5,0) )*0.03456/100/1000 ))))
A64: 46176 | B64: A07 | C64: 停機 | E64: =IF(ISNA(VLOOKUP(C64,條件!$A$1:$G$1021,5,0)),"",(VLOOKUP(C64,條件!$A$1:$G$1021,5,0))) | F64: =IF(ISNA(VLOOKUP(C64,條件!$A$1:$G$1021,6,0)),"",(VLOOKUP(C64,條件!$A$1:$G$1021,6,0))) | G64: =IF(ISNA(VLOOKUP(C64,條件!$A$1:$G$1021,7,0)),"",(VLOOKUP(C64,條件!$A$1:$G$1021,7,0))) | H64: =IF(ISNA(VLOOKUP(C64,條件!$A$1:$K$1021,11,0)),"",(VLOOKUP(C64,條件!$A$1:$K$1021,11,0))) | I64: =IF(ISNA(VLOOKUP(C64,條件!$A$1:$L$1021,12,0)),"",(VLOOKUP(C64,條件!$A$1:$L$1021,12,0))) | L64: 停機 | P64: 停機 | T64: 停機 | X64: 停機 | Z64: =IFERROR(VLOOKUP(C64, 條件!$A:$L, 3, 0), "") | AA64: =IF(OR(L64={"改紡","檢修","了機","清車","FINAL","停機","SAMPLE","TEST","絲開發","待料","跳車"}), L64, IFERROR(IF(C64="", "", (SUM(J64, N64, R64, V64)/3 * AG64) * IF(AND(AF64="S", AS64="雙"), 0.5, 1)), "")) -> 停機 | AB64: =IF(K64="","",IF(ISERROR(1-(SUM(K64,O64,S64,W64)/208/Z64)),"",(1-(SUM(K64,O64,S64,W64)/208/Z64)))) | AC64: =IF(OR(L64={"改紡","檢修","了機","清車","FINAL","停機","SAMPLE","TEST"}), "", IFERROR(IF(C64="", "", AVERAGE(L64:M64, P64:Q64, T64:U64, X64:Y64)/100), "")) | AD64: =IF(ISERROR(AA64/8),"",(AA64/8)) | AE64: =IF(OR(L64="改紡", L64="檢修", L64="了機"), "", IF(AND(C64<>"", J64<>""), IFERROR((SUM(J64, N64, R64, V64) - SUM(K64, O64, S64, W64))/24 * AG64, ""), "") ) | AF64: =LEFT(B64,1) -> A | AG64: 1 | AH64: NA | AI64: NA | AJ64: NA | AK64: NA | AS64: =IF(TEXT(RIGHT(F64,2),) = "×2","雙","單") -> 單 | AT64: =IF(OR(AF64="J", AF64="T", AF64="M"), IF(AG64=1, "全", "半"), IF(AF64="A", IF(AG64=0.5, IF(AS64="雙", "全", ""), IF(AG64=1, IF(AS64="雙", "半", "全"), IF(AG64=2, "半", "") ) ), IF(AF64="S", TEXT(AG64 & "sec", "text"), "") )) -> 全 | AU64: =IF(MID(E64,3,1)="/",LEFT(E64,2),LEFT(E64,3)) | AV64: =IF(ISERROR((IF(AF64="S",AG64*AU64*G64*AC64/18*0.03456/100/1000, AU64*G64*AC64* (IF(OR(AND(AS64="單",AT64="全",OR(AF64="A",AF64="M")),AND(AS64="單",AT64="全",OR(AF64="T",AF64="J"))),1,0)+ IF(OR(AND(AS64="雙",AT64="全",OR(AF64="A",AF64="M")),AND(AS64="雙",AT64="半",OR(AF64="T",AF64="J"))),1,0)+ IF(AND(AS64="雙",AT64="全",OR(AF64="T",AF64="J")),2,0)+ IF(AND(AS64="單",AT64="半",OR(AF64="A",AF64="M")),0.5,0)+ IF(OR(AND(AS64="雙",AT64="半",OR(AF64="A",AF64="M")),AND(AS64="單",AT64="半",OR(AF64="T",AF64="J"))),0.5,0) )*0.03456/100/1000 ))),"",((IF(AF64="S",AG64*AU64*G64*AC64/18*0.03456/100/1000, AU64*G64*AC64* (IF(OR(AND(AS64="單",AT64="全",OR(AF64="A",AF64="M")),AND(AS64="單",AT64="全",OR(AF64="T",AF64="J"))),1,0)+ IF(OR(AND(AS64="雙",AT64="全",OR(AF64="A",AF64="M")),AND(AS64="雙",AT64="半",OR(AF64="T",AF64="J"))),1,0)+ IF(AND(AS64="雙",AT64="全",OR(AF64="T",AF64="J")),2,0)+ IF(AND(AS64="單",AT64="半",OR(AF64="A",AF64="M")),0.5,0)+ IF(OR(AND(AS64="雙",AT64="半",OR(AF64="A",AF64="M")),AND(AS64="單",AT64="半",OR(AF64="T",AF64="J"))),0.5,0) )*0.03456/100/1000 ))))
A65: =A64 -> 46176 | B65: A08 | C65: 停機 | E65: =IF(ISNA(VLOOKUP(C65,條件!$A$1:$G$1021,5,0)),"",(VLOOKUP(C65,條件!$A$1:$G$1021,5,0))) | F65: =IF(ISNA(VLOOKUP(C65,條件!$A$1:$G$1021,6,0)),"",(VLOOKUP(C65,條件!$A$1:$G$1021,6,0))) | G65: =IF(ISNA(VLOOKUP(C65,條件!$A$1:$G$1021,7,0)),"",(VLOOKUP(C65,條件!$A$1:$G$1021,7,0))) | H65: =IF(ISNA(VLOOKUP(C65,條件!$A$1:$K$1021,11,0)),"",(VLOOKUP(C65,條件!$A$1:$K$1021,11,0))) | I65: =IF(ISNA(VLOOKUP(C65,條件!$A$1:$L$1021,12,0)),"",(VLOOKUP(C65,條件!$A$1:$L$1021,12,0))) | L65: 停機 | P65: 停機 | T65: 停機 | X65: 停機 | Z65: =IFERROR(VLOOKUP(C65, 條件!$A:$L, 3, 0), "") | AA65: =IF(OR(L65={"改紡","檢修","了機","清車","FINAL","停機","SAMPLE","TEST","絲開發","待料","跳車"}), L65, IFERROR(IF(C65="", "", (SUM(J65, N65, R65, V65)/3 * AG65) * IF(AND(AF65="S", AS65="雙"), 0.5, 1)), "")) -> 停機 | AB65: =IF(K65="","",IF(ISERROR(1-(SUM(K65,O65,S65,W65)/208/Z65)),"",(1-(SUM(K65,O65,S65,W65)/208/Z65)))) | AC65: =IF(OR(L65={"改紡","檢修","了機","清車","FINAL","停機","SAMPLE","TEST"}), "", IFERROR(IF(C65="", "", AVERAGE(L65:M65, P65:Q65, T65:U65, X65:Y65)/100), "")) | AD65: =IF(ISERROR(AA65/8),"",(AA65/8)) | AE65: =IF(OR(L65="改紡", L65="檢修", L65="了機"), "", IF(AND(C65<>"", J65<>""), IFERROR((SUM(J65, N65, R65, V65) - SUM(K65, O65, S65, W65))/24 * AG65, ""), "") ) | AF65: =LEFT(B65,1) -> A | AG65: 1 | AH65: NA | AI65: NA | AJ65: NA | AK65: NA | AS65: =IF(TEXT(RIGHT(F65,2),) = "×2","雙","單") -> 單 | AT65: =IF(OR(AF65="J", AF65="T", AF65="M"), IF(AG65=1, "全", "半"), IF(AF65="A", IF(AG65=0.5, IF(AS65="雙", "全", ""), IF(AG65=1, IF(AS65="雙", "半", "全"), IF(AG65=2, "半", "") ) ), IF(AF65="S", TEXT(AG65 & "sec", "text"), "") )) -> 全 | AU65: =IF(MID(E65,3,1)="/",LEFT(E65,2),LEFT(E65,3)) | AV65: =IF(ISERROR((IF(AF65="S",AG65*AU65*G65*AC65/18*0.03456/100/1000, AU65*G65*AC65* (IF(OR(AND(AS65="單",AT65="全",OR(AF65="A",AF65="M")),AND(AS65="單",AT65="全",OR(AF65="T",AF65="J"))),1,0)+ IF(OR(AND(AS65="雙",AT65="全",OR(AF65="A",AF65="M")),AND(AS65="雙",AT65="半",OR(AF65="T",AF65="J"))),1,0)+ IF(AND(AS65="雙",AT65="全",OR(AF65="T",AF65="J")),2,0)+ IF(AND(AS65="單",AT65="半",OR(AF65="A",AF65="M")),0.5,0)+ IF(OR(AND(AS65="雙",AT65="半",OR(AF65="A",AF65="M")),AND(AS65="單",AT65="半",OR(AF65="T",AF65="J"))),0.5,0) )*0.03456/100/1000 ))),"",((IF(AF65="S",AG65*AU65*G65*AC65/18*0.03456/100/1000, AU65*G65*AC65* (IF(OR(AND(AS65="單",AT65="全",OR(AF65="A",AF65="M")),AND(AS65="單",AT65="全",OR(AF65="T",AF65="J"))),1,0)+ IF(OR(AND(AS65="雙",AT65="全",OR(AF65="A",AF65="M")),AND(AS65="雙",AT65="半",OR(AF65="T",AF65="J"))),1,0)+ IF(AND(AS65="雙",AT65="全",OR(AF65="T",AF65="J")),2,0)+ IF(AND(AS65="單",AT65="半",OR(AF65="A",AF65="M")),0.5,0)+ IF(OR(AND(AS65="雙",AT65="半",OR(AF65="A",AF65="M")),AND(AS65="單",AT65="半",OR(AF65="T",AF65="J"))),0.5,0) )*0.03456/100/1000 ))))
A66: =A65 -> 46176 | B66: A09 | C66: 停機 | E66: =IF(ISNA(VLOOKUP(C66,條件!$A$1:$G$1021,5,0)),"",(VLOOKUP(C66,條件!$A$1:$G$1021,5,0))) | F66: =IF(ISNA(VLOOKUP(C66,條件!$A$1:$G$1021,6,0)),"",(VLOOKUP(C66,條件!$A$1:$G$1021,6,0))) | G66: =IF(ISNA(VLOOKUP(C66,條件!$A$1:$G$1021,7,0)),"",(VLOOKUP(C66,條件!$A$1:$G$1021,7,0))) | H66: =IF(ISNA(VLOOKUP(C66,條件!$A$1:$K$1021,11,0)),"",(VLOOKUP(C66,條件!$A$1:$K$1021,11,0))) | I66: =IF(ISNA(VLOOKUP(C66,條件!$A$1:$L$1021,12,0)),"",(VLOOKUP(C66,條件!$A$1:$L$1021,12,0))) | L66: 停機 | P66: 停機 | T66: 停機 | X66: 停機 | Z66: =IFERROR(VLOOKUP(C66, 條件!$A:$L, 3, 0), "") | AA66: =IF(OR(L66={"改紡","檢修","了機","清車","FINAL","停機","SAMPLE","TEST","絲開發","待料","跳車"}), L66, IFERROR(IF(C66="", "", (SUM(J66, N66, R66, V66)/3 * AG66) * IF(AND(AF66="S", AS66="雙"), 0.5, 1)), "")) -> 停機 | AB66: =IF(K66="","",IF(ISERROR(1-(SUM(K66,O66,S66,W66)/208/Z66)),"",(1-(SUM(K66,O66,S66,W66)/208/Z66)))) | AC66: =IF(OR(L66={"改紡","檢修","了機","清車","FINAL","停機","SAMPLE","TEST"}), "", IFERROR(IF(C66="", "", AVERAGE(L66:M66, P66:Q66, T66:U66, X66:Y66)/100), "")) | AD66: =IF(ISERROR(AA66/8),"",(AA66/8)) | AE66: =IF(OR(L66="改紡", L66="檢修", L66="了機"), "", IF(AND(C66<>"", J66<>""), IFERROR((SUM(J66, N66, R66, V66) - SUM(K66, O66, S66, W66))/24 * AG66, ""), "") ) | AF66: =LEFT(B66,1) -> A | AG66: 1 | AH66: NA | AI66: NA | AJ66: NA | AK66: NA | AS66: =IF(TEXT(RIGHT(F66,2),) = "×2","雙","單") -> 單 | AT66: =IF(OR(AF66="J", AF66="T", AF66="M"), IF(AG66=1, "全", "半"), IF(AF66="A", IF(AG66=0.5, IF(AS66="雙", "全", ""), IF(AG66=1, IF(AS66="雙", "半", "全"), IF(AG66=2, "半", "") ) ), IF(AF66="S", TEXT(AG66 & "sec", "text"), "") )) -> 全 | AU66: =IF(MID(E66,3,1)="/",LEFT(E66,2),LEFT(E66,3)) | AV66: =IF(ISERROR((IF(AF66="S",AG66*AU66*G66*AC66/18*0.03456/100/1000, AU66*G66*AC66* (IF(OR(AND(AS66="單",AT66="全",OR(AF66="A",AF66="M")),AND(AS66="單",AT66="全",OR(AF66="T",AF66="J"))),1,0)+ IF(OR(AND(AS66="雙",AT66="全",OR(AF66="A",AF66="M")),AND(AS66="雙",AT66="半",OR(AF66="T",AF66="J"))),1,0)+ IF(AND(AS66="雙",AT66="全",OR(AF66="T",AF66="J")),2,0)+ IF(AND(AS66="單",AT66="半",OR(AF66="A",AF66="M")),0.5,0)+ IF(OR(AND(AS66="雙",AT66="半",OR(AF66="A",AF66="M")),AND(AS66="單",AT66="半",OR(AF66="T",AF66="J"))),0.5,0) )*0.03456/100/1000 ))),"",((IF(AF66="S",AG66*AU66*G66*AC66/18*0.03456/100/1000, AU66*G66*AC66* (IF(OR(AND(AS66="單",AT66="全",OR(AF66="A",AF66="M")),AND(AS66="單",AT66="全",OR(AF66="T",AF66="J"))),1,0)+ IF(OR(AND(AS66="雙",AT66="全",OR(AF66="A",AF66="M")),AND(AS66="雙",AT66="半",OR(AF66="T",AF66="J"))),1,0)+ IF(AND(AS66="雙",AT66="全",OR(AF66="T",AF66="J")),2,0)+ IF(AND(AS66="單",AT66="半",OR(AF66="A",AF66="M")),0.5,0)+ IF(OR(AND(AS66="雙",AT66="半",OR(AF66="A",AF66="M")),AND(AS66="單",AT66="半",OR(AF66="T",AF66="J"))),0.5,0) )*0.03456/100/1000 ))))
