Workbook

Sheet Jul
A1: 機台 | B1: DTY批號 | D1: 邊 | E1: DTY規格 | F1: 排產日期 | G1: 天數 | H1: T / D | I1: POY批號 | J1: POY規格 | K1: 期初 | L1: 預產 | M1: 調撥 | N1: 虹妤 | O1: 連新 | P1: YKK | Q1: 樺德 | R1: 紹容 | S1: 合計 | T1: 期末
A2: A07x | K2: =SUMIF(庫!$B$2:$B$2999,B2,庫!$L$2:$L$2999)/1000 -> 0 | L2: =G2*H2 -> 0 | S2: =SUM(M2:R2) -> 0 | T2: =K2+L2-S2 -> 0
A3: A08x | K3: =SUMIF(庫!$B$2:$B$2999,B3,庫!$L$2:$L$2999)/1000 -> 0 | L3: =G3*H3 -> 0 | S3: =SUM(M3:R3) -> 0 | T3: =K3+L3-S3 -> 0
A4: A09x | B4: FD2F43U3 | C4: 12T AW | D4: Clare | E4: 150/144 FCT | F4: 7/3-7/12X | G4: 9 | H4: 1.5 | I4: FP81858+81360R | J4: 125/72HC+125/72FDR | K4: =SUMIF(庫!$B$2:$B$2999,B4,庫!$L$2:$L$2999)/1000 -> 0 | L4: =G4*H4 -> 13.5 | R4: 12 | S4: =SUM(M4:R4) -> 12 | T4: =K4+L4-S4 -> 1.5
K5: =SUMIF(庫!$B$2:$B$2999,B5,庫!$L$2:$L$2999)/1000 -> 0 | L5: =G5*H5 -> 0 | S5: =SUM(M5:R5) -> 0 | T5: =K5+L5-S5 -> 0
A6: A10 (BK) | K6: =SUMIF(庫!$B$2:$B$2999,B6,庫!$L$2:$L$2999)/1000 -> 0 | L6: =G6*H6 -> 0 | S6: =SUM(M6:R6) -> 0 | T6: =K6+L6-S6 -> 0
B7: FD2F6GQ3 like | C7: PV, 4.5% | D7: A | E7: 150/48/2 FBKR, 4.5% | F7: 7/17-7/27X | G7: 10 | H7: 1.2 | I7: FP02423R | J7: 250/48 FBKR | K7: =SUMIF(庫!$B$2:$B$2999,B7,庫!$L$2:$L$2999)/1000 -> 0 | L7: =G7*H7 -> 12 | Q7: 10 | S7: =SUM(M7:R7) -> 10 | T7: =K7+L7-S7 -> 2
B8: FD2F40V1 like | C8: AW 5T, Andy | D8: B | E8: 150/48 KR5 | F8: 7/17-7/31 | G8: 13 | H8: 1.2 | I8: FP82661 | J8: 260/48 KR5 | K8: =SUMIF(庫!$B$2:$B$2999,B8,庫!$L$2:$L$2999)/1000 -> 0 | L8: =G8*H8 -> 15.6 | Q8: 5 | S8: =SUM(M8:R8) -> 5 | T8: =K8+L8-S8 -> 10.6
A9: A11 | B9: FD2FA072 | C9: 9180kg/組, JH, 倒筒不加R | D9: AL | E9: 75/72 SR6 | F9: 6/8-6/30X | H9: 1.2 | I9: FP81631R | J9: 120/72 SRR5,41T | K9: =SUMIF(庫!$B$2:$B$2999,B9,庫!$L$2:$L$2999)/1000 -> 9.9 | L9: =G9*H9 -> 0 | S9: =SUM(M9:R9) -> 0 | T9: =K9+L9-S9 -> 9.9
B10: FD2FA102 | C10: 5T AW | E10: 75/48 SDr | F10: 7/7-7/17X | G10: 10 | H10: 1.5 | I10: FP81388R | J10: 125/48 SDR2 | K10: =SUMIF(庫!$B$2:$B$2999,B10,庫!$L$2:$L$2999)/1000 -> 0 | L10: =G10*H10 -> 15 | Q10: 5 | S10: =SUM(M10:R10) -> 5 | T10: =K10+L10-S10 -> 10
B11: FD2F29H2G like | C11: AW38T | D11: AL | E11: 100/72 PFR(Petal | F11: 7/20-8/5 | G11: 15 | H11: 2 | I11: FP81387R | J11: 165/72 PFR | K11: =SUMIF(庫!$B$2:$B$2999,B11,庫!$L$2:$L$2999)/1000 -> 0 | L11: =G11*H11 -> 30 | Q11: 38 | S11: =SUM(M11:R11) -> 38 | T11: =K11+L11-S11 -> -8
A12: A12 | B12: FD2F43R2 | C12: 織染JH | D12: JH | E12: 75/72/2 SDR | F12: 6/1-7/31 | G12: 30 | H12: 1.5 | I12: FP81390R, 114T | J12: 125/72 SDR | K12: =SUMIF(庫!$B$2:$B$2999,B12,庫!$L$2:$L$2999)/1000 -> 22.65 | L12: =G12*H12 -> 45 | M12: 20 | S12: =SUM(M12:R12) -> 20 | T12: =K12+L12-S12 -> 47.65
A13: A13x | B13: FD2F08R2G | D13: Clare | E13: 50/72 BSD3 | F13: 5/4-6/30 | H13: 0.8 | I13: FP80141(L57,32T | J13: 80/72 BSD3 | K13: =SUMIF(庫!$B$2:$B$2999,B13,庫!$L$2:$L$2999)/1000 -> 7.92 | L13: =G13*H13 -> 0 | S13: =SUM(M13:R13) -> 0 | T13: =K13+L13-S13 -> 7.92
A14: A14x | K14: =SUMIF(庫!$B$2:$B$2999,B14,庫!$L$2:$L$2999)/1000 -> 0 | L14: =G14*H14 -> 0 | S14: =SUM(M14:R14) -> 0 | T14: =K14+L14-S14 -> 0
B15: FD2FA112 | C15: A+AX 40T | D15: Gloria | E15: 75/72 SRR5* | F15: 7/8-8/13 | G15: 35 | H15: 1.2 | I15: FP81630R | J15: 120/72 SR6* | K15: =SUMIF(庫!$B$2:$B$2999,B15,庫!$L$2:$L$2999)/1000 -> 0 | L15: =G15*H15 -> 42 | O15: 20 | S15: =SUM(M15:R15) -> 20 | T15: =K15+L15-S15 -> 22
A16: A15x | B16: FD2F43P2 | C16: 2580kg/組 | D16: Gloria | E16: 150/48 CDR* | F16: 4/29-6/10X | H16: 2 | I16: FP82781 | J16: 250/48 HC* | K16: =SUMIF(庫!$B$2:$B$2999,B16,庫!$L$2:$L$2999)/1000 -> 76.11 | L16: =G16*H16 -> 0 | O16: 30 | S16: =SUM(M16:R16) -> 30 | T16: =K16+L16-S16 -> 46.11
S17: =SUM(M17:R17) -> 0 | T17: =K17+L17-S17 -> 0
A18: A16 | B18: FD2F08S2 | D18: JH | E18: 50/36 SDR | F18: 6/1-6/10X | H18: 1 | I18: FP80148R(L57) | J18: 85/36 SDR | K18: =SUMIF(庫!$B$2:$B$2999,B18,庫!$L$2:$L$2999)/1000 -> 6.864 | L18: =G18*H18 -> 0 | M18: 2 | S18: =SUM(M18:R18) -> 2 | T18: =K18+L18-S18 -> 4.864
B19: FD2F08T2G | C19: 7T AW挑G | D19: Clare | E19: 50/72 F2FC | F19: 6/22-7/2X | G19: 2 | H19: 1 | I19: FP00413(52D | J19: 85/72 F2FC | K19: =SUMIF(庫!$B$2:$B$2999,B19,庫!$L$2:$L$2999)/1000 -> 1.2 | L19: =G19*H19 -> 2 | R19: 7 | S19: =SUM(M19:R19) -> 7 | T19: =K19+L19-S19 -> -3.8
K20: =SUMIF(庫!$B$2:$B$2999,B20,庫!$L$2:$L$2999)/1000 -> 0 | L20: =G20*H20 -> 0 | S20: =SUM(M20:R20) -> 0 | T20: =K20+L20-S20 -> 0
A21: A17 | B21: FD2FA092G | C21: 20T AW挑G, Clare | D21: A | E21: 75/72 F2FC | F21: 6/22-7/31X | G21: 30 | H21: 0.7 | I21: FP01436(52D | J21: 125/72 F2FC | K21: =SUMIF(庫!$B$2:$B$2999,B21,庫!$L$2:$L$2999)/1000 -> 2.4 | L21: =G21*H21 -> 21 | R21: 20 | S21: =SUM(M21:R21) -> 20 | T21: =K21+L21-S21 -> 3.4
B22: FD2FA122 | C22: AW4050kg,Linda | D22: B | E22: 75/72 PDR(Petal | F22: 7/10-7/17 | G22: 7 | H22: 0.7 | I22: FP81365R(52D | J22: 120/72 PDR | L22: =G22*H22 -> 4.9 | M22: 4.05 | S22: =SUM(M22:R22) -> 4.05 | T22: =K22+L22-S22 -> 0.85
D23: B
A24: A18 | B24: FD2F7E31 | C24: A+AX14T,AL緯 | D24: AL | E24: 165/48/2 SR6 | F24: 6/17-6/24X | H24: 2 | I24: FP82659 | J24: 275/48 SR6 | K24: =SUMIF(庫!$B$2:$B$2999,B24,庫!$L$2:$L$2999)/1000 -> 10.17 | L24: =G24*H24 -> 0 | S24: =SUM(M24:R24) -> 0 | T24: =K24+L24-S24 -> 10.17
B25: FD2F6EK3 like | D25: Gloria | E25: 150/48/2 SR6 | F25: 7/25-8/10X | G25: 5 | H25: 2.3 | I25: FP82xxx | J25: 250/48 SR6 | K25: =SUMIF(庫!$B$2:$B$2999,B25,庫!$L$2:$L$2999)/1000 -> 0 | L25: =G25*H25 -> 11.5 | O25: 20 | Q25: 5 | S25: =SUM(M25:R25) -> 25 | T25: =K25+L25-S25 -> -13.5
A26: A19x | B26: FD2F43S2 | C26: 中噴, 共用 | D26: Clare | E26: 150/48 SDr | F26: 6/3-6/20X | H26: 2.5 | I26: FP82169R | J26: 255/48 SDR | K26: =SUMIF(庫!$B$2:$B$2999,B26,庫!$L$2:$L$2999)/1000 -> 25.41 | L26: =G26*H26 -> 0 | Q26: 10 | R26: 8.4 | S26: =SUM(M26:R26) -> 18.4 | T26: =K26+L26-S26 -> 7.01
K27: =SUMIF(庫!$B$2:$B$2999,B27,庫!$L$2:$L$2999)/1000 -> 0 | L27: =G27*H27 -> 0 | S27: =SUM(M27:R27) -> 0 | T27: =K27+L27-S27 -> 0
A28: A20x | K28: =SUMIF(庫!$B$2:$B$2999,B28,庫!$L$2:$L$2999)/1000 -> 0 | L28: =G28*H28 -> 0 | S28: =SUM(M28:R28) -> 0 | T28: =K28+L28-S28 -> 0
A29: A21x
B30: FD2F29I1 like | C30: OIA | D30: Gloria | E30: 100/36 SDr | F30: 7/17-8/2 | G30: 13 | H30: 2 | I30: FP81384R吃空 | J30: 170/36 SDR | K30: =SUMIF(庫!$B$2:$B$2999,B30,庫!$L$2:$L$2999)/1000 -> 0 | L30: =G30*H30 -> 26 | M30: 2 | O30: 20 | Q30: 10 | S30: =SUM(M30:R30) -> 32 | T30: =K30+L30-S30 -> -6
A31: A22 | B31: FD2F6IQ2 | C31: 20TA+AX? | D31: AL | E31: 150/48/2 CE | F31: 6/8-6/18X | H31: 2 | I31: FP02312 | J31: 250/48 CE | K31: =SUMIF(庫!$B$2:$B$2999,B31,庫!$L$2:$L$2999)/1000 -> 19.95 | L31: =G31*H31 -> 0 | S31: =SUM(M31:R31) -> 0 | T31: =K31+L31-S31 -> 19.95
B32: FD2F6IX1 | C32: AW28T, Clare | D32: Gloria | E32: 150/48/2 HC | F32: 6/25-7/15X | G32: 15 | H32: 2.3 | I32: FP82781 | J32: 250/48 HC | K32: =SUMIF(庫!$B$2:$B$2999,B32,庫!$L$2:$L$2999)/1000 -> 5.445 | L32: =G32*H32 -> 34.5 | O32: 20 | R32: 8 | S32: =SUM(M32:R32) -> 28 | T32: =K32+L32-S32 -> 11.945
A34: A23 | B34: FD2F43I1 | C34: Jimmy，冠齊純set中立包 | D34: B | E34: 150/48 SDR3 | F34: 4/21-4/30 | I34: FP82167R(L48 | J34: 255/48 SDR | K34: =SUMIF(庫!$B$2:$B$2999,B34,庫!$L$2:$L$2999)/1000 -> 2.1 | L34: =G34*H34 -> 0 | S34: =SUM(M34:R34) -> 0 | T34: =K34+L34-S34 -> 2.1
B36: FD2F6ID2 like | C36: wooly中噴W:5kg | D36: Gloria | E36: 150/48/2 SDR | F36: 7/16-7/31 | G36: 15 | H36: 2.5 | I36: FP82179R | J36: 255/48 SDR | L36: =G36*H36 -> 37.5 | S36: =SUM(M36:R36) -> 0 | T36: =K36+L36-S36 -> 37.5
A37: A24 色紗 | L37: =G37*H37 -> 0 | S37: =SUM(M37:R37) -> 0 | T37: =K37+L37-S37 -> 0
K38: =SUMIF(庫!$B$2:$B$2999,B38,庫!$L$2:$L$2999)/1000 -> 0 | L38: =G38*H38 -> 0 | S38: =SUM(M38:R38) -> 0 | T38: =K38+L38-S38 -> 0
A39: J07x | B39: X | K39: =SUMIF(庫!$B$2:$B$2999,B39,庫!$L$2:$L$2999)/1000 -> 0 | L39: =G39*H39 -> 0 | S39: =SUM(M39:R39) -> 0 | T39: =K39+L39-S39 -> 0
A40: J08 | B40: FD2F6IN2K | C40: YKK/80D外銷 | D40: YKK | E40: 150/48/2 SDr | F40: 6/3-6/21X | H40: 3.5 | I40: FP82175R(55B | J40: 255/48 SDR | K40: =SUMIF(庫!$B$2:$B$2999,B40,庫!$L$2:$L$2999)/1000 -> 14.091 | L40: =G40*H40 -> 0 | S40: =SUM(M40:R40) -> 0 | T40: =K40+L40-S40 -> 14.091
B41: FD2F6IV2K | C41: YKK/80D外銷 | D41: YKK | E41: 150/48/2 SDr | F41: 6/22-7/31 | G41: 30 | H41: 3.5 | I41: FP82180R(55B | J41: 255/48 SDR | K41: =SUMIF(庫!$B$2:$B$2999,B41,庫!$L$2:$L$2999)/1000 -> 31.68 | L41: =G41*H41 -> 105 | P41: 130 | S41: =SUM(M41:R41) -> 130 | T41: =K41+L41-S41 -> 6.68
A42: J09x | B42: X | K42: =SUMIF(庫!$B$2:$B$2999,B42,庫!$L$2:$L$2999)/1000 -> 0 | L42: =G42*H42 -> 0 | S42: =SUM(M42:R42) -> 0 | T42: =K42+L42-S42 -> 0
A43: T01 | B43: FD2F6IK2K | C43: YKK | D43: YKK | E43: 150/48/2 SDr | F43: 6/2-6/21X | H43: 5 | I43: FP82177R(L56 | J43: 255/48 SDR | K43: =SUMIF(庫!$B$2:$B$2999,B43,庫!$L$2:$L$2999)/1000 -> 2.904 | L43: =G43*H43 -> 0 | P43: 3 | S43: =SUM(M43:R43) -> 3 | T43: =K43+L43-S43 -> -0.096
B44: FD2F6IW2K | C44: YKK | D44: YKK | E44: 150/48/2 SDr | F44: 6/24-7/19X | G44: 19 | H44: 5 | I44: FP82184R(L56 | J44: 255/48 SDR | K44: =SUMIF(庫!$B$2:$B$2999,B44,庫!$L$2:$L$2999)/1000 -> 31.845 | L44: =G44*H44 -> 95 | P44: 120 | S44: =SUM(M44:R44) -> 120 | T44: =K44+L44-S44 -> 6.845
B45: FD2F6IT2K like | C45: Alex | D45: YKK | E45: 150/48/2 SDr | F45: 7/20-7/31 | G45: 10 | H45: 5 | I45: FP12902R | J45: 255/48 SDR | L45: =G45*H45 -> 50 | P45: 50 | S45: =SUM(M45:R45) -> 50 | T45: =K45+L45-S45 -> 0
A46: T02 | B46: FD2F6IU2K | C46: YKK | D46: YKK | E46: 150/48/2 SDr | F46: 6/17-7/31 | G46: 30 | H46: 5 | I46: FP82180R(55B | J46: 255/48 SDR | K46: =SUMIF(庫!$B$2:$B$2999,B46,庫!$L$2:$L$2999)/1000 -> 13.86 | L46: =G46*H46 -> 150 | P46: 150 | S46: =SUM(M46:R46) -> 150 | T46: =K46+L46-S46 -> 13.86
A47: T03 | B47: FD2F6IT2K | C47: Alex | E47: 150/48/2 SDr | F47: 6/15-7/31 | G47: 30 | H47: 5 | I47: FP12902R | J47: 255/48 SDR | K47: =SUMIF(庫!$B$2:$B$2999,B47,庫!$L$2:$L$2999)/1000 -> 28.743 | L47: =G47*H47 -> 150 | O47: 140 | S47: =SUM(M47:R47) -> 140 | T47: =K47+L47-S47 -> 38.743
A48: T04 | B48: FD2F43T2 | C48: AL, Linda | D48: L | E48: 75/72/2 PDR(Petal | F48: 6/22-7/26X | G48: 26 | H48: 1.5 | I48: FP81392R, 吃空 | J48: 120/72 PDR | K48: =SUMIF(庫!$B$2:$B$2999,B48,庫!$L$2:$L$2999)/1000 -> 0 | L48: =G48*H48 -> 39 | M48: 5 | Q48: 20 | S48: =SUM(M48:R48) -> 25 | T48: =K48+L48-S48 -> 14
B49: FD2F43T2 like | C49: AL, Linda | D49: L | E49: 75/72/2 PDR(Petal | F49: 7/27-8/31 | G49: 3 | H49: 1.5 | I49: FP81409R | J49: 120/72 PDR | L49: =G49*H49 -> 4.5 | Q49: 62 | S49: =SUM(M49:R49) -> 62 | T49: =K49+L49-S49 -> -57.5
B50: FD2F7E13K | C50: YKK小包A+AX | D50: R | E50: 225/72/2 SDr | F50: 6/8-7/31 | G50: 30 | H50: 3.2 | I50: FP83025R>L48 | J50: 340/72 SDR | K50: =SUMIF(庫!$B$2:$B$2999,B50,庫!$L$2:$L$2999)/1000 -> 32.472 | L50: =G50*H50 -> 96 | P50: 30 | S50: =SUM(M50:R50) -> 30 | T50: =K50+L50-S50 -> 98.472
A51: T05 | B51: FD2F6IR2K | C51: YKK | D51: R | E51: 150/48/2 SDr | F51: 6/5-6/26X | H51: 2.5 | I51: FP82177R(L56 | J51: 255/48 SDR | K51: =SUMIF(庫!$B$2:$B$2999,B51,庫!$L$2:$L$2999)/1000 -> 4.257 | L51: =G51*H51 -> 0 | S51: =SUM(M51:R51) -> 0 | T51: =K51+L51-S51 -> 4.257
B52: FD2F6IY2K | C52: YKK | D52: YKK | E52: 150/48/2 SDr | F52: 6/27-7/31 | G52: 30 | H52: 5 | I52: FP82184R(L56 | J52: 255/48 SDR | K52: =SUMIF(庫!$B$2:$B$2999,B52,庫!$L$2:$L$2999)/1000 -> 0 | L52: =G52*H52 -> 150 | P52: 145 | S52: =SUM(M52:R52) -> 145 | T52: =K52+L52-S52 -> 5
A53: T06 | B53: FD2F6IM2K | C53: 內銷 大包90T AW | D53: YKK | E53: 150/48/2 SDr | F53: 6/1-6/23X | H53: 5 | I53: FP82177R(L56 | J53: 255/48 SDR | K53: =SUMIF(庫!$B$2:$B$2999,B53,庫!$L$2:$L$2999)/1000 -> 10.23 | L53: =G53*H53 -> 0 | P53: 10 | S53: =SUM(M53:R53) -> 10 | T53: =K53+L53-S53 -> 0.23
B54: FD2F6IS2K | C54: 內銷 大包90T AW | D54: YKK | E54: 150/48/2 SDr | F54: 6/25-7/31 | G54: 30 | H54: 5 | I54: FP82184R(L56 | J54: 255/48 SDR | K54: =SUMIF(庫!$B$2:$B$2999,B54,庫!$L$2:$L$2999)/1000 -> 0 | L54: =G54*H54 -> 150 | P54: 146 | S54: =SUM(M54:R54) -> 146 | T54: =K54+L54-S54 -> 4
A55: S1 | B55: FD2FA132 | C55: 織染3T AW | D55: JH | E55: 75/72 SDM* | F55: 7/9-7/20X | G55: 10 | H55: 0.7 | I55: FP81390R | J55: 125/72 SDR* | K55: =SUMIF(庫!$B$2:$B$2999,B55,庫!$L$2:$L$2999)/1000 -> 0 | L55: =G55*H55 -> 7 | M55: 3 | S55: =SUM(M55:R55) -> 3 | T55: =K55+L55-S55 -> 4
B56: FD2F3VJ1 like | C56: AW 5T | D56: 4sec | E56: 150/48 WTR22 | F56: 7/21-7/31 | G56: 10 | H56: 0.6 | I56: FP82544(吃空 | J56: 250/48 WTR | L56: =G56*H56 -> 6 | N56: 5 | S56: =SUM(M56:R56) -> 5 | T56: =K56+L56-S56 -> 1
B57: FD2F6CA2 like | C57: AW 10T(收尾) | D57: 8sec | E57: 150/48/2 WTR22 | F57: 7/21-7/31 | G57: 10 | H57: 1.2 | I57: FP82544(吃空 | J57: 250/48 WTR | L57: =G57*H57 -> 12 | N57: 10 | S57: =SUM(M57:R57) -> 10 | T57: =K57+L57-S57 -> 2
A58: S2 | B58: 開發科 | K58: =SUMIF(庫!$B$2:$B$2999,B58,庫!$L$2:$L$2999)/1000 -> 0 | L58: =G58*H58 -> 0 | S58: =SUM(M58:R58) -> 0 | T58: =K58+L58-S58 -> 0
A59: M4 (CW) | B59: X | K59: =SUMIF(庫!$B$2:$B$2999,B59,庫!$L$2:$L$2999)/1000 -> 0 | L59: =G59*H59 -> 0 | S59: =SUM(M59:R59) -> 0 | T59: =K59+L59-S59 -> 0
K60: =SUMIF(庫!$B$2:$B$2999,B60,庫!$L$2:$L$2999)/1000 -> 0 | L60: =G60*H60 -> 0 | S60: =SUM(M60:R60) -> 0 | T60: =K60+L60-S60 -> 0
A61: 待排產
K63: =SUMIF(庫!$B$2:$B$2999,B63,庫!$L$2:$L$2999)/1000 -> 0 | L63: =G63*H63 -> 0 | S63: =SUM(M63:R63) -> 0 | T63: =K63+L63-S63 -> 0
K64: =SUMIF(庫!$B$2:$B$2999,B64,庫!$L$2:$L$2999)/1000 -> 0 | L64: =SUM(L2:L63) -> 1325 | M64: =SUM(M2:M63) -> 36.05 | N64: =SUM(N2:N63) -> 15 | O64: =SUM(O2:O63) -> 250 | P64: =SUM(P2:P63) -> 784 | Q64: =SUM(Q2:Q63) -> 165 | R64: =SUM(R2:R63) -> 55.4 | S64: =SUM(M64:R64) -> 1305.45 | T64: =K64+L64-S64 -> 19.55
A65: 庫存不排產 | B65: FD2F7A32 | C65: AW 10T, AL | D65: A | E65: 100/36/2 SDR | F65: 4/1-4/11X | H65: 1 | I65: FP81271R | J65: 170/36 SDR | K65: =SUMIF(庫!$B$2:$B$2999,B65,庫!$L$2:$L$2999)/1000 -> 3.24 | L65: =G65*H65 -> 0 | S65: =SUM(M65:R65) -> 0 | T65: =K65+L65-S65 -> 3.24
B66: FD2F26G2 | C66: AW 10T | D66: JH | E66: 100/96 SDRO | F66: 11/8-14X | H66: 1.5 | I66: FP81828R | J66: 165/96 SDRO | K66: =SUMIF(庫!$B$2:$B$2999,B66,庫!$L$2:$L$2999)/1000 -> 4.11 | L66: =G66*H66 -> 0 | S66: =SUM(M66:R66) -> 0 | T66: =K66+L66-S66 -> 4.11
B67: FD2F7C12 | C67: Gloria AW 21T | D67: A | E67: 100/96/2 SDR2 | F67: 9/16-9/30X | H67: 2 | I67: FP81335R | J67: 165/96 SDR | K67: =SUMIF(庫!$B$2:$B$2999,B67,庫!$L$2:$L$2999)/1000 -> 4.656 | L67: =G67*H67 -> 0 | S67: =SUM(M67:R67) -> 0 | T67: =K67+L67-S67 -> 4.656
B68: FD2F41R1 | C68: 20TAW,純SET | D68: Alex | E68: 150/48 SD* | F68: 11/3-11/13X | H68: 2.3 | I68: FP02406R | J68: 255/48 SDR* | K68: =SUMIF(庫!$B$2:$B$2999,B68,庫!$L$2:$L$2999)/1000 -> 12.15 | L68: =G68*H68 -> 0 | S68: =SUM(M68:R68) -> 0 | T68: =K68+L68-S68 -> 12.15
B69: FD2F4993 | C69: 迪, AW AX倒筒+R | D69: AL | E69: 150/48 SDR2 | F69: 5/2-5/14X | H69: 2.8 | I69: FP82125R | J69: 240/48 SDR | K69: =SUMIF(庫!$B$2:$B$2999,B69,庫!$L$2:$L$2999)/1000 -> 6 | L69: =G69*H69 -> 0 | S69: =SUM(M69:R69) -> 0 | T69: =K69+L69-S69 -> 6
B70: FD2F6GX1 | C70: wooly輕噴W:5kg | D70: L | E70: 150/48/2 SDR | F70: 4/21-4/28X | H70: 2.5 | I70: FP82167R | J70: 255/48 SDR | K70: =SUMIF(庫!$B$2:$B$2999,B70,庫!$L$2:$L$2999)/1000 -> 13.14 | L70: =G70*H70 -> 0 | Q70: 15 | S70: =SUM(M70:R70) -> 15 | T70: =K70+L70-S70 -> -1.86
B71: FD2F6IB1 | C71: wooly輕噴W:5kg | D71: L | E71: 150/48/2 SDR | F71: 4/29-6/9X | H71: 2.5 | I71: FP82169R吃空 | J71: 255/48 SDR | K71: =SUMIF(庫!$B$2:$B$2999,B71,庫!$L$2:$L$2999)/1000 -> 46.23 | L71: =G71*H71 -> 0 | O71: 40 | Q71: 5 | S71: =SUM(M71:R71) -> 45 | T71: =K71+L71-S71 -> 1.23
B72: FD2F6GY2 | C72: wooly中噴W:5kg | D72: R | E72: 150/48/2 SDR | F72: 4/21-4/28X | H72: 2.5 | I72: FP82167R | J72: 255/48 SDR | K72: =SUMIF(庫!$B$2:$B$2999,B72,庫!$L$2:$L$2999)/1000 -> 16.98 | L72: =G72*H72 -> 0 | O72: 15 | S72: =SUM(M72:R72) -> 15 | T72: =K72+L72-S72 -> 1.98
B73: FD2F6ID2 | C73: wooly中噴W:5kg | D73: R | E73: 150/48/2 SDR | F73: 4/29-6/12X | H73: 2.5 | I73: FP82169R吃空 | J73: 255/48 SDR | K73: =SUMIF(庫!$B$2:$B$2999,B73,庫!$L$2:$L$2999)/1000 -> 37.74 | L73: =G73*H73 -> 0 | O73: 40 | S73: =SUM(M73:R73) -> 40 | T73: =K73+L73-S73 -> -2.26
B74: FD2F3IL12 | C74: SET 無噴 | D74: 華南 | E74: 150/48 SDRO | F74: 12/30-1/9 | H74: 2.5 | I74: FP82819R | J74: 250/48 SDRO | K74: =SUMIF(庫!$B$2:$B$2999,B74,庫!$L$2:$L$2999)/1000 -> 9.63 | L74: =G74*H74 -> 0 | S74: =SUM(M74:R74) -> 0 | T74: =K74+L74-S74 -> 9.63
B75: FD2F6EY2 | C75: Yarn dye+追撚,Gloria 5kg*500pcs | D75: 6 SEC | E75: 150/72/2 SDR* | F75: 8/20-8/25X | H75: 0.8 | I75: FP82818R | J75: 250/72 SDRO* | K75: =SUMIF(庫!$B$2:$B$2999,B75,庫!$L$2:$L$2999)/1000 -> 2.55 | L75: =G75*H75 -> 0 | S75: =SUM(M75:R75) -> 0 | T75: =K75+L75-S75 -> 2.55
B76: FD2F7A71K | C76: YKK小包A+AX (色相X) | E76: 225/72/2 SDR | F76: 色相問題X | I76: FP83017R L48-231X | J76: 375/72 SDR | K76: =SUMIF(庫!$B$2:$B$2999,B76,庫!$L$2:$L$2999)/1000 -> 14.982 | L76: =G76*H76 -> 0 | S76: =SUM(M76:R76) -> 0 | T76: =K76+L76-S76 -> 14.982
B77: FD2F79Q2 | C77: Alex 中立包裝 宜進 | D77: A | E77: 225/96/2 SDR | F77: 10/23-10/30X | H77: 2.5 | I77: FP63710R (20T吃空) | J77: 375/96 SDR | K77: =SUMIF(庫!$B$2:$B$2999,B77,庫!$L$2:$L$2999)/1000 -> 12.45 | L77: =G77*H77 -> 0 | S77: =SUM(M77:R77) -> 0 | T77: =K77+L77-S77 -> 12.45
B78: FD2F2AG2 | E78: 50/72/2 SDRO | K78: =SUMIF(庫!$B$2:$B$2999,B78,庫!$L$2:$L$2999)/1000 -> 5.352 | L78: =G78*H78 -> 0 | S78: =SUM(M78:R78) -> 0 | T78: =K78+L78-S78 -> 5.352
B79: FD2F7D42 | C79: Patty, 650pcs/組 | D79: B | E79: 60/96 ESDR | F79: 2/23-3/25X | H79: 1 | I79: FP81359R 81T | J79: 100/96 SDR | K79: =SUMIF(庫!$B$2:$B$2999,B79,庫!$L$2:$L$2999)/1000 -> 8.412 | L79: =G79*H79 -> 0 | S79: =SUM(M79:R79) -> 0 | T79: =K79+L79-S79 -> 8.412
B80: FD2F1YV1 | C80: 10TAW,Gloria | D80: B | E80: 75/36 SDR2 | F80: 3/6-3/20X | H80: 0.7 | I80: FP81326R | J80: 125/36 SDR | K80: =SUMIF(庫!$B$2:$B$2999,B80,庫!$L$2:$L$2999)/1000 -> 6.66 | L80: =G80*H80 -> 0 | S80: =SUM(M80:R80) -> 0 | T80: =K80+L80-S80 -> 6.66
B81: FD2FA001 | C81: 10TAW,Gloria | D81: B | E81: 75/36 SDR2 | F81: 3/20-3/29X | H81: 0.7 | I81: FP81386R | J81: 125/36 SDR | K81: =SUMIF(庫!$B$2:$B$2999,B81,庫!$L$2:$L$2999)/1000 -> 4.95 | L81: =G81*H81 -> 0 | S81: =SUM(M81:R81) -> 0 | T81: =K81+L81-S81 -> 4.95
B82: FD2F42V1 | C82: A+AX倒筒+R 共2100, Gloria | D82: B | E82: 75/36/2 SDRP | F82: 3/18-3/31X | H82: 0.7 | I82: FP81380R | J82: 125/36 SDR | K82: =SUMIF(庫!$B$2:$B$2999,B82,庫!$L$2:$L$2999)/1000 -> 6 | L82: =G82*H82 -> 0 | S82: =SUM(M82:R82) -> 0 | T82: =K82+L82-S82 -> 6
B83: FD2F40M2 | C83: AW 倒筒+R(迪)AL | D83: B | E83: 75/48/2 SDR | F83: 5/26-6/30X | H83: 1.5 | I83: FP81316R | J83: 125/48 SDR | K83: =SUMIF(庫!$B$2:$B$2999,B83,庫!$L$2:$L$2999)/1000 -> 15.21 | L83: =G83*H83 -> 0 | S83: =SUM(M83:R83) -> 0 | T83: =K83+L83-S83 -> 15.21
B84: FD2F1XB2 | C84: 旭寬wooly中噴AW | D84: Patty | E84: 75/72 SDR | F84: 8/15-9/5X | H84: 1.5 | I84: FP81330R(L56吃空 | J84: 120/72 SDR | K84: =SUMIF(庫!$B$2:$B$2999,B84,庫!$L$2:$L$2999)/1000 -> 9.09 | L84: =G84*H84 -> 0 | S84: =SUM(M84:R84) -> 0 | T84: =K84+L84-S84 -> 9.09
B85: FD2F1XK2 | C85: 織染wooly中噴 | D85: JH | E85: 75/72 SDR | F85: 9/6-11/4X | H85: 1.4 | I85: FP81337R(L53 | J85: 120/72 SDR | K85: =SUMIF(庫!$B$2:$B$2999,B85,庫!$L$2:$L$2999)/1000 -> 3 | L85: =G85*H85 -> 0 | S85: =SUM(M85:R85) -> 0 | T85: =K85+L85-S85 -> 3
B86: FD2F1XV2 | C86: 經編 SET中噴30T迪 | D86: AL | E86: 75/72 SDR | F86: 10/2-11/20X | H86: 1.4 | I86: FP81346R(L57 | J86: 120/72 SDR | K86: =SUMIF(庫!$B$2:$B$2999,B86,庫!$L$2:$L$2999)/1000 -> 3.39 | L86: =G86*H86 -> 0 | S86: =SUM(M86:R86) -> 0 | T86: =K86+L86-S86 -> 3.39
B87: FD2F1YS1 | C87: 和友5T AW | D87: B | E87: 75/72 SDR | F87: 2/23-3/1 | H87: 0.7 | I87: FP81337R(L53-56T | J87: 120/72 SDR | K87: =SUMIF(庫!$B$2:$B$2999,B87,庫!$L$2:$L$2999)/1000 -> 5.952 | L87: =G87*H87 -> 0 | S87: =SUM(M87:R87) -> 0 | T87: =K87+L87-S87 -> 5.952
B88: FD2F1XR2 | C88: wooly中噴(遠) | D88: Patty | E88: 75/72 SDR | F88: 3/2-3/10X | H88: 1.4 | I88: FP81337R(L53 | J88: 120/72 SDR | K88: =SUMIF(庫!$B$2:$B$2999,B88,庫!$L$2:$L$2999)/1000 -> 5.1 | L88: =G88*H88 -> 0 | S88: =SUM(M88:R88) -> 0 | T88: =K88+L88-S88 -> 5.1
B89: FD2F1YX2 | C89: wooly中噴(? | D89: AL | E89: 75/72 SDR | F89: 3/11-4/20X | H89: 1.4 | I89: FP81362 | J89: 120/72 SDR | K89: =SUMIF(庫!$B$2:$B$2999,B89,庫!$L$2:$L$2999)/1000 -> 15.6 | L89: =G89*H89 -> 0 | S89: =SUM(M89:R89) -> 0 | T89: =K89+L89-S89 -> 15.6
B90: FD2F42Z2 | C90: 5T AW,158d, AL寬 | D90: R | E90: 75/72/2 SDR | F90: 3/30-4/8X | H90: 1.4 | I90: FP81383R(L48 | J90: 130/72 SDR | K90: =SUMIF(庫!$B$2:$B$2999,B90,庫!$L$2:$L$2999)/1000 -> 9.18 | L90: =G90*H90 -> 0 | S90: =SUM(M90:R90) -> 0 | T90: =K90+L90-S90 -> 9.18
... B94: FD2F43J1 | C94: SET 95/20 Alex | D94: A | E94: 150/48 SDR | F94: 4/23-4/28X | H94: 1.2 | I94: FP82167R | J94: 255/48 SDR | K94: =SUMIF(庫!$B$2:$B$2999,B94,庫!$L$2:$L$2999)/1000 -> 5.97 | L94: =G94*H94 -> 0 | S94: =SUM(M94:R94) -> 0 | T94: =K94+L94-S94 -> 5.97
B95: FD2F43M1 | C95: SET 95/20 Alex | D95: Alex | E95: 150/48 SDR | F95: 4/29-5/14X | H95: 2.4 | I95: FP82179R | J95: 255/48 SDR | K95: =SUMIF(庫!$B$2:$B$2999,B95,庫!$L$2:$L$2999)/1000 -> 42.93 | L95: =G95*H95 -> 0 | O95: 15 | S95: =SUM(M95:R95) -> 15 | T95: =K95+L95-S95 -> 27.93
B96: FD2F42K2K | C96: A+AX | D96: YKK | E96: 75/24/2 SDR2 | F96: 2/23-3/5X | H96: 1.5 | I96: FP81361RX | J96: 125/24 SDR | K96: =SUMIF(庫!$B$2:$B$2999,B96,庫!$L$2:$L$2999)/1000 -> 5.52 | L96: =G96*H96 -> 0 | P96: 6 | S96: =SUM(M96:R96) -> 6 | T96: =K96+L96-S96 -> -0.48
B97: FD2F43N2K | C97: A+AX | D97: YKK | E97: 75/24/2 SDr | F97: 4/29-5/6X | H97: 1.5 | I97: FP81382R | J97: 125/24 SDR | K97: =SUMIF(庫!$B$2:$B$2999,B97,庫!$L$2:$L$2999)/1000 -> 7.89 | L97: =G97*H97 -> 0 | P97: 8 | S97: =SUM(M97:R97) -> 8 | T97: =K97+L97-S97 -> -0.11
B98: FD2F43H1 | C98: SET35/10 Alex | D98: A | E98: 150/48 SDR3 | F98: 4/21-4/30 | I98: FP82167R(L48 | J98: 255/48 SDR | K98: =SUMIF(庫!$B$2:$B$2999,B98,庫!$L$2:$L$2999)/1000 -> 5.28 | L98: =G98*H98 -> 0 | M98: 1.5 | S98: =SUM(M98:R98) -> 1.5 | T98: =K98+L98-S98 -> 3.78
B99: FD2F42S2K | C99: A+AX | D99: A | E99: 75/24/2 SDR2 | F99: 3/26-5/8X | H99: 0.7 | I99: FP81363RX吃空停 | J99: 125/24 SDR | K99: =SUMIF(庫!$B$2:$B$2999,B99,庫!$L$2:$L$2999)/1000 -> 8.97 | L99: =G99*H99 -> 0 | P99: 9 | S99: =SUM(M99:R99) -> 9 | T99: =K99+L99-S99 -> -0.03
B100: FD2F6IJ1A | C100: JH冠齊純SET中立包AW16T | D100: R | E100: 150/48/2 SDR | F100: 5/21-5/28X | H100: 2.5 | I100: FP82169R | J100: 255/48 SDR | K100: =SUMIF(庫!$B$2:$B$2999,B100,庫!$L$2:$L$2999)/1000 -> 8.1 | L100: =G100*H100 -> 0 | S100: =SUM(M100:R100) -> 0 | T100: =K100+L100-S100 -> 8.1
B101: FD2FA032 | C101: JH 20TAW毅 | D101: A | E101: 75/36 SDR | F101: 4/1-5/22X | H101: 0.7 | I101: FP81386R | J101: 125/36 SDR | K101: =SUMIF(庫!$B$2:$B$2999,B101,庫!$L$2:$L$2999)/1000 -> 42.6 | L101: =G101*H101 -> 0 | M101: 3 | S101: =SUM(M101:R101) -> 3 | T101: =K101+L101-S101 -> 39.6
B102: FD2F43K2K | C102: A+AX | D102: YKK | E102: 75/24/2 SDr | F102: 4/24-5/22X | H102: 1.5 | I102: FP81382R | J102: 125/24 SDR | K102: =SUMIF(庫!$B$2:$B$2999,B102,庫!$L$2:$L$2999)/1000 -> 18.12 | L102: =G102*H102 -> 0 | P102: 25 | S102: =SUM(M102:R102) -> 25 | T102: =K102+L102-S102 -> -6.88
B103: FD2F43L2K | C103: A+AX | D103: A | E103: 75/24/2 SDr | F103: 5/9-5/21X | H103: 0.7 | I103: FP81391R(30T吃空停 | J103: 125/24 SDR | K103: =SUMIF(庫!$B$2:$B$2999,B103,庫!$L$2:$L$2999)/1000 -> 11.7 | L103: =G103*H103 -> 0 | P103: 12 | S103: =SUM(M103:R103) -> 12 | T103: =K103+L103-S103 -> -0.3
B104: FD2F29I1 | C104: OIA | D104: Gloria | E104: 100/36 SDr | F104: 4/7-5/15X | H104: 2 | I104: FP81384R | J104: 170/36 SDR | K104: =SUMIF(庫!$B$2:$B$2999,B104,庫!$L$2:$L$2999)/1000 -> 27.33 | L104: =G104*H104 -> 0 | M104: 2 | O104: 20 | Q104: 10 | S104: =SUM(M104:R104) -> 32 | T104: =K104+L104-S104 -> -4.67
B106: FD2F27L2 | C106: W:4kg, Wooly AW (品質X) | D106: Patty | E106: 100/72 PFR(Petal | F106: 品質異常 | I106: FP81269R | J106: 165/72 PFR | K106: =SUMIF(庫!$B$2:$B$2999,B106,庫!$L$2:$L$2999)/1000 -> 5.4 | L106: =G106*H106 -> 0 | S106: =SUM(M106:R106) -> 0 | T106: =K106+L106-S106 -> 5.4
B107: FD2F28V2G | C107: W:4kg,Wooly,Patty | D107: Patty | E107: 100/72 PFR(Petal | F107: 12/10-12/14X | H107: 1.9 | I107: FP81351R | J107: 165/72 PFR | K107: =SUMIF(庫!$B$2:$B$2999,B107,庫!$L$2:$L$2999)/1000 -> 3.84 | L107: =G107*H107 -> 0 | S107: =SUM(M107:R107) -> 0 | T107: =K107+L107-S107 -> 3.84
...

Sheet H
L1: 45968
A2: 案號 | B2: 訂單量(A、A1) | C2: 已訂未交量 | D2: POY批號 | E2: 開機日 | F2: 批號 | G2: 規格 | H2: 機號 | I2: 台數 | J2: 日產量(KG) | K2: 11/7庫存(KG) | L2: POY 庫存(KG) | M2: R
A3: F2566029 | B3: 50000 | C3: A級 :45,440.00 | D3: FP80119R | E3: 8/24停 | F3: FD2FZ7440 | G3: 50/72 SDR | H3: -- | I3: -- | J3: --- | K3: 19872 | L3: --- | M3: 828
F4: FD2G6ZA2 | K4: A1級: 779.03
C5: 45440- 9/5取消 25568 = 19872 (待出)
L9: 45968
A10: 案號 | B10: 訂單量(A、A1) | C10: 已訂未交量 | D10: POY批號 | E10: 開機日 | F10: 批號 | G10: 規格 | H10: 機號 | I10: 台數 | J10: 日產量(KG) | K10: 11/7庫存(KG) | L10: POY 庫存(KG) | M10: R+T
A11: F2576063 | B11: 150000 | C11: A級: 4,020.00 | D11: E00Q101 | E11: 7/15開 | F11: FD2F1ZI1 | G11: 75/144 SDR | H11: TMT | I11: 0.5 | J11: 800 | K11: 5913.71 | L11: 1680 | M11: 7+86
C12: AX級: 6,896.42 | F12: FD2G6ZA2 | K12: A1級: 779.03
L17: 45968
A18: 案號 | B18: 訂單量(A、A1) | C18: 已訂未交量 | D18: POY批號 | E18: 開機日 | F18: 批號 | G18: 規格 | H18: 機號 | I18: 台數 | J18: 日產量(KG) | K18: 11/7庫存(KG) | L18: POY 庫存(KG) | M18: R
A19: F24X6057 | B19: 120000 | C19: A級: 43,650.00 | D19: FP81234R | E19: 12/5 停 | F19: FD2FZ8010 | G19: 75/96/2 SDR | H19: -- | I19: -- | J19: --- | K19: 22440 | L19: --- | M19: 434+314
F20: FD2G6ZA2 | K20: A1級: 779.03
C21: 庫存 22440 出完,餘量再結案

Sheet R
A1: 遠東開機明細
L2: 46038
A3: 案號 | B3: 訂單量(A、A1) | C3: 已訂未交量 | D3: POY 數量 | E3: 預計開機日 | F3: 批號 | G3: 規格 | H3: 機號 | I3: 生產台數 | J3: 日產量(KG) | K3: 1/16庫存(KG) | L3: 備註
A4: F25X6008 | B4: 70000 | C4: A級:6176KG | D4: 代工 | E4: 11/28開 12/25停 | F4: FD2F1TC3X | G4: 75/36/1IBK | K4: 6816 | L4: 結批
C6: A級:23696KG | D6: 代工 | E6: 10/15開 11/30停 | F6: FD2F1MX1G | G6: 75/36/1ABK | K6: 0 | L6: 結批
E8: 合計 | K8: =SUM(K4:K7) -> 6816

Sheet 業
A1: sales | B1: DTY規格 | C1: DTY批號 | D1: 特性 | E1: 客戶 | F1: 用途 | G1: AX出貨 | H1: 倒筒 | I1: 包裝方式 | J1: Jul出貨需求 | K1: Aug出貨需求 | L1: Sep出貨需求
A2: AL | B2: 150/48/2 SDR | E2: YKK | J2: 800
A3: AL | B3: 75/24/2 SDR | C3: FD2F42T2K | E3: YKK | J3: 57
A4: AL | B4: 225/72/2 SDR | C4: FD2F7E03K | E4: YKK | J4: 37
A5: AL
A6: AL | B6: 150/48 SDR | C6: FD2F43A1 | E6: 內銷 | I6: 小包裝 | J6: 15
A7: AL | B7: 150/48 SDR | C7: FD2F43S2 | E7: 內銷 | I7: 小包裝 | J7: 10
A8: AL | B8: 150/48/2 SDR | C8: FD2F6IB1 | E8: 內銷 | I8: 小包裝 | J8: 10
A9: AL | B9: 150/48/2 SDR | C9: FD2F6ID2 | E9: 內銷 | I9: 小包裝 | J9: 15
A10: AL | B10: 150/48 SR6 | C10: FD2F41S3 | E10: 內銷 | I10: 小包裝 | J10: 5
A11: AL | B11: 150/48/2 SR6 | C11: FD2F6FJ3 | E11: 內銷 | I11: 小包裝 | J11: 5
A12: AL | B12: 150/48/2 FBKR | C12: FD2F6GQ3 | E12: 內銷 | I12: 小包裝 | J12: 5
A13: JH | B13: 100/72 PFR | C13: FD2F28R2G | E13: 調撥觀音 | F13: 針織 | G13: 無 | J13: 12 | K13: 3 | L13: 3
A14: JH | B14: 100/36 SDR | C14: FD2F28S1 | E14: 調撥觀音 | F14: 針織 | G14: 無 | J14: 1 | K14: 1 | L14: 1
A15: JH | B15: 150/48 SDR | C15: FD2F42Q1 | E15: 調撥觀音 | F15: 針織 | G15: 無 | J15: 2 | K15: 1 | L15: 1
A16: JH | B16: 150/48/2 SDR | C16: FD2F60181 | E16: 內銷/毅裕 | F16: 平織 | G16: 有 | J16: 10 | K16: 10 | L16: 10
A17: JH | B17: 50/36 SDR | C17: FD2F08G2 | E17: 調撥觀音 | F17: 針織 | G17: 無 | J17: 1 | K17: 0 | L17: 0
A18: JH | B18: 50/72 SDR | C18: FD2F20152 | E18: 調撥觀音 | F18: 針織 | G18: 無 | J18: 25 | K18: 20 | L18: 20
A19: JH | B19: 75/36 SDR | C19: FD2F1YQ2 | E19: 調撥觀音 | F19: 針織 | G19: 無 | J19: 3 | K19: 3 | L19: 3
A20: JH | B20: 75/72 SDFFR | C20: FD2F1HT2 | E20: 調撥觀音 | F20: 針織 | G20: 無 | J20: 1 | K20: 1 | L20: 1
A21: JH | B21: 75/72 SDR | C21: FD2F30372 | E21: 調撥觀音 | F21: 針織 | G21: 無 | J21: 40 | K21: 40 | L21: 40
A22: JH | B22: 75/72 SDR | C22: FD2F30372 | E22: 內銷/宏遠 | F22: 平織 | G22: 無
A23: JH | B23: 75/72/2 PDR | C23: FD2F42U2 | E23: 調撥觀音 | F23: 針織 | G23: 無 | J23: 10 | K23: 2 | L23: 2
A24: JH | B24: 75/72/2 SDR | C24: FD2F43R2 | E24: 調撥觀音 | F24: 針織 | G24: 無 | J24: 25 | K24: 20 | L24: 20
A25: Gloria | B25: 150/48 SDR | C25: FD2F40D1 | E25: 總成 | F25: 圓編 | G25: Y | H25: N | I25: 一般小包裝 | J25: 15
A26: Gloria | B26: 100/36 SDR | C26: FD2F28S1 | E26: 隆宏昌 | F26: 圓編 | G26: Y | H26: Y | I26: 一般小包裝 | J26: 20
A27: Gloria | B27: 150/48/2 SDR2 | C27: FD2F6DV2 | E27: 振泰/隆昌 | F27: 平織織帶 | G27: Y | H27: N | I27: 一般小包裝 | J27: 15
A28: Gloria | B28: 150/48 CDR | C28: FD2F41D2 | E28: 利勤 | F28: 經編 | G28: N | H28: Y | I28: 一般小包裝 | J28: 30
A29: Gloria | B29: 150/48/2 SR6 | C29: FD2F6EK3 | E29: Novalfa/Symaco | F29: 平織 | G29: N | H29: N | I29: HC大包裝 | J29: 20
A30: Gloria | B30: 75/72 SRR5 | C30: FD2F7C71 | E30: Toray | F30: 平織 | G30: Y | H30: N | I30: HC大包裝 | J30: 10
A31: Alex | B31: 150/48 SDR | C31: FD2F43M1 | E31: 均一等 | F31: 平 | G31: 出 | H31: 否 | J31: 15 | K31: 15 | L31: 15
A32: Alex | B32: 150/48 SDR | C32: FD2F43A1 | E32: 均一等 | F32: 平 | G32: 出 | H32: 否 | J32: 15 | K32: 15 | L32: 15
A33: Alex | B33: 150/48/2 SDR | C33: FD2F6ID2 | E33: 均一等 | F33: 平 | G33: 出 | H33: 否 | J33: 40 | K33: 40 | L33: 40
A34: Alex | B34: 150/48/2 SDR | C34: FD2F6IB1 | E34: 均一等 | F34: 平 | G34: 出 | H34: 否 | J34: 40 | K34: 40 | L34: 40
A35: Alex | B35: 75/36 BK | C35: FD2F1TC3Y | E35: 久杭 | F35: 平 | J35: 20 | K35: 66T單
A36: Alex | B36: 75/36 BK | C36: FD2F1MX1 | E36: 久杭 | F36: 平 | J36: 20 | K36: 60T單,6月初開始交貨
A37: Alex | B37: 150/48/2 HC | C37: FD2F6FD1 | E37: 久杭 | F37: 平 | G37: 出 | H37: 否 | J37: 20 | K37: 要開
A38: Alex
A39: Alex | B39: 150/48/2 SDR 經用 | C39: FD2F6GC2 | D39: 雙酚A<1PPM | E39: 富泰單 | F39: 平 | G39: 出 | H39: 否 | J39: 285 | K39: 3-6月平均出貨
A40: Alex | B40: 150/48/2 SDR 緯用 | C40: FD2F6FS1 | D40: 雙酚A<1PPM | E40: 富泰單 | F40: 平 | G40: 出 | H40: 否 | J40: 285 | K40: 3-6月平均出貨
J46: =SUBTOTAL(9,J2:J45) -> 1939 | K46: =SUBTOTAL(9,K2:K45) -> 211 | L46: =SUBTOTAL(9,L2:L45) -> 211

Sheet 庫
A1: 產品類型 | B1: 成品批號 | C1: 規格 | D1: 等級 | E1: 儲位 | F1: 特性 | G1: 包裝 | H1: 繳庫重量 | I1: 繳庫數量 | J1: 出庫重量 | K1: 出庫數量 | L1: 2026/06/30結存重量(含鎖碼) | M1: 2026/06/30結存數量(含鎖碼)
A2: FD05KP01 | B2: FD2F01G2 | C2: 50d/24f KP | D2: A | E2: 8002 | F2: (ALEX)T結95/35(W:2.0) | G2: 6 | H2: 0 | I2: 0 | J2: 0 | K2: 0 | L2: 7992 | M2: 333
A3: FD05PB03 | B3: FD2F03S2 | C3: 50d/24f BP | D3: A | E3: 8002 | F3: (ANGELA)T結(W:3.0) | G3: 6 | H3: 0 | I3: 0 | J3: 0 | K3: 0 | L3: 1080 | M3: 45
A4: FD05RS05 | B4: FD2F04M1 | C4: 50d/72f SDRT | D4: A | E4: 8002 | F4: (ALEX)T結(W:4.0) | G4: 6 | H4: 0 | I4: 0 | J4: 0 | K4: 0 | L4: 5664 | M4: 236
A5: FD05PB03 | B5: FD2F04X2 | C5: 50d/24f BP | D5: A | E5: 8002 | F5: (ANGELA)T結(W:3.0) | G5: 6 | H5: 0 | I5: 0 | J5: 0 | K5: 0 | L5: 1416 | M5: 59
A6: FD05PB03 | B6: FD2F04X2C | C6: 50d/24f BP | D6: A | E6: 8002 | F6: (ANGELA)T結(W:1.5~2.0KG) | G6: 6 | H6: 0 | I6: 0 | J6: 0 | K6: 0 | L6: 1533 | M6: 73
A7: FD05PB03 | B7: FD2F04X2D | C7: 50d/24f BP | D7: A | E7: 8002 | F7: (ANGELA)T結(W:2.0~2.5KG) | G7: 6 | H7: 0 | I7: 0 | J7: 0 | K7: 0 | L7: 2568 | M7: 107
A8: FD05PB03 | B8: FD2F04X2E | C8: 50d/24f BP | D8: A | E8: 8002 | F8: (ANGELA)T結(W:2.5~3.0KG) | G8: 6 | H8: 0 | I8: 0 | J8: 0 | K8: 0 | L8: 3275 | M8: 131
A9: FD05PB03 | B9: FD2F05H2 | C9: 50d/24f BP | D9: A | E9: 8002 | F9: (ANGELA)T結(W:3.0) | G9: 6 | H9: 0 | I9: 0 | J9: 0 | K9: 0 | L9: 15576 | M9: 649
A10: FD05PB03 | B10: FD2F05P2 | C10: 50d/24f BP | D10: A | E10: 8002 | F10: (ANGELA)T結(W:3.0) | G10: 6 | H10: 0 | I10: 0 | J10: 0 | K10: 0 | L10: 8928 | M10: 372
A11: FD05PB03 | B11: FD2F05V2 | C11: 50d/24f BP | D11: A | E11: 8002 | F11: (ANGELA)T結(W:3.0) | G11: 6 | H11: 0 | I11: 0 | J11: 0 | K11: 0 | L11: 23784 | M11: 991
A12: FD05RC05 | B12: FD2F07A3S | C12: 50d/72f CDR | D12: A | E12: 8002 | F12: (PATTY)(W:2.0) | G12: 6 | H12: 0 | I12: 0 | J12: 0 | K12: 0 | L12: 1512 | M12: 63
A13: FD05RF02 | B13: FD2F07G2G | C13: 50d/72f FDR | D13: A | E13: 8002 | F13: (ANDY-L)T結(W:4.0) | G13: 6 | H13: 0 | I13: 0 | J13: 0 | K13: 0 | L13: 6096 | M13: 254
... A137: FD05F2C2 | B137: FD2F1YY2 | C137: 75d/72f F2FC | D137: A | E137: 8002 | F137: (PATTY)T結(W:3.0) | G137: 6 | H137: 0 | I137: 0 | J137: 288 | K137: 12 | L137: 0 | M137: 0
A138: FD05F2C2 | B138: FD2F1YY2G | C138: 75d/72f F2FC | D138: A | E138: 8001 | G138: 6 | H138: 0 | I138: 0 | J138: 144 | K138: 6 | L138: 0 | M138: 0
A139: FD05F2C2 | B139: FD2F1YY2G | C139: 75d/72f F2FC | D139: A | E139: 8002 | G139: 6 | H139: 0 | I139: 0 | J139: 552 | K139: 23 | L139: 0 | M139: 0
A140: FD05VRS05 | B140: FD2F20152 | C140: 50d/72f SDR | D140: A | E140: 8001 | F140: (W:4.0)PT20152 | G140: 6 | H140: 0 | I140: 0 | J140: 144 | K140: 6 | L140: 0 | M140: 0
A141: FD05VRS05 | B141: FD2F20152 | C141: 50d/72f SDR | D141: A | E141: 8002 | F141: (W:4.0)PT20152 | G141: 6 | H141: 0 | I141: 0 | J141: 20400 | K141: 850 | L141: 7200 | M141: 300
A142: FD05RO10 | B142: FD2F21Z2R | C142: 100d/36f SDRO | D142: A | E142: 8002 | F142: (共用)T結(W:5.0) | G142: 6 | H142: 0 | I142: 0 | J142: 0 | K142: 0 | L142: 3930 | M142: 131
A143: FD05RO10 | B143: FD2F23I2U | C143: 100d/36f SDRO | D143: A | E143: 8002 | F143: (PHILIP)T結(W:5.0)倒筒 | G143: 6 | H143: 0 | I143: 0 | J143: 0 | K143: 0 | L143: 6990 | M143: 233
A144: FD05OC04 | B144: FD2F23K2 | C144: 100d/36f CDRO | D144: A | E144: 8002 | F144: (PHILIP)S結(W:4.0) | G144: 6 | H144: 0 | I144: 0 | J144: 0 | K144: 0 | L144: 8184 | M144: 341
A145: FD05RO10 | B145: FD2F23L2U | C145: 100d/36f SDRO | D145: A | E145: 8002 | F145: (PHILIP)T結(W:5.0)倒筒 | G145: 6 | H145: 0 | I145: 0 | J145: 0 | K145: 0 | L145: 3750 | M145: 125
A146: FD05RSC2 | B146: FD2F24H2 | C146: 100d/144f SCTR | D146: A | E146: 8002 | F146: (KAI)T結(W:3.0) | G146: 6 | H146: 0 | I146: 0 | J146: 0 | K146: 0 | L146: 3672 | M146: 153
A147: FD05RS03 | B147: FD2F24P2 | C147: 100d/96f SDR | D147: A | E147: 8002 | F147: (ANGELA)T結(W:5.0) | G147: 6 | H147: 0 | I147: 0 | J147: 0 | K147: 0 | L147: 3900 | M147: 130
A148: FD05SFR2 | B148: FD2F25R2 | C148: 50d/72f/2 SDFFR | D148: A | E148: 8002 | F148: (織染)T結(W:4.0) | G148: 6 | H148: 0 | I148: 0 | J148: 0 | K148: 0 | L148: 192 | M148: 8
A149: FD05RO10 | B149: FD2F26G2 | C149: 100d/96f SDRO | D149: A | E149: 8002 | F149: (JIMMY)T結(W:5.0) | G149: 6 | H149: 0 | I149: 0 | J149: 0 | K149: 0 | L149: 4110 | M149: 137
A150: FD05RS07 | B150: FD2F26W2G | C150: 50d/72f/2 SDR | D150: A | E150: 8002 | F150: (ANDY-L)T結(W:4.0) | G150: 6 | H150: 0 | I150: 0 | J150: 0 | K150: 0 | L150: 4368 | M150: 182
A151: FD05BS08 | B151: FD2F26Z2 | C151: 100d/36f BSD3 | D151: A | E151: 8002 | F151: (ALEX)T結(W:5.0) | G151: 6 | H151: 0 | I151: 0 | J151: 0 | K151: 0 | L151: 7890 | M151: 263
... A155: FD05PFR1 | B155: FD2F27Q2R | C155: 100d/72f PFR | D155: A | E155: 8002 | F155: (PATTY.織染)S結(W:4.0)倒筒 | G155: 6 | H155: 0 | I155: 0 | J155: 0 | K155: 0 | L155: 4200 | M155: 175
A156: FD05PFR1 | B156: FD2F27X2R | C156: 100d/72f PFR | D156: A | E156: 8002 | G156: 6 | H156: 0 | I156: 0 | J156: 0 | K156: 0 | L156: 3216 | M156: 134
A157: FD05PFR1 | B157: FD2F28A2R | C157: 100d/72f PFR | D157: A | E157: 8002 | F157: (PATTY)T結(W:4.0)倒筒 | G157: 6 | H157: 0 | I157: 0 | J157: 0 | K157: 0 | L157: 7152 | M157: 298
A158: FD05PFR1 | B158: FD2F28A2T | C158: 100d/72f PFR | D158: A | E158: 8002 | F158: (PATTY)T結(W:4.0)倒筒 | G158: 6 | H158: 0 | I158: 0 | J158: 0 | K158: 0 | L158: 5712 | M158: 238
A159: FD05PFR1 | B159: FD2F28C2R | C159: 100d/72f PFR | D159: A | E159: 8002 | F159: (PATTY)T結(W:4.0)倒筒 | G159: 6 | H159: 1968 | I159: 82 | J159: 0 | K159: 0 | L159: 2568 | M159: 107
A160: FD05PFR1 | B160: FD2F28C2S | C160: 100d/72f PFR | D160: A | E160: 8002 | F160: (PATTY)(W:2.0) | G160: 6 | H160: 0 | I160: 0 | J160: 0 | K160: 0 | L160: 3936 | M160: 164
A161: FD05PFR1 | B161: FD2F28C2T | C161: 100d/72f PFR | D161: A | E161: 8002 | F161: (PATTY)T結(W:4.0)倒筒 | G161: 6 | H161: 1200 | I161: 50 | J161: 0 | K161: 0 | L161: 1200 | M161: 50
A162: FD05PFR1 | B162: FD2F28F2R | C162: 100d/72f PFR | D162: A | E162: 8002 | F162: (PATTY)T結(W:4.0)倒筒 | G162: 6 | H162: 0 | I162: 0 | J162: 0 | K162: 0 | L162: 3624 | M162: 151
A163: FD05PFR1 | B163: FD2F28F2T | C163: 100d/72f PFR | D163: A | E163: 8002 | F163: (PATTY)T結(W:4.0)倒筒 | G163: 6 | H163: 0 | I163: 0 | J163: 0 | K163: 0 | L163: 3336 | M163: 139
A164: FD05PFR1 | B164: FD2F28M2R | C164: 100d/72f PFR | D164: A | E164: 8002 | F164: (PATTY)T結(W:4.0)倒筒 | G164: 6 | H164: 0 | I164: 0 | J164: 0 | K164: 0 | L164: 1800 | M164: 75
A165: FD05PFR1 | B165: FD2F28M2T | C165: 100d/72f PFR | D165: A | E165: 8002 | F165: (PATTY)T結(W:4.0)倒筒 | G165: 6 | H165: 0 | I165: 0 | J165: 0 | K165: 0 | L165: 1032 | M165: 43
A166: FD05PFR1 | B166: FD2F28N2R | C166: 100d/72f PFR | D166: A | E166: 8002 | F166: (PATTY)T結(W:4.0)倒筒 | G166: 6 | H166: 0 | I166: 0 | J166: 0 | K166: 0 | L166: 2760 | M166: 115
A167: FD05PFR1 | B167: FD2F28N2T | C167: 100d/72f PFR | D167: A | E167: 8002 | F167: (PATTY)T結(W:4.0)倒筒 | G167: 6 | H167: 0 | I167: 0 | J167: 0 | K167: 0 | L167: 1824 | M167: 76
A168: FD05RS11 | B168: FD2F28P2 | C168: 100d/36f SDR | D168: A | E168: 8002 | F168: (共用)T結(W:5.0) | G168: 6 | H168: 0 | I168: 0 | J168: 1230 | K168: 41 | L168: 900 | M168: 30
... A392: FD05RS09 | B392: FD2F6IN2K | C392: 150d/48f/2 SDr | D392: A | E392: 8002 | F392: (KAI)T結(W:5.5) | G392: 80D | H392: 21120 | I392: 48 | J392: 21120 | K392: 48 | L392: 0 | M392: 0
A393: FD05CE09 | B393: FD2F6IQ2 | C393: 150d/48f/2 CE | D393: A | E393: 8002 | G393: 6 | H393: 23910 | I393: 797 | J393: 3960 | K393: 132 | L393: 19950 | M393: 665
A394: FD05RS09 | B394: FD2F6IR2K | C394: 150d/48f/2 SDr | D394: A | E394: 8001 | F394: (KAI)T結(W:5.5) | G394: 6 | H394: 0 | I394: 0 | J394: 132 | K394: 4 | L394: 132 | M394: 4
A395: FD05RS09 | B395: FD2F6IR2K | C395: 150d/48f/2 SDr | D395: A | E395: 8002 | F395: (KAI)T結(W:5.5) | G395: 6 | H395: 98505 | I395: 2985 | J395: 94116 | K395: 2852 | L395: 4125 | M395: 125
A396: FD05RS09 | B396: FD2F6IS2K | C396: 150d/48f/2 SDr | D396: A | E396: 8002 | F396: (KAI)T結(W:5.5) | G396: 6 | H396: 27555 | I396: 835 | J396: 0 | K396: 0 | L396: 27555 | M396: 835
A397: FD05RS09 | B397: FD2F6IT2K | C397: 150d/48f/2 SDr | D397: A | E397: 8001 | F397: (KAI)T結(W:5.5) | G397: 6 | H397: 0 | I397: 0 | J397: 0 | K397: 0 | L397: 33 | M397: 1
A398: FD05RS09 | B398: FD2F6IT2K | C398: 150d/48f/2 SDr | D398: A | E398: 8002 | F398: (KAI)T結(W:5.5) | G398: 6 | H398: 58740 | I398: 1780 | J398: 29997 | K398: 909 | L398: 28710 | M398: 870
A399: FD05RS09 | B399: FD2F6IU2K | C399: 150d/48f/2 SDr | D399: A | E399: 8002 | F399: (KAI)T結(W:5.5) | G399: 6 | H399: 65340 | I399: 1980 | J399: 51480 | K399: 1560 | L399: 13860 | M399: 420
A400: FD05RS09 | B400: FD2F6IV2K | C400: 150d/48f/2 SDr | D400: A | E400: 8002 | F400: (KAI)T結(W:5.5) | G400: 6 | H400: 31680 | I400: 960 | J400: 0 | K400: 0 | L400: 31680 | M400: 960
A401: FD05RS09 | B401: FD2F6IW2K | C401: 150d/48f/2 SDr | D401: A | E401: 8002 | F401: (KAI)T結(W:5.5) | G401: 6 | H401: 31845 | I401: 965 | J401: 0 | K401: 0 | L401: 31845 | M401: 965
A402: FD05CD05 | B402: FD2F6IX1 | C402: 150d/48f/2 HC | D402: A | E402: 8002 | F402: (ALEX)T結(W:5.5) | G402: 6 | H402: 5445 | I402: 165 | J402: 0 | K402: 0 | L402: 5445 | M402: 165
A403: FD05RS09 | B403: FD2F6IY2K | C403: 150d/48f/2 SDr | D403: A | E403: 8002 | F403: (YKK)T結(W:5.5) | G403: 6 | H403: 7425 | I403: 225 | J403: 0 | K403: 0 | L403: 7425 | M403: 225
A404: FD05SD64 | B404: FD2F6RP2 | C404: 150d/48f/2 SDR | D404: A | E404: 8002 | F404: (ALEX)(W:5.5) | G404: 6 | H404: 69300 | I404: 2100 | J404: 33264 | K404: 1008 | L404: 36036 | M404: 1092
A405: FD05SD64 | B405: FD2F6UF0 | C405: 150d/48f/2 SDR | D405: A | E405: 8002 | F405: (W:5.5)不敏感色 | G405: 6 | H405: 0 | I405: 0 | J405: 0 | K405: 0 | L405: 3894 | M405: 118
... A565: FD05T002 | B565: FD2FM3B2 | C565: 75d/72f/2 BFSD | D565: A | E565: 8002 | F565: (CLARE)(W:4.0) | G565: 6 | H565: 0 | I565: 0 | J565: 0 | K565: 0 | L565: 360 | M565: 15
A566: FD05T002 | B566: FD2FM3C2 | C566: 75d/72f/2 NPG | D566: A | E566: 8001 | G566: 6 | H566: 0 | I566: 0 | J566: 0 | K566: 0 | L566: 40 | M566: 2
A567: FD05T002 | B567: FD2FM3C2S | C567: 75d/72f/2 NPG | D567: A | E567: 8001 | F567: (R.D)(W:0.3) | G567: 6 | H567: 0 | I567: 0 | J567: 0 | K567: 0 | L567: 42 | M567: 6
A568: FD05T002 | B568: FD2FM3D2 | C568: 100d/96f NPG | D568: A | E568: 8001 | F568: (JIMMY)(W:1.0) | G568: 6 | H568: 0 | I568: 0 | J568: 0 | K568: 0 | L568: 52 | M568: 3
A569: FD05T002 | B569: FD2FM3E2 | C569: 100d/104f EPDR | D569: A | E569: 8001 | F569: (JIMMY)(W:1.0) | G569: 6 | H569: 0 | I569: 0 | J569: 0 | K569: 0 | L569: 7 | M569: 1
A570: FD05T002 | B570: FD2FM3F1 | C570: 150d/48f BFSD | D570: A | E570: 8001 | F570: (CLARE)(W:3.0) | G570: 6 | H570: 0 | I570: 0 | J570: 0 | K570: 0 | L570: 192 | M570: 8
A571: FD05T002 | B571: FD2FM3G2 | C571: 50d/72f SDFFR | D571: A | E571: 8001 | F571: (JIMMY)(W:1) | G571: 6 | H571: 6 | I571: 1 | J571: 0 | K571: 0 | L571: 6 | M571: 1
A572: FD05T002 | B572: FD2FM3I2 | C572: 50d/48f SP | D572: A | E572: 8001 | F572: (共用)(W:0.5) | G572: 6 | H572: 0 | I572: 0 | J572: 0 | K572: 0 | L572: 25 | M572: 3
A573: FD05T002 | B573: FD2FM3S2 | C573: 75d/72f F2FC | D573: A | E573: 8001 | F573: (JIMMY)(W:5.0) | G573: 6 | H573: -25 | I573: -1 | J573: 0 | K573: 0 | L573: 55 | M573: 2
A574: FD05T002 | B574: FD2FM3S2 | C574: 75d/72f F2FC | D574: A | E574: 8002 | F574: (JIMMY)(W:5.0) | G574: 6 | H574: 0 | I574: 0 | J574: 0 | K574: 0 | L574: 270 | M574: 9
A575: FD05T002 | B575: FD2FM3U2 | C575: 150d/48f BSD3 | D575: A | E575: 8001 | F575: (LINDA)(W:5.0) | G575: 6 | H575: 0 | I575: 0 | J575: 0 | K575: 0 | L575: 45 | M575: 2
A576: FD05T002 | B576: FD2FM3V2 | C576: 50d/32f PDR | D576: A | E576: 8001 | F576: (JIMMY)(W:1.0) | G576: 6 | H576: 0 | I576: 0 | J576: 20 | K576: 1 | L576: 0 | M576: 0
A577: FD05T002 | B577: FD2FM3Y2 | C577: 75d/72f PFBR | D577: A | E577: 8001 | F577: (JIMMY)(W:1) | G577: 6 | H577: 0 | I577: 0 | J577: 0 | K577: 0 | L577: 20 | M577: 1
A578: FD05T002 | B578: FD2FM3Z2 | C578: 40d/32f/2 EPDR | D578: A | E578: 8001 | F578: (JIMMY)(W:1) | G578: 6 | H578: 0 | I578: 0 | J578: 0 | K578: 0 | L578: 53 | M578: 3
... A664: FD05BS04 | B664: FD2G08R8 | C664: 50d/72f BSD3 | D664: B | E664: 8002 | F664: (PATTY)T結(W:2.0) | G664: 6 | H664: 1313 | I664: 57 | J664: 0 | K664: 0 | L664: 1313 | M664: 57
A665: FD05RS05 | B665: FD2G08S2 | C665: 50d/36f SDr | D665: AX | E665: 8001 | G665: 6 | H665: 96 | I665: 4 | J665: 0 | K665: 0 | L665: 96 | M665: 4
A666: FD05RS05 | B666: FD2G08S2 | C666: 50d/36f SDr | D666: AX | E666: 8002 | G666: 6 | H666: 1241 | I666: 50 | J666: 0 | K666: 0 | L666: 1241 | M666: 50
A667: FD05RS05 | B667: FD2G08S8 | C667: 50d/36f SDr | D667: B | E667: 8002 | F667: (JIMMY-H)T結(W:4.0) | G667: 6 | H667: 301 | I667: 12 | J667: 0 | K667: 0 | L667: 301 | M667: 12
A668: FD05SR02 | B668: FD2G1IQ2 | C668: 75d/72f SR6 | D668: AX | E668: 8002 | F668: (JIMMY.ALEX)T結(W:5.0) | G668: 6 | H668: 0 | I668: 0 | J668: 0 | K668: 0 | L668: 1866 | M668: 66
A669: FD05RF01 | B669: FD2G1IU2 | C669: 75d/72f FDRT | D669: AX | E669: 8002 | F669: (KAI)T結(W:5.0) | G669: 6 | H669: 0 | I669: 0 | J669: 0 | K669: 0 | L669: 1261 | M669: 46
A670: FD05SR02 | B670: FD2G1IY2 | C670: 75d/72f SR6 | D670: AX | E670: 8002 | F670: (JIMMY.GLORIA)T結(W:5.0) | G670: 6 | H670: 0 | I670: 0 | J670: 0 | K670: 0 | L670: 1598 | M670: 57
A671: FD05BS03 | B671: FD2G1JA2 | C671: 75d/72f BSD3 | D671: AX | E671: 8002 | F671: (JIMMY)T結(W:3.0) | G671: 6 | H671: 0 | I671: 0 | J671: 0 | K671: 0 | L671: 1130 | M671: 45
A672: FD05SR02 | B672: FD2G1JF2 | C672: 75d/72f SR6 | D672: AX | E672: 8002 | F672: (JIMMY)T結(W:5.0) | G672: 6 | H672: 0 | I672: 0 | J672: 0 | K672: 0 | L672: 2441 | M672: 89
A673: FD05BS03 | B673: FD2G1JJ2 | C673: 75d/72f BSD3 | D673: AX | E673: 8002 | F673: (JIMMY)T結(W:3.0) | G673: 6 | H673: 0 | I673: 0 | J673: 0 | K673: 0 | L673: 1210 | M673: 48
A674: FD05RK01 | B674: FD2G1JS2 | C674: 75d/36f FBKR | D674: AX | E674: 8002 | F674: (JIMMY)T結(W:5.0) | G674: 6 | H674: 0 | I674: 0 | J674: 0 | K674: 0 | L674: 3585 | M674: 136
A675: FD05SR02 | B675: FD2G1PA2 | C675: 75d/72f SR6 | D675: AX | E675: 8002 | F675: (JIMMY.ALAN)T結(W:5.0) | G675: 6 | H675: 0 | I675: 0 | J675: 0 | K675: 0 | L675: 2213 | M675: 79
A676: FD05SR02 | B676: FD2G1PV2 | C676: 75d/72f SR6 | D676: AX | E676: 8002 | F676: (JIMMY)T結(W:5.0) | G676: 6 | H676: 1 | I676: 0 | J676: 0 | K676: 0 | L676: 1824 | M676: 65
A677: FD05RK01 | B677: FD2G1PX2 | C677: 75d/36f FBKR | D677: AX | E677: 8002 | F677: (共用)T結(W:5.0) | G677: 6 | H677: 0 | I677: 0 | J677: 0 | K677: 0 | L677: 4252 | M677: 153
A678: FD05RF01 | B678: FD2G1QK2 | C678: 75d/72f FDR | D678: AX | E678: 8002 | F678: (ANDY-L)T結(W:5.0) | G678: 6 | H678: 0 | I678: 0 | J678: 0 | K678: 0 | L678: 1361 | M678: 48
... A814: FD05RS06 | B814: FD2G43M1 | C814: 150d/48f SDR | D814: AX | E814: 8001 | F814: (ALEX)S結95/20(W:5.0) | G814: 6 | H814: 0 | I814: 0 | J814: 26 | K814: 1 | L814: 0 | M814: 0
A815: FD05RS06 | B815: FD2G43M8 | C815: 150d/48f SDR | D815: B | E815: 8001 | G815: 6 | H815: 0 | I815: 0 | J815: 30 | K815: 1 | L815: 0 | M815: 0
A816: FD05RS06 | B816: FD2G43M8 | C816: 150d/48f SDR | D816: B | E816: 8002 | G816: 6 | H816: 0 | I816: 0 | J816: 1404 | K816: 50 | L816: 0 | M816: 0
A817: FD05RS01 | B817: FD2G43N2 | C817: 75d/24f/2 SDr | D817: AX | E817: 8002 | F817: (KAI)T結(W:5.0) | G817: 6 | H817: 0 | I817: 0 | J817: 0 | K817: 0 | L817: 478 | M817: 17
A818: FD05RS01 | B818: FD2G43N8 | C818: 75d/24f/2 SDr | D818: B | E818: 8001 | F818: (KAI)T結(W:5.0) | G818: 6 | H818: 0 | I818: 0 | J818: 0 | K818: 0 | L818: 115 | M818: 4
A819: FD05RC07 | B819: FD2G43P2 | C819: 150d/48f CDR | D819: AX | E819: 8002 | F819: (GLORIA)T結(W:5.0) | G819: 6 | H819: 3537 | I819: 125 | J819: 0 | K819: 0 | L819: 6386 | M819: 225
A820: FD05RC07 | B820: FD2G43P8 | C820: 150d/48f CDR | D820: B | E820: 8002 | F820: (GLORIA)T結(W:5.0) | G820: 6 | H820: 2732 | I820: 94 | J820: 0 | K820: 0 | L820: 3476 | M820: 119
A821: FD05SFR4 | B821: FD2G43Q2 | C821: 75d/72f/2 SDFFR | D821: AX | E821: 8002 | F821: (JIMMY)T結(W:5.0) | G821: 6 | H821: 508 | I821: 18 | J821: 0 | K821: 0 | L821: 508 | M821: 18
A822: FD05SFR4 | B822: FD2G43Q8 | C822: 75d/72f/2 SDFFR | D822: B | E822: 8002 | F822: (JIMMY)T結(W:5.0) | G822: 6 | H822: 222 | I822: 8 | J822: 0 | K822: 0 | L822: 222 | M822: 8
A823: FD05RS01 | B823: FD2G43R2 | C823: 75d/72f/2 SDr | D823: AX | E823: 8002 | F823: (JIMMY)T結(W:5.0) | G823: 6 | H823: 1420 | I823: 50 | J823: 0 | K823: 0 | L823: 1420 | M823: 50
A824: FD05RS06 | B824: FD2G43S2 | C824: 150d/48f SDr | D824: AX | E824: 8002 | F824: (共用)T結(W:5.0) | G824: 6 | H824: 2711 | I824: 94 | J824: 0 | K824: 0 | L824: 2711 | M824: 94
A825: FD05RS06 | B825: FD2G43S8 | C825: 150d/48f SDr | D825: B | E825: 8001 | F825: (共用)T結(W:5.0) | G825: 6 | H825: 112 | I825: 4 | J825: 0 | K825: 0 | L825: 112 | M825: 4
A826: FD05RS06 | B826: FD2G43S8 | C826: 150d/48f SDr | D826: B | E826: 8002 | F826: (共用)T結(W:5.0) | G826: 6 | H826: 3646 | I826: 125 | J826: 2189 | K826: 75 | L826: 1457 | M826: 50
A827: FD05VRS06 | B827: FD2G50541X | C827: 150d/48f SDR | D827: AX | E827: 8001 | F827: (BPAFREE)(W:5.0)PE50541 | G827: 6 | H827: 3 | I827: 1 | J827: 3 | K827: 1 | L827: 0 | M827: 0
A828: FD05VRS06 | B828: FD2G50541X | C828: 150d/48f SDR | D828: AX | E828: 8002 | F828: (BPAFREE)(W:5.0)PE50541 | G828: 6 | H828: -3 | I828: 0 | J828: 0 | K828: 0 | L828: 634 | M828: 25
...

Sheet 配置
D1: 7
D2: 8
D3: 9
A4: AFK | B4: 22 | C4: 16 | D4: 10
B5: 23 | C5: 17 | D5: 11
B6: 24 | C6: 18 | D6: 12
