Workbook
Name DTY紙管: [1]清單!$S$2:$S$100
Name 生產項目: [2]清單!$M$2:$M$36
Name 值車員A: [3]清單!$E$2:$E$27
Name 值車員J: [3]清單!$F$2:$F$12
Name 值車員M_S: [3]清單!$G$2:$G$20
Name 傳閱: 日報表!#REF!
Name 傳閱: [4]日報表!#REF!
Name 傳閱: [5]日報表!#REF!
Name 傳閱: 日報表!#REF!

Sheet M80(20250122封存)
A1: 自2010/11起原絲丹尼÷DR再×1.8% | CY1: ='實驗紗&非當月生產'!P2 -> 886641
C2: 113 | F2: 114 | I2: 115 | L2: 116 | O2: 117 | R2: 118 | U2: 119 | X2: 120 | AA2: 121 | AD2: 122 | AG2: 123 | AJ2: 124 | AM2: 125 | AP2: 126 | AS2: 127 | AV2: 128 | AY2: 129 | BB2: 130 | BE2: 131 | BH2: 132 | BK2: 133 | BN2: 134 | BQ2: 135 | BT2: 136 | BW2: 137 | BZ2: 138 | CC2: 139 | CF2: 140 | CI2: 141 | CL2: 142 | CO2: 143 | CR2: 144 | CU2: 145
A3: Lot no.
A4: Speed
A5: Date | B5: 台數 | C5: 理論 | D5: 實際 | E5: 台數 | F5: 理論 | G5: 實際 | H5: 台數 | I5: 理論 | J5: 實際 | K5: 台數 | L5: 理論 | M5: 實際 | N5: 台數 | O5: 理論 | P5: 實際 | Q5: 台數 | R5: 理論 | S5: 實際 | T5: 台數 | U5: 理論 | V5: 實際 | W5: 台數 | X5: 理論 | Y5: 實際 | Z5: 台數 | AA5: 理論 | AB5: 實際 | AC5: 台數 | AD5: 理論 | AE5: 實際 | AF5: 台數 | AG5: 理論 | AH5: 實際 | AI5: 台數 | AJ5: 理論 | AK5: 實際 | AL5: 台數 | AM5: 理論 | AN5: 實際 | AO5: 台數 | AP5: 理論 | AQ5: 實際 | AR5: 台數 | AS5: 理論 | AT5: 實際 | AU5: 台數 | AV5: 理論 | AW5: 實際 | AX5: 台數 | AY5: 理論 | AZ5: 實際 | BA5: 台數 | BB5: 理論 | BC5: 實際 | BD5: 台數 | BE5: 理論 | BF5: 實際 | BG5: 台數 | BH5: 理論 | BI5: 實際 | BJ5: 台數 | BK5: 理論 | BL5: 實際 | BM5: 台數 | BN5: 理論 | BO5: 實際 | BP5: 台數 | BQ5: 理論 | BR5: 實際 | BS5: 台數 | BT5: 理論 | BU5: 實際 | BV5: 台數 | BW5: 理論 | BX5: 實際 | BY5: 台數 | BZ5: 理論 | CA5: 實際 | CB5: 台數 | CC5: 理論 | CD5: 實際 | CE5: 台數 | CF5: 理論 | CG5: 實際 | CH5: 台數 | CI5: 理論 | CJ5: 實際 | CK5: 台數 | CL5: 理論 | CM5: 實際 | CN5: 台數 | CO5: 理論 | CP5: 實際 | CQ5: 台數 | CR5: 理論 | CS5: 實際 | CT5: 台數 | CU5: 理論 | CV5: 實際
A6: 1 | C6: =D$3*D$4*216*24*60*B6/9000000 -> 0 | F6: =G$3*G$4*216*24*60*E6/9000000 -> 0 | I6: =J$3*J$4*216*24*60*H6/9000000 -> 0 | L6: =M$3*M$4*216*24*60*K6/9000000 -> 0 | O6: =P$3*P$4*216*24*60*N6/9000000 -> 0 | R6: =S$3*S$4*216*24*60*Q6/9000000 -> 0 | U6: =V$3*V$4*216*24*60*T6/9000000 -> 0 | X6: =Y$3*Y$4*216*24*60*W6/9000000 -> 0 | AA6: =AB$3*AB$4*216*24*60*Z6/9000000 -> 0 | AD6: =AE$3*AE$4*216*24*60*AC6/9000000 -> 0 | AG6: =AH$3*AH$4*216*24*60*AF6/9000000 -> 0 | AJ6: =AK$3*AK$4*216*24*60*AI6/9000000 -> 0 | AM6: =AN$3*AN$4*216*24*60*AL6/9000000 -> 0 | AP6: =AQ$3*AQ$4*216*24*60*AO6/9000000 -> 0 | AS6: =AT$3*AT$4*216*24*60*AR6/9000000 -> 0 | AV6: =AW$3*AW$4*216*24*60*AU6/9000000 -> 0 | AY6: =AZ$3*AZ$4*216*24*60*AX6/9000000 -> 0 | BB6: =BC$3*BC$4*216*24*60*BA6/9000000 -> 0 | BE6: =BF$3*BF$4*216*24*60*BD6/9000000 -> 0 | BH6: =BI$3*BI$4*216*24*60*BG6/9000000 -> 0 | BK6: =BL$3*BL$4*216*24*60*BJ6/9000000 -> 0 | BN6: =BO$3*BO$4*216*24*60*BM6/9000000 -> 0 | BQ6: =BR$3*BR$4*216*24*60*BP6/9000000 -> 0 | BT6: =BU$3*BU$4*216*24*60*BS6/9000000 -> 0 | BW6: =BX$3*BX$4*216*24*60*BV6/9000000 -> 0 | BZ6: =CA$3*CA$4*216*24*60*BY6/9000000 -> 0 | CC6: =CD$3*CD$4*216*24*60*CB6/9000000 -> 0 | CF6: =CG$3*CG$4*216*24*60*CE6/9000000 -> 0 | CI6: =CJ$3*CJ$4*216*24*60*CH6/9000000 -> 0 | CL6: =CM$3*CM$4*216*24*60*CK6/9000000 -> 0 | CO6: =CP$3*CP$4*216*24*60*CN6/9000000 -> 0 | CR6: =CS$3*CS$4*216*24*60*CQ6/9000000 -> 0 | CU6: =CV$3*CV$4*216*24*60*CT6/9000000 -> 0 | CX6: =B6+E6+H6+K6+N6+Q6+T6+W6+Z6+AC6+AF6+AI6+AL6+AO6+AR6+AU6+AX6+BA6+BD6+BG6+BJ6+BM6+BP6+BS6+BV6+BY6+CB6+CE6+CH6+CK6+CN6+CQ6+CT6 -> 0
A7: 2 | C7: =D$3*D$4*216*24*60*B7/9000000 -> 0 | F7: =G$3*G$4*216*24*60*E7/9000000 -> 0 | I7: =J$3*J$4*216*24*60*H7/9000000 -> 0 | L7: =M$3*M$4*216*24*60*K7/9000000 -> 0 | O7: =P$3*P$4*216*24*60*N7/9000000 -> 0 | R7: =S$3*S$4*216*24*60*Q7/9000000 -> 0 | U7: =V$3*V$4*216*24*60*T7/9000000 -> 0 | X7: =Y$3*Y$4*216*24*60*W7/9000000 -> 0 | AA7: =AB$3*AB$4*216*24*60*Z7/9000000 -> 0 | AD7: =AE$3*AE$4*216*24*60*AC7/9000000 -> 0 | AG7: =AH$3*AH$4*216*24*60*AF7/9000000 -> 0 | AJ7: =AK$3*AK$4*216*24*60*AI7/9000000 -> 0 | AM7: =AN$3*AN$4*216*24*60*AL7/9000000 -> 0 | AP7: =AQ$3*AQ$4*216*24*60*AO7/9000000 -> 0 | AS7: =AT$3*AT$4*216*24*60*AR7/9000000 -> 0 | AV7: =AW$3*AW$4*216*24*60*AU7/9000000 -> 0 | AY7: =AZ$3*AZ$4*216*24*60*AX7/9000000 -> 0 | BB7: =BC$3*BC$4*216*24*60*BA7/9000000 -> 0 | BE7: =BF$3*BF$4*216*24*60*BD7/9000000 -> 0 | BH7: =BI$3*BI$4*216*24*60*BG7/9000000 -> 0 | BK7: =BL$3*BL$4*216*24*60*BJ7/9000000 -> 0 | BN7: =BO$3*BO$4*216*24*60*BM7/9000000 -> 0 | BQ7: =BR$3*BR$4*216*24*60*BP7/9000000 -> 0 | BT7: =BU$3*BU$4*216*24*60*BS7/9000000 -> 0 | BW7: =BX$3*BX$4*216*24*60*BV7/9000000 -> 0 | BZ7: =CA$3*CA$4*216*24*60*BY7/9000000 -> 0 | CC7: =CD$3*CD$4*216*24*60*CB7/9000000 -> 0 | CF7: =CG$3*CG$4*216*24*60*CE7/9000000 -> 0 | CI7: =CJ$3*CJ$4*216*24*60*CH7/9000000 -> 0 | CL7: =CM$3*CM$4*216*24*60*CK7/9000000 -> 0 | CO7: =CP$3*CP$4*216*24*60*CN7/9000000 -> 0 | CR7: =CS$3*CS$4*216*24*60*CQ7/9000000 -> 0 | CU7: =CV$3*CV$4*216*24*60*CT7/9000000 -> 0 | CX7: =B7+E7+H7+K7+N7+Q7+T7+W7+Z7+AC7+AF7+AI7+AL7+AO7+AR7+AU7+AX7+BA7+BD7+BG7+BJ7+BM7+BP7+BS7+BV7+BY7+CB7+CE7+CH7+CK7+CN7+CQ7+CT7 -> 0
A8: 3 | C8: =D$3*D$4*216*24*60*B8/9000000 -> 0 | F8: =G$3*G$4*216*24*60*E8/9000000 -> 0 | I8: =J$3*J$4*216*24*60*H8/9000000 -> 0 | L8: =M$3*M$4*216*24*60*K8/9000000 -> 0 | O8: =P$3*P$4*216*24*60*N8/9000000 -> 0 | R8: =S$3*S$4*216*24*60*Q8/9000000 -> 0 | U8: =V$3*V$4*216*24*60*T8/9000000 -> 0 | X8: =Y$3*Y$4*216*24*60*W8/9000000 -> 0 | AA8: =AB$3*AB$4*216*24*60*Z8/9000000 -> 0 | AD8: =AE$3*AE$4*216*24*60*AC8/9000000 -> 0 | AG8: =AH$3*AH$4*216*24*60*AF8/9000000 -> 0 | AJ8: =AK$3*AK$4*216*24*60*AI8/9000000 -> 0 | AM8: =AN$3*AN$4*216*24*60*AL8/9000000 -> 0 | AP8: =AQ$3*AQ$4*216*24*60*AO8/9000000 -> 0 | AS8: =AT$3*AT$4*216*24*60*AR8/9000000 -> 0 | AV8: =AW$3*AW$4*216*24*60*AU8/9000000 -> 0 | AY8: =AZ$3*AZ$4*216*24*60*AX8/9000000 -> 0 | BB8: =BC$3*BC$4*216*24*60*BA8/9000000 -> 0 | BE8: =BF$3*BF$4*216*24*60*BD8/9000000 -> 0 | BH8: =BI$3*BI$4*216*24*60*BG8/9000000 -> 0 | BK8: =BL$3*BL$4*216*24*60*BJ8/9000000 -> 0 | BN8: =BO$3*BO$4*216*24*60*BM8/9000000 -> 0 | BQ8: =BR$3*BR$4*216*24*60*BP8/9000000 -> 0 | BT8: =BU$3*BU$4*216*24*60*BS8/9000000 -> 0 | BW8: =BX$3*BX$4*216*24*60*BV8/9000000 -> 0 | BZ8: =CA$3*CA$4*216*24*60*BY8/9000000 -> 0 | CC8: =CD$3*CD$4*216*24*60*CB8/9000000 -> 0 | CF8: =CG$3*CG$4*216*24*60*CE8/9000000 -> 0 | CI8: =CJ$3*CJ$4*216*24*60*CH8/9000000 -> 0 | CL8: =CM$3*CM$4*216*24*60*CK8/9000000 -> 0 | CO8: =CP$3*CP$4*216*24*60*CN8/9000000 -> 0 | CR8: =CS$3*CS$4*216*24*60*CQ8/9000000 -> 0 | CU8: =CV$3*CV$4*216*24*60*CT8/9000000 -> 0 | CX8: =B8+E8+H8+K8+N8+Q8+T8+W8+Z8+AC8+AF8+AI8+AL8+AO8+AR8+AU8+AX8+BA8+BD8+BG8+BJ8+BM8+BP8+BS8+BV8+BY8+CB8+CE8+CH8+CK8+CN8+CQ8+CT8 -> 0
A9: 4 | C9: =D$3*D$4*216*24*60*B9/9000000 -> 0 | F9: =G$3*G$4*216*24*60*E9/9000000 -> 0 | I9: =J$3*J$4*216*24*60*H9/9000000 -> 0 | L9: =M$3*M$4*216*24*60*K9/9000000 -> 0 | O9: =P$3*P$4*216*24*60*N9/9000000 -> 0 | R9: =S$3*S$4*216*24*60*Q9/9000000 -> 0 | U9: =V$3*V$4*216*24*60*T9/9000000 -> 0 | X9: =Y$3*Y$4*216*24*60*W9/9000000 -> 0 | AA9: =AB$3*AB$4*216*24*60*Z9/9000000 -> 0 | AD9: =AE$3*AE$4*216*24*60*AC9/9000000 -> 0 | AG9: =AH$3*AH$4*216*24*60*AF9/9000000 -> 0 | AJ9: =AK$3*AK$4*216*24*60*AI9/9000000 -> 0 | AM9: =AN$3*AN$4*216*24*60*AL9/9000000 -> 0 | AP9: =AQ$3*AQ$4*216*24*60*AO9/9000000 -> 0 | AS9: =AT$3*AT$4*216*24*60*AR9/9000000 -> 0 | AV9: =AW$3*AW$4*216*24*60*AU9/9000000 -> 0 | AY9: =AZ$3*AZ$4*216*24*60*AX9/9000000 -> 0 | BB9: =BC$3*BC$4*216*24*60*BA9/9000000 -> 0 | BE9: =BF$3*BF$4*216*24*60*BD9/9000000 -> 0 | BH9: =BI$3*BI$4*216*24*60*BG9/9000000 -> 0 | BK9: =BL$3*BL$4*216*24*60*BJ9/9000000 -> 0 | BN9: =BO$3*BO$4*216*24*60*BM9/9000000 -> 0 | BQ9: =BR$3*BR$4*216*24*60*BP9/9000000 -> 0 | BT9: =BU$3*BU$4*216*24*60*BS9/9000000 -> 0 | BW9: =BX$3*BX$4*216*24*60*BV9/9000000 -> 0 | BZ9: =CA$3*CA$4*216*24*60*BY9/9000000 -> 0 | CC9: =CD$3*CD$4*216*24*60*CB9/9000000 -> 0 | CF9: =CG$3*CG$4*216*24*60*CE9/9000000 -> 0 | CI9: =CJ$3*CJ$4*216*24*60*CH9/9000000 -> 0 | CL9: =CM$3*CM$4*216*24*60*CK9/9000000 -> 0 | CO9: =CP$3*CP$4*216*24*60*CN9/9000000 -> 0 | CR9: =CS$3*CS$4*216*24*60*CQ9/9000000 -> 0 | CU9: =CV$3*CV$4*216*24*60*CT9/9000000 -> 0 | CX9: =B9+E9+H9+K9+N9+Q9+T9+W9+Z9+AC9+AF9+AI9+AL9+AO9+AR9+AU9+AX9+BA9+BD9+BG9+BJ9+BM9+BP9+BS9+BV9+BY9+CB9+CE9+CH9+CK9+CN9+CQ9+CT9 -> 0
A10: 5 | C10: =D$3*D$4*216*24*60*B10/9000000 -> 0 | F10: =G$3*G$4*216*24*60*E10/9000000 -> 0 | I10: =J$3*J$4*216*24*60*H10/9000000 -> 0 | L10: =M$3*M$4*216*24*60*K10/9000000 -> 0 | O10: =P$3*P$4*216*24*60*N10/9000000 -> 0 | R10: =S$3*S$4*216*24*60*Q10/9000000 -> 0 | U10: =V$3*V$4*216*24*60*T10/9000000 -> 0 | X10: =Y$3*Y$4*216*24*60*W10/9000000 -> 0 | AA10: =AB$3*AB$4*216*24*60*Z10/9000000 -> 0 | AD10: =AE$3*AE$4*216*24*60*AC10/9000000 -> 0 | AG10: =AH$3*AH$4*216*24*60*AF10/9000000 -> 0 | AJ10: =AK$3*AK$4*216*24*60*AI10/9000000 -> 0 | AM10: =AN$3*AN$4*216*24*60*AL10/9000000 -> 0 | AP10: =AQ$3*AQ$4*216*24*60*AO10/9000000 -> 0 | AS10: =AT$3*AT$4*216*24*60*AR10/9000000 -> 0 | AV10: =AW$3*AW$4*216*24*60*AU10/9000000 -> 0 | AY10: =AZ$3*AZ$4*216*24*60*AX10/9000000 -> 0 | BB10: =BC$3*BC$4*216*24*60*BA10/9000000 -> 0 | BE10: =BF$3*BF$4*216*24*60*BD10/9000000 -> 0 | BH10: =BI$3*BI$4*216*24*60*BG10/9000000 -> 0 | BK10: =BL$3*BL$4*216*24*60*BJ10/9000000 -> 0 | BN10: =BO$3*BO$4*216*24*60*BM10/9000000 -> 0 | BQ10: =BR$3*BR$4*216*24*60*BP10/9000000 -> 0 | BT10: =BU$3*BU$4*216*24*60*BS10/9000000 -> 0 | BW10: =BX$3*BX$4*216*24*60*BV10/9000000 -> 0 | BZ10: =CA$3*CA$4*216*24*60*BY10/9000000 -> 0 | CC10: =CD$3*CD$4*216*24*60*CB10/9000000 -> 0 | CF10: =CG$3*CG$4*216*24*60*CE10/9000000 -> 0 | CI10: =CJ$3*CJ$4*216*24*60*CH10/9000000 -> 0 | CL10: =CM$3*CM$4*216*24*60*CK10/9000000 -> 0 | CO10: =CP$3*CP$4*216*24*60*CN10/9000000 -> 0 | CR10: =CS$3*CS$4*216*24*60*CQ10/9000000 -> 0 | CU10: =CV$3*CV$4*216*24*60*CT10/9000000 -> 0 | CX10: =B10+E10+H10+K10+N10+Q10+T10+W10+Z10+AC10+AF10+AI10+AL10+AO10+AR10+AU10+AX10+BA10+BD10+BG10+BJ10+BM10+BP10+BS10+BV10+BY10+CB10+CE10+CH10+CK10+CN10+CQ10+CT10 -> 0
A11: 6 | C11: =D$3*D$4*216*24*60*B11/9000000 -> 0 | F11: =G$3*G$4*216*24*60*E11/9000000 -> 0 | I11: =J$3*J$4*216*24*60*H11/9000000 -> 0 | L11: =M$3*M$4*216*24*60*K11/9000000 -> 0 | O11: =P$3*P$4*216*24*60*N11/9000000 -> 0 | R11: =S$3*S$4*216*24*60*Q11/9000000 -> 0 | U11: =V$3*V$4*216*24*60*T11/9000000 -> 0 | X11: =Y$3*Y$4*216*24*60*W11/9000000 -> 0 | AA11: =AB$3*AB$4*216*24*60*Z11/9000000 -> 0 | AD11: =AE$3*AE$4*216*24*60*AC11/9000000 -> 0 | AG11: =AH$3*AH$4*216*24*60*AF11/9000000 -> 0 | AJ11: =AK$3*AK$4*216*24*60*AI11/9000000 -> 0 | AM11: =AN$3*AN$4*216*24*60*AL11/9000000 -> 0 | AP11: =AQ$3*AQ$4*216*24*60*AO11/9000000 -> 0 | AS11: =AT$3*AT$4*216*24*60*AR11/9000000 -> 0 | AV11: =AW$3*AW$4*216*24*60*AU11/9000000 -> 0 | AY11: =AZ$3*AZ$4*216*24*60*AX11/9000000 -> 0 | BB11: =BC$3*BC$4*216*24*60*BA11/9000000 -> 0 | BE11: =BF$3*BF$4*216*24*60*BD11/9000000 -> 0 | BH11: =BI$3*BI$4*216*24*60*BG11/9000000 -> 0 | BK11: =BL$3*BL$4*216*24*60*BJ11/9000000 -> 0 | BN11: =BO$3*BO$4*216*24*60*BM11/9000000 -> 0 | BQ11: =BR$3*BR$4*216*24*60*BP11/9000000 -> 0 | BT11: =BU$3*BU$4*216*24*60*BS11/9000000 -> 0 | BW11: =BX$3*BX$4*216*24*60*BV11/9000000 -> 0 | BZ11: =CA$3*CA$4*216*24*60*BY11/9000000 -> 0 | CC11: =CD$3*CD$4*216*24*60*CB11/9000000 -> 0 | CF11: =CG$3*CG$4*216*24*60*CE11/9000000 -> 0 | CI11: =CJ$3*CJ$4*216*24*60*CH11/9000000 -> 0 | CL11: =CM$3*CM$4*216*24*60*CK11/9000000 -> 0 | CO11: =CP$3*CP$4*216*24*60*CN11/9000000 -> 0 | CR11: =CS$3*CS$4*216*24*60*CQ11/9000000 -> 0 | CU11: =CV$3*CV$4*216*24*60*CT11/9000000 -> 0 | CX11: =B11+E11+H11+K11+N11+Q11+T11+W11+Z11+AC11+AF11+AI11+AL11+AO11+AR11+AU11+AX11+BA11+BD11+BG11+BJ11+BM11+BP11+BS11+BV11+BY11+CB11+CE11+CH11+CK11+CN11+CQ11+CT11 -> 0
A12: 7 | C12: =D$3*D$4*216*24*60*B12/9000000 -> 0 | F12: =G$3*G$4*216*24*60*E12/9000000 -> 0 | I12: =J$3*J$4*216*24*60*H12/9000000 -> 0 | L12: =M$3*M$4*216*24*60*K12/9000000 -> 0 | O12: =P$3*P$4*216*24*60*N12/9000000 -> 0 | R12: =S$3*S$4*216*24*60*Q12/9000000 -> 0 | U12: =V$3*V$4*216*24*60*T12/9000000 -> 0 | X12: =Y$3*Y$4*216*24*60*W12/9000000 -> 0 | AA12: =AB$3*AB$4*216*24*60*Z12/9000000 -> 0 | AD12: =AE$3*AE$4*216*24*60*AC12/9000000 -> 0 | AG12: =AH$3*AH$4*216*24*60*AF12/9000000 -> 0 | AJ12: =AK$3*AK$4*216*24*60*AI12/9000000 -> 0 | AM12: =AN$3*AN$4*216*24*60*AL12/9000000 -> 0 | AP12: =AQ$3*AQ$4*216*24*60*AO12/9000000 -> 0 | AS12: =AT$3*AT$4*216*24*60*AR12/9000000 -> 0 | AV12: =AW$3*AW$4*216*24*60*AU12/9000000 -> 0 | AY12: =AZ$3*AZ$4*216*24*60*AX12/9000000 -> 0 | BB12: =BC$3*BC$4*216*24*60*BA12/9000000 -> 0 | BE12: =BF$3*BF$4*216*24*60*BD12/9000000 -> 0 | BH12: =BI$3*BI$4*216*24*60*BG12/9000000 -> 0 | BK12: =BL$3*BL$4*216*24*60*BJ12/9000000 -> 0 | BN12: =BO$3*BO$4*216*24*60*BM12/9000000 -> 0 | BQ12: =BR$3*BR$4*216*24*60*BP12/9000000 -> 0 | BT12: =BU$3*BU$4*216*24*60*BS12/9000000 -> 0 | BW12: =BX$3*BX$4*216*24*60*BV12/9000000 -> 0 | BZ12: =CA$3*CA$4*216*24*60*BY12/9000000 -> 0 | CC12: =CD$3*CD$4*216*24*60*CB12/9000000 -> 0 | CF12: =CG$3*CG$4*216*24*60*CE12/9000000 -> 0 | CI12: =CJ$3*CJ$4*216*24*60*CH12/9000000 -> 0 | CL12: =CM$3*CM$4*216*24*60*CK12/9000000 -> 0 | CO12: =CP$3*CP$4*216*24*60*CN12/9000000 -> 0 | CR12: =CS$3*CS$4*216*24*60*CQ12/9000000 -> 0 | CU12: =CV$3*CV$4*216*24*60*CT12/9000000 -> 0 | CX12: =B12+E12+H12+K12+N12+Q12+T12+W12+Z12+AC12+AF12+AI12+AL12+AO12+AR12+AU12+AX12+BA12+BD12+BG12+BJ12+BM12+BP12+BS12+BV12+BY12+CB12+CE12+CH12+CK12+CN12+CQ12+CT12 -> 0
A13: 8 | C13: =D$3*D$4*216*24*60*B13/9000000 -> 0 | F13: =G$3*G$4*216*24*60*E13/9000000 -> 0 | I13: =J$3*J$4*216*24*60*H13/9000000 -> 0 | L13: =M$3*M$4*216*24*60*K13/9000000 -> 0 | O13: =P$3*P$4*216*24*60*N13/9000000 -> 0 | R13: =S$3*S$4*216*24*60*Q13/9000000 -> 0 | U13: =V$3*V$4*216*24*60*T13/9000000 -> 0 | X13: =Y$3*Y$4*216*24*60*W13/9000000 -> 0 | AA13: =AB$3*AB$4*216*24*60*Z13/9000000 -> 0 | AD13: =AE$3*AE$4*216*24*60*AC13/9000000 -> 0 | AG13: =AH$3*AH$4*216*24*60*AF13/9000000 -> 0 | AJ13: =AK$3*AK$4*216*24*60*AI13/9000000 -> 0 | AM13: =AN$3*AN$4*216*24*60*AL13/9000000 -> 0 | AP13: =AQ$3*AQ$4*216*24*60*AO13/9000000 -> 0 | AS13: =AT$3*AT$4*216*24*60*AR13/9000000 -> 0 | AV13: =AW$3*AW$4*216*24*60*AU13/9000000 -> 0 | AY13: =AZ$3*AZ$4*216*24*60*AX13/9000000 -> 0 | BB13: =BC$3*BC$4*216*24*60*BA13/9000000 -> 0 | BE13: =BF$3*BF$4*216*24*60*BD13/9000000 -> 0 | BH13: =BI$3*BI$4*216*24*60*BG13/9000000 -> 0 | BK13: =BL$3*BL$4*216*24*60*BJ13/9000000 -> 0 | BN13: =BO$3*BO$4*216*24*60*BM13/9000000 -> 0 | BQ13: =BR$3*BR$4*216*24*60*BP13/9000000 -> 0 | BT13: =BU$3*BU$4*216*24*60*BS13/9000000 -> 0 | BW13: =BX$3*BX$4*216*24*60*BV13/9000000 -> 0 | BZ13: =CA$3*CA$4*216*24*60*BY13/9000000 -> 0 | CC13: =CD$3*CD$4*216*24*60*CB13/9000000 -> 0 | CF13: =CG$3*CG$4*216*24*60*CE13/9000000 -> 0 | CI13: =CJ$3*CJ$4*216*24*60*CH13/9000000 -> 0 | CL13: =CM$3*CM$4*216*24*60*CK13/9000000 -> 0 | CO13: =CP$3*CP$4*216*24*60*CN13/9000000 -> 0 | CR13: =CS$3*CS$4*216*24*60*CQ13/9000000 -> 0 | CU13: =CV$3*CV$4*216*24*60*CT13/9000000 -> 0 | CX13: =B13+E13+H13+K13+N13+Q13+T13+W13+Z13+AC13+AF13+AI13+AL13+AO13+AR13+AU13+AX13+BA13+BD13+BG13+BJ13+BM13+BP13+BS13+BV13+BY13+CB13+CE13+CH13+CK13+CN13+CQ13+CT13 -> 0
A14: 9 | C14: =D$3*D$4*216*24*60*B14/9000000 -> 0 | F14: =G$3*G$4*216*24*60*E14/9000000 -> 0 | I14: =J$3*J$4*216*24*60*H14/9000000 -> 0 | L14: =M$3*M$4*216*24*60*K14/9000000 -> 0 | O14: =P$3*P$4*216*24*60*N14/9000000 -> 0 | R14: =S$3*S$4*216*24*60*Q14/9000000 -> 0 | U14: =V$3*V$4*216*24*60*T14/9000000 -> 0 | X14: =Y$3*Y$4*216*24*60*W14/9000000 -> 0 | AA14: =AB$3*AB$4*216*24*60*Z14/9000000 -> 0 | AD14: =AE$3*AE$4*216*24*60*AC14/9000000 -> 0 | AG14: =AH$3*AH$4*216*24*60*AF14/9000000 -> 0 | AJ14: =AK$3*AK$4*216*24*60*AI14/9000000 -> 0 | AM14: =AN$3*AN$4*216*24*60*AL14/9000000 -> 0 | AP14: =AQ$3*AQ$4*216*24*60*AO14/9000000 -> 0 | AS14: =AT$3*AT$4*216*24*60*AR14/9000000 -> 0 | AV14: =AW$3*AW$4*216*24*60*AU14/9000000 -> 0 | AY14: =AZ$3*AZ$4*216*24*60*AX14/9000000 -> 0 | BB14: =BC$3*BC$4*216*24*60*BA14/9000000 -> 0 | BE14: =BF$3*BF$4*216*24*60*BD14/9000000 -> 0 | BH14: =BI$3*BI$4*216*24*60*BG14/9000000 -> 0 | BK14: =BL$3*BL$4*216*24*60*BJ14/9000000 -> 0 | BN14: =BO$3*BO$4*216*24*60*BM14/9000000 -> 0 | BQ14: =BR$3*BR$4*216*24*60*BP14/9000000 -> 0 | BT14: =BU$3*BU$4*216*24*60*BS14/9000000 -> 0 | BW14: =BX$3*BX$4*216*24*60*BV14/9000000 -> 0 | BZ14: =CA$3*CA$4*216*24*60*BY14/9000000 -> 0 | CC14: =CD$3*CD$4*216*24*60*CB14/9000000 -> 0 | CF14: =CG$3*CG$4*216*24*60*CE14/9000000 -> 0 | CI14: =CJ$3*CJ$4*216*24*60*CH14/9000000 -> 0 | CL14: =CM$3*CM$4*216*24*60*CK14/9000000 -> 0 | CO14: =CP$3*CP$4*216*24*60*CN14/9000000 -> 0 | CR14: =CS$3*CS$4*216*24*60*CQ14/9000000 -> 0 | CU14: =CV$3*CV$4*216*24*60*CT14/9000000 -> 0 | CX14: =B14+E14+H14+K14+N14+Q14+T14+W14+Z14+AC14+AF14+AI14+AL14+AO14+AR14+AU14+AX14+BA14+BD14+BG14+BJ14+BM14+BP14+BS14+BV14+BY14+CB14+CE14+CH14+CK14+CN14+CQ14+CT14 -> 0
A15: 10 | C15: =D$3*D$4*216*24*60*B15/9000000 -> 0 | F15: =G$3*G$4*216*24*60*E15/9000000 -> 0 | I15: =J$3*J$4*216*24*60*H15/9000000 -> 0 | L15: =M$3*M$4*216*24*60*K15/9000000 -> 0 | O15: =P$3*P$4*216*24*60*N15/9000000 -> 0 | R15: =S$3*S$4*216*24*60*Q15/9000000 -> 0 | U15: =V$3*V$4*216*24*60*T15/9000000 -> 0 | X15: =Y$3*Y$4*216*24*60*W15/9000000 -> 0 | AA15: =AB$3*AB$4*216*24*60*Z15/9000000 -> 0 | AD15: =AE$3*AE$4*216*24*60*AC15/9000000 -> 0 | AG15: =AH$3*AH$4*216*24*60*AF15/9000000 -> 0 | AJ15: =AK$3*AK$4*216*24*60*AI15/9000000 -> 0 | AM15: =AN$3*AN$4*216*24*60*AL15/9000000 -> 0 | AP15: =AQ$3*AQ$4*216*24*60*AO15/9000000 -> 0 | AS15: =AT$3*AT$4*216*24*60*AR15/9000000 -> 0 | AV15: =AW$3*AW$4*216*24*60*AU15/9000000 -> 0 | AY15: =AZ$3*AZ$4*216*24*60*AX15/9000000 -> 0 | BB15: =BC$3*BC$4*216*24*60*BA15/9000000 -> 0 | BE15: =BF$3*BF$4*216*24*60*BD15/9000000 -> 0 | BH15: =BI$3*BI$4*216*24*60*BG15/9000000 -> 0 | BK15: =BL$3*BL$4*216*24*60*BJ15/9000000 -> 0 | BN15: =BO$3*BO$4*216*24*60*BM15/9000000 -> 0 | BQ15: =BR$3*BR$4*216*24*60*BP15/9000000 -> 0 | BT15: =BU$3*BU$4*216*24*60*BS15/9000000 -> 0 | BW15: =BX$3*BX$4*216*24*60*BV15/9000000 -> 0 | BZ15: =CA$3*CA$4*216*24*60*BY15/9000000 -> 0 | CC15: =CD$3*CD$4*216*24*60*CB15/9000000 -> 0 | CF15: =CG$3*CG$4*216*24*60*CE15/9000000 -> 0 | CI15: =CJ$3*CJ$4*216*24*60*CH15/9000000 -> 0 | CL15: =CM$3*CM$4*216*24*60*CK15/9000000 -> 0 | CO15: =CP$3*CP$4*216*24*60*CN15/9000000 -> 0 | CR15: =CS$3*CS$4*216*24*60*CQ15/9000000 -> 0 | CU15: =CV$3*CV$4*216*24*60*CT15/9000000 -> 0 | CX15: =B15+E15+H15+K15+N15+Q15+T15+W15+Z15+AC15+AF15+AI15+AL15+AO15+AR15+AU15+AX15+BA15+BD15+BG15+BJ15+BM15+BP15+BS15+BV15+BY15+CB15+CE15+CH15+CK15+CN15+CQ15+CT15 -> 0
A16: 11 | C16: =D$3*D$4*216*24*60*B16/9000000 -> 0 | F16: =G$3*G$4*216*24*60*E16/9000000 -> 0 | I16: =J$3*J$4*216*24*60*H16/9000000 -> 0 | L16: =M$3*M$4*216*24*60*K16/9000000 -> 0 | O16: =P$3*P$4*216*24*60*N16/9000000 -> 0 | R16: =S$3*S$4*216*24*60*Q16/9000000 -> 0 | U16: =V$3*V$4*216*24*60*T16/9000000 -> 0 | X16: =Y$3*Y$4*216*24*60*W16/9000000 -> 0 | AA16: =AB$3*AB$4*216*24*60*Z16/9000000 -> 0 | AD16: =AE$3*AE$4*216*24*60*AC16/9000000 -> 0 | AG16: =AH$3*AH$4*216*24*60*AF16/9000000 -> 0 | AJ16: =AK$3*AK$4*216*24*60*AI16/9000000 -> 0 | AM16: =AN$3*AN$4*216*24*60*AL16/9000000 -> 0 | AP16: =AQ$3*AQ$4*216*24*60*AO16/9000000 -> 0 | AS16: =AT$3*AT$4*216*24*60*AR16/9000000 -> 0 | AV16: =AW$3*AW$4*216*24*60*AU16/9000000 -> 0 | AY16: =AZ$3*AZ$4*216*24*60*AX16/9000000 -> 0 | BB16: =BC$3*BC$4*216*24*60*BA16/9000000 -> 0 | BE16: =BF$3*BF$4*216*24*60*BD16/9000000 -> 0 | BH16: =BI$3*BI$4*216*24*60*BG16/9000000 -> 0 | BK16: =BL$3*BL$4*216*24*60*BJ16/9000000 -> 0 | BN16: =BO$3*BO$4*216*24*60*BM16/9000000 -> 0 | BQ16: =BR$3*BR$4*216*24*60*BP16/9000000 -> 0 | BT16: =BU$3*BU$4*216*24*60*BS16/9000000 -> 0 | BW16: =BX$3*BX$4*216*24*60*BV16/9000000 -> 0 | BZ16: =CA$3*CA$4*216*24*60*BY16/9000000 -> 0 | CC16: =CD$3*CD$4*216*24*60*CB16/9000000 -> 0 | CF16: =CG$3*CG$4*216*24*60*CE16/9000000 -> 0 | CI16: =CJ$3*CJ$4*216*24*60*CH16/9000000 -> 0 | CL16: =CM$3*CM$4*216*24*60*CK16/9000000 -> 0 | CO16: =CP$3*CP$4*216*24*60*CN16/9000000 -> 0 | CR16: =CS$3*CS$4*216*24*60*CQ16/9000000 -> 0 | CU16: =CV$3*CV$4*216*24*60*CT16/9000000 -> 0 | CX16: =B16+E16+H16+K16+N16+Q16+T16+W16+Z16+AC16+AF16+AI16+AL16+AO16+AR16+AU16+AX16+BA16+BD16+BG16+BJ16+BM16+BP16+BS16+BV16+BY16+CB16+CE16+CH16+CK16+CN16+CQ16+CT16 -> 0
A17: 12 | C17: =D$3*D$4*216*24*60*B17/9000000 -> 0 | F17: =G$3*G$4*216*24*60*E17/9000000 -> 0 | I17: =J$3*J$4*216*24*60*H17/9000000 -> 0 | L17: =M$3*M$4*216*24*60*K17/9000000 -> 0 | O17: =P$3*P$4*216*24*60*N17/9000000 -> 0 | R17: =S$3*S$4*216*24*60*Q17/9000000 -> 0 | U17: =V$3*V$4*216*24*60*T17/9000000 -> 0 | X17: =Y$3*Y$4*216*24*60*W17/9000000 -> 0 | AA17: =AB$3*AB$4*216*24*60*Z17/9000000 -> 0 | AD17: =AE$3*AE$4*216*24*60*AC17/9000000 -> 0 | AG17: =AH$3*AH$4*216*24*60*AF17/9000000 -> 0 | AJ17: =AK$3*AK$4*216*24*60*AI17/9000000 -> 0 | AM17: =AN$3*AN$4*216*24*60*AL17/9000000 -> 0 | AP17: =AQ$3*AQ$4*216*24*60*AO17/9000000 -> 0 | AS17: =AT$3*AT$4*216*24*60*AR17/9000000 -> 0 | AV17: =AW$3*AW$4*216*24*60*AU17/9000000 -> 0 | AY17: =AZ$3*AZ$4*216*24*60*AX17/9000000 -> 0 | BB17: =BC$3*BC$4*216*24*60*BA17/9000000 -> 0 | BE17: =BF$3*BF$4*216*24*60*BD17/9000000 -> 0 | BH17: =BI$3*BI$4*216*24*60*BG17/9000000 -> 0 | BK17: =BL$3*BL$4*216*24*60*BJ17/9000000 -> 0 | BN17: =BO$3*BO$4*216*24*60*BM17/9000000 -> 0 | BQ17: =BR$3*BR$4*216*24*60*BP17/9000000 -> 0 | BT17: =BU$3*BU$4*216*24*60*BS17/9000000 -> 0 | BW17: =BX$3*BX$4*216*24*60*BV17/9000000 -> 0 | BZ17: =CA$3*CA$4*216*24*60*BY17/9000000 -> 0 | CC17: =CD$3*CD$4*216*24*60*CB17/9000000 -> 0 | CF17: =CG$3*CG$4*216*24*60*CE17/9000000 -> 0 | CI17: =CJ$3*CJ$4*216*24*60*CH17/9000000 -> 0 | CL17: =CM$3*CM$4*216*24*60*CK17/9000000 -> 0 | CO17: =CP$3*CP$4*216*24*60*CN17/9000000 -> 0 | CR17: =CS$3*CS$4*216*24*60*CQ17/9000000 -> 0 | CU17: =CV$3*CV$4*216*24*60*CT17/9000000 -> 0 | CX17: =B17+E17+H17+K17+N17+Q17+T17+W17+Z17+AC17+AF17+AI17+AL17+AO17+AR17+AU17+AX17+BA17+BD17+BG17+BJ17+BM17+BP17+BS17+BV17+BY17+CB17+CE17+CH17+CK17+CN17+CQ17+CT17 -> 0
... A36: 31 | C36: =D$3*D$4*216*24*60*B36/9000000 -> 0 | F36: =G$3*G$4*216*24*60*E36/9000000 -> 0 | I36: =J$3*J$4*216*24*60*H36/9000000 -> 0 | L36: =M$3*M$4*216*24*60*K36/9000000 -> 0 | O36: =P$3*P$4*216*24*60*N36/9000000 -> 0 | R36: =S$3*S$4*216*24*60*Q36/9000000 -> 0 | U36: =V$3*V$4*216*24*60*T36/9000000 -> 0 | X36: =Y$3*Y$4*216*24*60*W36/9000000 -> 0 | AA36: =AB$3*AB$4*216*24*60*Z36/9000000 -> 0 | AD36: =AE$3*AE$4*216*24*60*AC36/9000000 -> 0 | AG36: =AH$3*AH$4*216*24*60*AF36/9000000 -> 0 | AJ36: =AK$3*AK$4*216*24*60*AI36/9000000 -> 0 | AM36: =AN$3*AN$4*216*24*60*AL36/9000000 -> 0 | AP36: =AQ$3*AQ$4*216*24*60*AO36/9000000 -> 0 | AS36: =AT$3*AT$4*216*24*60*AR36/9000000 -> 0 | AV36: =AW$3*AW$4*216*24*60*AU36/9000000 -> 0 | AY36: =AZ$3*AZ$4*216*24*60*AX36/9000000 -> 0 | BB36: =BC$3*BC$4*216*24*60*BA36/9000000 -> 0 | BE36: =BF$3*BF$4*216*24*60*BD36/9000000 -> 0 | BH36: =BI$3*BI$4*216*24*60*BG36/9000000 -> 0 | BK36: =BL$3*BL$4*216*24*60*BJ36/9000000 -> 0 | BN36: =BO$3*BO$4*216*24*60*BM36/9000000 -> 0 | BQ36: =BR$3*BR$4*216*24*60*BP36/9000000 -> 0 | BT36: =BU$3*BU$4*216*24*60*BS36/9000000 -> 0 | BW36: =BX$3*BX$4*216*24*60*BV36/9000000 -> 0 | BZ36: =CA$3*CA$4*216*24*60*BY36/9000000 -> 0 | CC36: =CD$3*CD$4*216*24*60*CB36/9000000 -> 0 | CF36: =CG$3*CG$4*216*24*60*CE36/9000000 -> 0 | CI36: =CJ$3*CJ$4*216*24*60*CH36/9000000 -> 0 | CL36: =CM$3*CM$4*216*24*60*CK36/9000000 -> 0 | CO36: =CP$3*CP$4*216*24*60*CN36/9000000 -> 0 | CR36: =CS$3*CS$4*216*24*60*CQ36/9000000 -> 0 | CU36: =CV$3*CV$4*216*24*60*CT36/9000000 -> 0 | CX36: =B36+E36+H36+K36+N36+Q36+T36+W36+Z36+AC36+AF36+AI36+AL36+AO36+AR36+AU36+AX36+BA36+BD36+BG36+BJ36+BM36+BP36+BS36+BV36+BY36+CB36+CE36+CH36+CK36+CN36+CQ36+CT36 -> 0
B37: =IF(B6="",0,AVERAGE(B6:B36)) -> 0 | C37: =SUM(C6:C36) -> 0 | D37: =SUM(D6:D36) -> 0 | E37: =IF(E6="",0,AVERAGE(E6:E36)) -> 0 | F37: =SUM(F6:F36) -> 0 | G37: =SUM(G6:G36) -> 0 | H37: =IF(H6="",0,AVERAGE(H6:H36)) -> 0 | I37: =SUM(I6:I36) -> 0 | J37: =SUM(J6:J36) -> 0 | K37: =IF(K6="",0,AVERAGE(K6:K36)) -> 0 | L37: =SUM(L6:L36) -> 0 | M37: =SUM(M6:M36) -> 0 | N37: =IF(N6="",0,AVERAGE(N6:N36)) -> 0 | O37: =SUM(O6:O36) -> 0 | P37: =SUM(P6:P36) -> 0 | Q37: =IF(Q6="",0,AVERAGE(Q6:Q36)) -> 0 | R37: =SUM(R6:R36) -> 0 | S37: =SUM(S6:S36) -> 0 | T37: 0 | U37: =SUM(U6:U36) -> 0 | V37: =SUM(V6:V36) -> 0 | W37: =IF(W6="",0,AVERAGE(W6:W36)) -> 0 | X37: =SUM(X6:X36) -> 0 | Y37: =SUM(Y6:Y36) -> 0 | Z37: =IF(Z6="",0,AVERAGE(Z6:Z36)) -> 0 | AA37: =SUM(AA6:AA36) -> 0 | AB37: =SUM(AB6:AB36) -> 0 | AC37: =IF(AC6="",0,AVERAGE(AC6:AC36)) -> 0 | AD37: =SUM(AD6:AD36) -> 0 | AE37: =SUM(AE6:AE36) -> 0 | AF37: =IF(AF6="",0,AVERAGE(AF6:AF36)) -> 0 | AG37: =SUM(AG6:AG36) -> 0 | AH37: =SUM(AH6:AH36) -> 0 | AI37: =IF(AI6="",0,AVERAGE(AI6:AI36)) -> 0 | AJ37: =SUM(AJ6:AJ36) -> 0 | AK37: =SUM(AK6:AK36) -> 0 | AL37: =IF(AL6="",0,AVERAGE(AL6:AL36)) -> 0 | AM37: =SUM(AM6:AM36) -> 0 | AN37: =SUM(AN6:AN36) -> 0 | AO37: =IF(AO6="",0,AVERAGE(AO6:AO36)) -> 0 | AP37: =SUM(AP6:AP36) -> 0 | AQ37: =SUM(AQ6:AQ36) -> 0 | AR37: =IF(AR6="",0,AVERAGE(AR6:AR36)) -> 0 | AS37: =SUM(AS6:AS36) -> 0 | AT37: =SUM(AT6:AT36) -> 0 | AU37: =IF(AU6="",0,AVERAGE(AU6:AU36)) -> 0 | AV37: =SUM(AV6:AV36) -> 0 | AW37: =SUM(AW6:AW36) -> 0 | AX37: =IF(AX6="",0,AVERAGE(AX6:AX36)) -> 0 | AY37: =SUM(AY6:AY36) -> 0 | AZ37: =SUM(AZ6:AZ36) -> 0 | BA37: =IF(BA6="",0,AVERAGE(BA6:BA36)) -> 0 | BB37: =SUM(BB6:BB36) -> 0 | BC37: =SUM(BC6:BC36) -> 0 | BD37: =IF(BD6="",0,AVERAGE(BD6:BD36)) -> 0 | BE37: =SUM(BE6:BE36) -> 0 | BF37: =SUM(BF6:BF36) -> 0 | BG37: =IF(BG6="",0,AVERAGE(BG6:BG36)) -> 0 | BH37: =SUM(BH6:BH36) -> 0 | BI37: =SUM(BI6:BI36) -> 0 | BJ37: =IF(BJ6="",0,AVERAGE(BJ6:BJ36)) -> 0 | BK37: =SUM(BK6:BK36) -> 0 | BL37: =SUM(BL6:BL36) -> 0 | BM37: =IF(BM6="",0,AVERAGE(BM6:BM36)) -> 0 | BN37: =SUM(BN6:BN36) -> 0 | BO37: =SUM(BO6:BO36)-BO41 -> 0 | BP37: =IF(BP6="",0,AVERAGE(BP6:BP36)) -> 0 | BQ37: =SUM(BQ6:BQ36) -> 0 | BR37: =SUM(BR6:BR36)-BR41 -> 0 | BS37: =IF(BS6="",0,AVERAGE(BS6:BS36)) -> 0 | BT37: =SUM(BT6:BT36) -> 0 | BU37: =SUM(BU6:BU36)-BU41 -> 0 | BV37: =IF(BV6="",0,AVERAGE(BV6:BV36)) -> 0 | BW37: =SUM(BW6:BW36) -> 0 | BX37: =SUM(BX6:BX36) -> 0 | BY37: =IF(BY6="",0,AVERAGE(BY6:BY36)) -> 0 | BZ37: =SUM(BZ6:BZ36) -> 0 | CA37: =SUM(CA6:CA36) -> 0 | CB37: =IF(CB6="",0,AVERAGE(CB6:CB36)) -> 0 | CC37: =SUM(CC6:CC36) -> 0 | CD37: =SUM(CD6:CD36) -> 0 | CE37: =IF(CE6="",0,AVERAGE(CE6:CE36)) -> 0 | CF37: =SUM(CF6:CF36) -> 0 | CG37: =SUM(CG6:CG36) -> 0 | CH37: =IF(CH6="",0,AVERAGE(CH6:CH36)) -> 0 | CI37: =SUM(CI6:CI36) -> 0 | CJ37: =SUM(CJ6:CJ36) -> 0 | CK37: =IF(CK6="",0,AVERAGE(CK6:CK36)) -> 0 | CL37: =SUM(CL6:CL36) -> 0 | CM37: =SUM(CM6:CM36) -> 0 | CN37: =IF(CN6="",0,AVERAGE(CN6:CN36)) -> 0 | CO37: =SUM(CO6:CO36) -> 0 | CP37: =SUM(CP6:CP36) -> 0 | CQ37: =IF(CQ6="",0,AVERAGE(CQ6:CQ36)) -> 0 | CR37: =SUM(CR6:CR36) -> 0 | CS37: =SUM(CS6:CS36) -> 0 | CT37: =IF(CT6="",0,AVERAGE(CT6:CT36)) -> 0 | CU37: =SUM(CU6:CU36) -> 0 | CV37: =SUM(CV6:CV36) -> 0 | CX37: =B37+E37+H37+K37+N37+Q37+T37+W37+Z37+AC37+AF37+AI37+AL37+AO37+AR37+AU37+AX37+BA37+BD37+BG37+BJ37+BM37+BP37+BS37+BV37+BY37+CB37+CE37+CH37+CK37+CN37+CQ37+CT37 -> 0
B41: =B38-B39-B60 -> 0 | E41: =E38-E39-E60 -> 0 | H41: =H38-H39-H60 -> 0 | K41: =K38-K39-K60 -> 0 | N41: =N38-N39-N60 -> 0 | Q41: =Q38-Q39-Q60 -> 0 | T41: =T38-T39-T60 -> 0 | W41: =W38-W39-W60 -> 0 | Z41: =Z38-Z39-Z60 -> 0 | AC41: =AC38-AC39-AC60 -> 0 | AF41: =AF38-AF39-AF60 -> 0 | AI41: =AI38-AI39-AI60 -> 0 | AL41: =AL38-AL39-AL60 -> 0 | AO41: =AO38-AO39-AO60 -> 0 | AR41: =AR38-AR39-AR60 -> 0 | AU41: =AU38-AU39-AU60 -> 0 | AX41: =AX38-AX39-AX60 -> 0 | BA41: =BA38-BA39-BA60 -> 0 | BD41: =BD38-BD39-BD60 -> 0 | BG41: =BG38-BG39-BG60 -> 0 | BJ41: =BJ38-BJ39-BJ60 -> 0 | BM41: =BM38-BM39-BM60 -> 0 | BP41: =BP38-BP39-BP60 -> 0 | BS41: =BS38-BS39-BS60 -> 0 | BV41: =BV38-BV39-BV60 -> 0 | BY41: =BY38-BY39-BY60 -> 0 | CB41: =CB38-CB39-CB60 -> 0 | CE41: =CE38-CE39-CE60 -> 0 | CH41: =CH38-CH39-CH60 -> 0 | CK41: =CK38-CK39-CK60 -> 0 | CN41: =CN38-CN39-CN60 -> 0 | CQ41: =CQ38-CQ39-CQ60 -> 0 | CT41: =CT38-CT39-CT60 -> 0
A45: 退庫 | B45: A+Aw | C45: Ao+Ax | D45: B | E45: A+Aw | F45: Ao+Ax | G45: B | H45: A+Aw | I45: Ao+Ax | J45: B | K45: A+Aw | L45: Ao+Ax | M45: B | N45: A+Aw | O45: Ao+Ax | P45: B | Q45: A+Aw | R45: Ao+Ax | S45: B | T45: A+Aw | U45: Ao+Ax | V45: B | W45: A+Aw | X45: Ao+Ax | Y45: B | Z45: A+Aw | AA45: Ao+Ax | AB45: B | AC45: A+Aw | AD45: Ao+Ax | AE45: B | AF45: A+Aw | AG45: Ao+Ax | AH45: B | AI45: A+Aw | AJ45: Ao+Ax | AK45: B | AL45: A+Aw | AM45: Ao+Ax | AN45: B | AO45: A+Aw | AP45: Ao+Ax | AQ45: B | AR45: A+Aw | AS45: Ao+Ax | AT45: B | AU45: A+Aw | AV45: Ao+Ax | AW45: B | AX45: A+Aw | AY45: Ao+Ax | AZ45: B | BA45: A+Aw | BB45: Ao+Ax | BC45: B | BD45: A+Aw | BE45: Ao+Ax | BF45: B | BG45: A+Aw | BH45: Ao+Ax | BI45: B | BJ45: A+Aw | BK45: Ao+Ax | BL45: B | BM45: A+Aw | BN45: Ao+Ax | BO45: B | BP45: A+Aw | BQ45: Ao+Ax | BR45: B | BS45: A+Aw | BT45: Ao+Ax | BU45: B | BV45: A+Aw | BW45: Ao+Ax | BX45: B | BY45: A+Aw | BZ45: Ao+Ax | CA45: B | CB45: A+Aw | CC45: Ao+Ax | CD45: B | CE45: A+Aw | CF45: Ao+Ax | CG45: B | CH45: A+Aw | CI45: Ao+Ax | CJ45: B | CK45: A+Aw | CL45: Ao+Ax | CM45: B | CN45: A+Aw | CO45: Ao+Ax | CP45: B | CQ45: A+Aw | CR45: Ao+Ax | CS45: B | CT45: A+Aw | CU45: Ao+Ax | CV45: B
B60: =SUM(B46:B59) -> 0 | C60: =SUM(C46:C59) -> 0 | D60: =SUM(D46:D59) -> 0 | E60: =SUM(E46:E59) -> 0 | F60: =SUM(F46:F59) -> 0 | G60: =SUM(G46:G59) -> 0 | H60: =SUM(H46:H59) -> 0 | I60: =SUM(I46:I59) -> 0 | ... CV60: =SUM(CV46:CV59) -> 0
B61: =SUM(B60:D60) -> 0 | E61: =SUM(E60:G60) -> 0 | H61: =SUM(H60:J60) -> 0 | K61: =SUM(K60:M60) -> 0 | N61: =SUM(N60:P60) -> 0 | Q61: =SUM(Q60:S60) -> 0 | T61: =SUM(T60:V60) -> 0 | W61: =SUM(W60:Y60) -> 0 | Z61: =SUM(Z60:AB60) -> 0 | AC61: =SUM(AC60:AE60) -> 0 | AF61: =SUM(AF60:AH60) -> 0 | AI61: =SUM(AI60:AK60) -> 0 | AL61: =SUM(AL60:AN60) -> 0 | AO61: =SUM(AO60:AQ60) -> 0 | AR61: =SUM(AR60:AT60) -> 0 | AU61: =SUM(AU60:AW60) -> 0 | AX61: =SUM(AX60:AZ60) -> 0 | BA61: =SUM(BA60:BC60) -> 0 | BD61: =SUM(BD60:BF60) -> 0 | BG61: =SUM(BG60:BI60) -> 0 | BJ61: =SUM(BJ60:BL60) -> 0 | BM61: =SUM(BM60:BO60) -> 0 | BP61: =SUM(BP60:BR60) -> 0 | BS61: =SUM(BS60:BU60) -> 0 | BV61: =SUM(BV60:BX60) -> 0 | BY61: =SUM(BY60:CA60) -> 0 | CB61: =SUM(CB60:CD60) -> 0 | CE61: =SUM(CE60:CG60) -> 0 | CH61: =SUM(CH60:CJ60) -> 0 | CK61: =SUM(CK60:CM60) -> 0 | CN61: =SUM(CN60:CP60) -> 0 | CQ61: =SUM(CQ60:CS60) -> 0 | CT61: =SUM(CT60:CV60) -> 0
B62: =SUM(B61:CV61) -> 0

Sheet AFK
A1: 自2010/11起原絲丹尼÷DR再×1.8% | H1: 侯主任指示：2025/12起，AFK & MPS機型併股紗，「台數」用實際值，「丹尼」用規格(不併股)，例：75/24/2SD→用75 | N1: 侯主任指示：2025/12起，AFK & MPS機型併股紗，「台數」用實際值，「丹尼」用規格(不併股)，例：75/24/2SD→用75 | GM1: ='實驗紗&非當月生產'!P2 -> 886641
B2: 4 | E2: 5 | H2: 6 | K2: 7 | N2: 8 | Q2: 9 | T2: 10 | W2: 11 | Z2: 12 | AC2: 13 | AF2: 14 | AI2: 15 | AL2: 16 | AO2: 17 | AR2: 18 | AU2: 19 | AX2: 20 | BA2: 21 | BD2: 22 | BG2: 23 | BJ2: 24 | BM2: 25 | BP2: 26 | BS2: 27 | BV2: 28 | BY2: 29 | CB2: 30 | CE2: 31 | CH2: 32 | CK2: 33 | CN2: 34 | CQ2: 35 | CT2: 36 | CW2: 37 | CZ2: 38 | DC2: 39 | DF2: 40 | DI2: 41 | DL2: 42 | DO2: 43 | DR2: 44 | DU2: 45 | DX2: 46 | EA2: 47 | ED2: 48 | EG2: 49 | EJ2: 50 | EM2: 51 | EP2: 52 | ES2: 53 | EV2: 54 | EY2: 55 | FB2: 56 | FE2: 57 | FH2: 58 | FK2: 59 | FN2: 60 | FQ2: 61 | FT2: 62 | FW2: 63 | FZ2: 64 | GC2: 65 | GF2: 66 | GI2: 67
A3: Lot no. | B3: 2F08R2 | D3: 48 | E3: 2F08S2 | G3: 46 | H3: 2F08T2 | K3: 2FA062 | M3: 70 | N3: 2FA072 | P3: 70 | Q3: 2FA092 | T3: 2F43P2 | V3: 143 | W3: 2F43R2 | Y3: 71 | Z3: 2F43S2 | AB3: 142 | AC3: 2F6IQ2 | AE3: 142 | AF3: 2F7E22 | AH3: 155 | AI3: 2F7E31 | AK3: 305
A4: Speed | B4: 50/72BSD3 | D4: 630 | E4: 50/36SDr | G4: 575 | H4: 50/72F2FC | K4: 75/72SRR5 | M4: 600 | N4: 75/72SRR5 | P4: 600 | Q4: 75/72F2FC | T4: 150/48CDR | V4: 600 | W4: 75/72/2SDr | Y4: 600 | Z4: 150/48SDr | AB4: 650 | AC4: 150/48/2CE | AE4: 550 | AF4: 165/48SR6 | AH4: 600 | AI4: 165/48/2SR6 | AK4: 550
A5: Date | B5: 台數 | C5: 理論 | D5: 實際 | E5: 台數 | F5: 理論 | G5: 實際 | H5: 台數 | I5: 理論 | J5: 實際 | K5: 台數 | L5: 理論 | M5: 實際 | N5: 台數 | O5: 理論 | P5: 實際 | Q5: 台數 | R5: 理論 | S5: 實際 | T5: 台數 | U5: 理論 | V5: 實際 | W5: 台數 | X5: 理論 | Y5: 實際 | Z5: 台數 | AA5: 理論 | AB5: 實際 | AC5: 台數 | AD5: 理論 | AE5: 實際 | AF5: 台數 | AG5: 理論 | AH5: 實際 | AI5: 台數 | AJ5: 理論 | AK5: 實際 | AL5: 台數 | AM5: 理論 | AN5: 實際 | AO5: 台數 | AP5: 理論 | AQ5: 實際 | AR5: 台數 | AS5: 理論 | AT5: 實際 | AU5: 台數 | AV5: 理論 | AW5: 實際 | AX5: 台數 | AY5: 理論 | AZ5: 實際 | BA5: 台數 | BB5: 理論 | BC5: 實際 | BD5: 台數 | BE5: 理論 | BF5: 實際 | BG5: 台數 | BH5: 理論 | BI5: 實際 | BJ5: 台數 | BK5: 理論 | BL5: 實際 | BM5: 台數 | BN5: 理論 | BO5: 實際 | BP5: 台數 | BQ5: 理論 | BR5: 實際 | BS5: 台數 | BT5: 理論 | BU5: 實際 | BV5: 台數 | BW5: 理論 | BX5: 實際 | BY5: 台數 | BZ5: 理論 | CA5: 實際 | CB5: 台數 | CC5: 理論 | CD5: 實際 | CE5: 台數 | CF5: 理論 | CG5: 實際 | CH5: 台數 | CI5: 理論 | CJ5: 實際 | CK5: 台數 | CL5: 理論 | CM5: 實際 | CN5: 台數 | CO5: 理論 | CP5: 實際 | CQ5: 台數 | CR5: 理論 | CS5: 實際 | CT5: 台數 | CU5: 理論 | CV5: 實際 | CW5: 台數 | CX5: 理論 | CY5: 實際 | CZ5: 台數 | DA5: 理論 | DB5: 實際 | DC5: 台數 | DD5: 理論 | DE5: 實際 | DF5: 台數 | DG5: 理論 | DH5: 實際 | DI5: 台數 | DJ5: 理論 | DK5: 實際 | DL5: 台數 | DM5: 理論 | DN5: 實際 | DO5: 台數 | DP5: 理論 | DQ5: 實際 | DR5: 台數 | DS5: 理論 | DT5: 實際 | DU5: 台數 | DV5: 理論 | DW5: 實際 | DX5: 台數 | DY5: 理論 | DZ5: 實際 | EA5: 台數 | EB5: 理論 | EC5: 實際 | ED5: 台數 | EE5: 理論 | EF5: 實際 | EG5: 台數 | EH5: 理論 | EI5: 實際 | EJ5: 台數 | EK5: 理論 | EL5: 實際 | EM5: 台數 | EN5: 理論 | EO5: 實際 | EP5: 台數 | EQ5: 理論 | ER5: 實際 | ES5: 台數 | ET5: 理論 | EU5: 實際 | EV5: 台數 | EW5: 理論 | EX5: 實際 | EY5: 台數 | EZ5: 理論 | FA5: 實際 | FB5: 台數 | FC5: 理論 | FD5: 實際 | FE5: 台數 | FF5: 理論 | FG5: 實際 | FH5: 台數 | FI5: 理論 | FJ5: 實際 | FK5: 台數 | FL5: 理論 | FM5: 實際 | FN5: 台數 | FO5: 理論 | FP5: 實際 | FQ5: 台數 | FR5: 理論 | FS5: 實際 | FT5: 台數 | FU5: 理論 | FV5: 實際 | FW5: 台數 | FX5: 理論 | FY5: 實際 | FZ5: 台數 | GA5: 理論 | GB5: 實際 | GC5: 台數 | GD5: 理論 | GE5: 實際 | GF5: 台數 | GG5: 理論 | GH5: 實際 | GI5: 台數 | GJ5: 理論 | GK5: 實際 | GM5: 全部開車台數
A6: 1 | B6: 1 | C6: =D$3*D$4*216*24*60*B6/9000000 -> 1045.0944 | E6: 0 | F6: =G$3*G$4*216*24*60*E6/9000000 -> 0 | I6: =J$3*J$4*216*24*60*H6/9000000 -> 0 | K6: 1 | L6: =M$3*M$4*216*24*60*K6/9000000 -> 1451.52 | N6: 0 | O6: =P$3*P$4*216*24*60*N6/9000000 -> 0 | R6: =S$3*S$4*216*24*60*Q6/9000000 -> 0 | T6: 1 | U6: =V$3*V$4*216*24*60*T6/9000000 -> 2965.248 | W6: 0 | X6: =Y$3*Y$4*216*24*60*W6/9000000 -> 0 | Z6: 0 | AA6: =AB$3*AB$4*216*24*60*Z6/9000000 -> 0 | AC6: 0 | AD6: =AE$3*AE$4*216*24*60*AC6/9000000 -> 0 | AF6: 0 | AG6: =AH$3*AH$4*216*24*60*AF6/9000000 -> 0 | AI6: 0 | AJ6: =AK$3*AK$4*216*24*60*AI6/9000000 -> 0 | AM6: =AN$3*AN$4*216*24*60*AL6/9000000 -> 0 | AP6: =AQ$3*AQ$4*216*24*60*AO6/9000000 -> 0 | AS6: =AT$3*AT$4*216*24*60*AR6/9000000 -> 0 | AV6: =AW$3*AW$4*216*24*60*AU6/9000000 -> 0 | AY6: =AZ$3*AZ$4*216*24*60*AX6/9000000 -> 0 | BB6: =BC$3*BC$4*216*24*60*BA6/9000000 -> 0 | BE6: =BF$3*BF$4*216*24*60*BD6/9000000 -> 0 | BH6: =BI$3*BI$4*216*24*60*BG6/9000000 -> 0 | BK6: =BL$3*BL$4*216*24*60*BJ6/9000000 -> 0 | BN6: =BO$3*BO$4*216*24*60*BM6/9000000 -> 0 | BQ6: =BR$3*BR$4*216*24*60*BP6/9000000 -> 0 | BT6: =BU$3*BU$4*216*24*60*BS6/9000000 -> 0 | BW6: =BX$3*BX$4*216*24*60*BV6/9000000 -> 0 | BZ6: =CA$3*CA$4*216*24*60*BY6/9000000 -> 0 | CC6: =CD$3*CD$4*216*24*60*CB6/9000000 -> 0 | CF6: =CG$3*CG$4*216*24*60*CE6/9000000 -> 0 | CI6: =CJ$3*CJ$4*216*24*60*CH6/9000000 -> 0 | CL6: =CM$3*CM$4*216*24*60*CK6/9000000 -> 0 | CO6: =CP$3*CP$4*216*24*60*CN6/9000000 -> 0 | CR6: =CS$3*CS$4*216*24*60*CQ6/9000000 -> 0 | CU6: =CV$3*CV$4*216*24*60*CT6/9000000 -> 0 | CX6: =CY$3*CY$4*216*24*60*CW6/9000000 -> 0 | DA6: =DB$3*DB$4*216*24*60*CZ6/9000000 -> 0 | DD6: =DE$3*DE$4*216*24*60*DC6/9000000 -> 0 | DG6: =DH$3*DH$4*216*24*60*DF6/9000000 -> 0 | DJ6: =DK$3*DK$4*216*24*60*DI6/9000000 -> 0 | DM6: =DN$3*DN$4*216*24*60*DL6/9000000 -> 0 | DP6: =DQ$3*DQ$4*216*24*60*DO6/9000000 -> 0 | DS6: =DT$3*DT$4*216*24*60*DR6/9000000 -> 0 | DV6: =DW$3*DW$4*216*24*60*DU6/9000000 -> 0 | DY6: =DZ$3*DZ$4*216*24*60*DX6/9000000 -> 0 | EB6: =EC$3*EC$4*216*24*60*EA6/9000000 -> 0 | EE6: =EF$3*EF$4*216*24*60*ED6/9000000 -> 0 | EH6: =EI$3*EI$4*216*24*60*EG6/9000000 -> 0 | EK6: =EL$3*EL$4*216*24*60*EJ6/9000000 -> 0 | EN6: =EO$3*EO$4*216*24*60*EM6/9000000 -> 0 | EQ6: =ER$3*ER$4*216*24*60*EP6/9000000 -> 0 | ET6: =EU$3*EU$4*216*24*60*ES6/9000000 -> 0 | EW6: =EX$3*EX$4*216*24*60*EV6/9000000 -> 0 | EZ6: =FA$3*FA$4*216*24*60*EY6/9000000 -> 0 | FC6: =FD$3*FD$4*216*24*60*FB6/9000000 -> 0 | FF6: =FG$3*FG$4*216*24*60*FE6/9000000 -> 0 | FI6: =FJ$3*FJ$4*216*24*60*FH6/9000000 -> 0 | FL6: =FM$3*FM$4*216*24*60*FK6/9000000 -> 0 | FO6: =FP$3*FP$4*216*24*60*FN6/9000000 -> 0 | FR6: =FS$3*FS$4*216*24*60*FQ6/9000000 -> 0 | FU6: =FV$3*FV$4*216*24*60*FT6/9000000 -> 0 | FX6: =FY$3*FY$4*216*24*60*FW6/9000000 -> 0 | GA6: =GB$3*GB$4*216*24*60*FZ6/9000000 -> 0 | GD6: =GE$3*GE$4*216*24*60*GC6/9000000 -> 0 | GG6: =GH$3*GH$4*216*24*60*GF6/9000000 -> 0 | GJ6: =GK$3*GK$4*216*24*60*GI6/9000000 -> 0 | GL6: =AC6+Z6+W6+T6+Q6+N6+K6+H6+E6+B6+AF6+AI6+AL6+AO6+AR6+AU6+AX6+BA6+BD6+BG6+BJ6+BM6+BP6+BS6+BV6+BY6+CB6+CE6+CH6+CK6+CN6+CQ6+CT6+CW6+CZ6+DC6+DL6+DF6+DI6+DO6+DR6+DU6+DX6+EA6+ED6+EG6+EJ6+EM6+EP6+ES6+EV6+EY6+FB6+FE6+FH6+FK6+FN6+FQ6+FT6+FW6+FZ6+GC6+GF6+GI6 -> 3 | GM6: =GL6+'33J'!BK6+'M80(20250122封存)'!CX6+MPS!AY6+TMT!CX6 -> 7.25
A7: 2 | B7: 1 | C7: =D$3*D$4*216*24*60*B7/9000000 -> 1045.0944 | D7: 3574 | E7: 0 | F7: =G$3*G$4*216*24*60*E7/9000000 -> 0 | I7: =J$3*J$4*216*24*60*H7/9000000 -> 0 | K7: 1 | L7: =M$3*M$4*216*24*60*K7/9000000 -> 1451.52 | M7: 4871 | N7: 0 | O7: =P$3*P$4*216*24*60*N7/9000000 -> 0 | R7: =S$3*S$4*216*24*60*Q7/9000000 -> 0 | T7: 1 | U7: =V$3*V$4*216*24*60*T7/9000000 -> 2965.248 | W7: 1 | X7: =Y$3*Y$4*216*24*60*W7/9000000 -> 1472.256 | Z7: 0 | AA7: =AB$3*AB$4*216*24*60*Z7/9000000 -> 0 | AC7: 0 | AD7: =AE$3*AE$4*216*24*60*AC7/9000000 -> 0 | AF7: 0 | AG7: =AH$3*AH$4*216*24*60*AF7/9000000 -> 0 | AI7: 0 | AJ7: =AK$3*AK$4*216*24*60*AI7/9000000 -> 0 | AM7: =AN$3*AN$4*216*24*60*AL7/9000000 -> 0 | AP7: =AQ$3*AQ$4*216*24*60*AO7/9000000 -> 0 | AS7: =AT$3*AT$4*216*24*60*AR7/9000000 -> 0 | AV7: =AW$3*AW$4*216*24*60*AU7/9000000 -> 0 | AY7: =AZ$3*AZ$4*216*24*60*AX7/9000000 -> 0 | BB7: =BC$3*BC$4*216*24*60*BA7/9000000 -> 0 | BE7: =BF$3*BF$4*216*24*60*BD7/9000000 -> 0 | BH7: =BI$3*BI$4*216*24*60*BG7/9000000 -> 0 | BK7: =BL$3*BL$4*216*24*60*BJ7/9000000 -> 0 | BN7: =BO$3*BO$4*216*24*60*BM7/9000000 -> 0 | BQ7: =BR$3*BR$4*216*24*60*BP7/9000000 -> 0 | BT7: =BU$3*BU$4*216*24*60*BS7/9000000 -> 0 | BW7: =BX$3*BX$4*216*24*60*BV7/9000000 -> 0 | BZ7: =CA$3*CA$4*216*24*60*BY7/9000000 -> 0 | CC7: =CD$3*CD$4*216*24*60*CB7/9000000 -> 0 | CF7: =CG$3*CG$4*216*24*60*CE7/9000000 -> 0 | CI7: =CJ$3*CJ$4*216*24*60*CH7/9000000 -> 0 | CL7: =CM$3*CM$4*216*24*60*CK7/9000000 -> 0 | CO7: =CP$3*CP$4*216*24*60*CN7/9000000 -> 0 | CR7: =CS$3*CS$4*216*24*60*CQ7/9000000 -> 0 | CU7: =CV$3*CV$4*216*24*60*CT7/9000000 -> 0 | CX7: =CY$3*CY$4*216*24*60*CW7/9000000 -> 0 | DA7: =DB$3*DB$4*216*24*60*CZ7/9000000 -> 0 | DD7: =DE$3*DE$4*216*24*60*DC7/9000000 -> 0 | DG7: =DH$3*DH$4*216*24*60*DF7/9000000 -> 0 | DJ7: =DK$3*DK$4*216*24*60*DI7/9000000 -> 0 | DM7: =DN$3*DN$4*216*24*60*DL7/9000000 -> 0 | DP7: =DQ$3*DQ$4*216*24*60*DO7/9000000 -> 0 | DS7: =DT$3*DT$4*216*24*60*DR7/9000000 -> 0 | DV7: =DW$3*DW$4*216*24*60*DU7/9000000 -> 0 | DY7: =DZ$3*DZ$4*216*24*60*DX7/9000000 -> 0 | EB7: =EC$3*EC$4*216*24*60*EA7/9000000 -> 0 | EE7: =EF$3*EF$4*216*24*60*ED7/9000000 -> 0 | EH7: =EI$3*EI$4*216*24*60*EG7/9000000 -> 0 | EK7: =EL$3*EL$4*216*24*60*EJ7/9000000 -> 0 | EN7: =EO$3*EO$4*216*24*60*EM7/9000000 -> 0 | EQ7: =ER$3*ER$4*216*24*60*EP7/9000000 -> 0 | ET7: =EU$3*EU$4*216*24*60*ES7/9000000 -> 0 | EW7: =EX$3*EX$4*216*24*60*EV7/9000000 -> 0 | EZ7: =FA$3*FA$4*216*24*60*EY7/9000000 -> 0 | FC7: =FD$3*FD$4*216*24*60*FB7/9000000 -> 0 | FF7: =FG$3*FG$4*216*24*60*FE7/9000000 -> 0 | FI7: =FJ$3*FJ$4*216*24*60*FH7/9000000 -> 0 | FL7: =FM$3*FM$4*216*24*60*FK7/9000000 -> 0 | FO7: =FP$3*FP$4*216*24*60*FN7/9000000 -> 0 | FR7: =FS$3*FS$4*216*24*60*FQ7/9000000 -> 0 | FU7: =FV$3*FV$4*216*24*60*FT7/9000000 -> 0 | FX7: =FY$3*FY$4*216*24*60*FW7/9000000 -> 0 | GA7: =GB$3*GB$4*216*24*60*FZ7/9000000 -> 0 | GD7: =GE$3*GE$4*216*24*60*GC7/9000000 -> 0 | GG7: =GH$3*GH$4*216*24*60*GF7/9000000 -> 0 | GJ7: =GK$3*GK$4*216*24*60*GI7/9000000 -> 0 | GL7: =AC7+Z7+W7+T7+Q7+N7+K7+H7+E7+B7+AF7+AI7+AL7+AO7+AR7+AU7+AX7+BA7+BD7+BG7+BJ7+BM7+BP7+BS7+BV7+BY7+CB7+CE7+CH7+CK7+CN7+CQ7+CT7+CW7+CZ7+DC7+DL7+DF7+DI7+DO7+DR7+DU7+DX7+EA7+ED7+EG7+EJ7+EM7+EP7+ES7+EV7+EY7+FB7+FE7+FH7+FK7+FN7+FQ7+FT7+FW7+FZ7+GC7+GF7+GI7 -> 4 | GM7: =GL7+'33J'!BK7+'M80(20250122封存)'!CX7+MPS!AY7+TMT!CX7 -> 7.75
A8: 3 | B8: 1 | C8: =D$3*D$4*216*24*60*B8/9000000 -> 1045.0944 | D8: 864 | E8: 1 | F8: =G$3*G$4*216*24*60*E8/9000000 -> 914.112 | I8: =J$3*J$4*216*24*60*H8/9000000 -> 0 | K8: 1 | L8: =M$3*M$4*216*24*60*K8/9000000 -> 1451.52 | M8: 1680 | N8: 0 | O8: =P$3*P$4*216*24*60*N8/9000000 -> 0 | R8: =S$3*S$4*216*24*60*Q8/9000000 -> 0 | T8: 1 | U8: =V$3*V$4*216*24*60*T8/9000000 -> 2965.248 | V8: 13050 | W8: 1 | X8: =Y$3*Y$4*216*24*60*W8/9000000 -> 1472.256 | Y8: 1500 | Z8: 1 | AA8: =AB$3*AB$4*216*24*60*Z8/9000000 -> 3189.888 | AB8: 750 | AC8: 0 | AD8: =AE$3*AE$4*216*24*60*AC8/9000000 -> 0 | AF8: 0 | AG8: =AH$3*AH$4*216*24*60*AF8/9000000 -> 0 | AI8: 0 | AJ8: =AK$3*AK$4*216*24*60*AI8/9000000 -> 0 | AM8: =AN$3*AN$4*216*24*60*AL8/9000000 -> 0 | AP8: =AQ$3*AQ$4*216*24*60*AO8/9000000 -> 0 | AS8: =AT$3*AT$4*216*24*60*AR8/9000000 -> 0 | AV8: =AW$3*AW$4*216*24*60*AU8/9000000 -> 0 | AY8: =AZ$3*AZ$4*216*24*60*AX8/9000000 -> 0 | BB8: =BC$3*BC$4*216*24*60*BA8/9000000 -> 0 | BE8: =BF$3*BF$4*216*24*60*BD8/9000000 -> 0 | BH8: =BI$3*BI$4*216*24*60*BG8/9000000 -> 0 | BK8: =BL$3*BL$4*216*24*60*BJ8/9000000 -> 0 | BN8: =BO$3*BO$4*216*24*60*BM8/9000000 -> 0 | BQ8: =BR$3*BR$4*216*24*60*BP8/9000000 -> 0 | BT8: =BU$3*BU$4*216*24*60*BS8/9000000 -> 0 | BW8: =BX$3*BX$4*216*24*60*BV8/9000000 -> 0 | BZ8: =CA$3*CA$4*216*24*60*BY8/9000000 -> 0 | CC8: =CD$3*CD$4*216*24*60*CB8/9000000 -> 0 | CF8: =CG$3*CG$4*216*24*60*CE8/9000000 -> 0 | CI8: =CJ$3*CJ$4*216*24*60*CH8/9000000 -> 0 | CL8: =CM$3*CM$4*216*24*60*CK8/9000000 -> 0 | CO8: =CP$3*CP$4*216*24*60*CN8/9000000 -> 0 | CR8: =CS$3*CS$4*216*24*60*CQ8/9000000 -> 0 | CU8: =CV$3*CV$4*216*24*60*CT8/9000000 -> 0 | CX8: =CY$3*CY$4*216*24*60*CW8/9000000 -> 0 | DA8: =DB$3*DB$4*216*24*60*CZ8/9000000 -> 0 | DD8: =DE$3*DE$4*216*24*60*DC8/9000000 -> 0 | DG8: =DH$3*DH$4*216*24*60*DF8/9000000 -> 0 | DJ8: =DK$3*DK$4*216*24*60*DI8/9000000 -> 0 | DM8: =DN$3*DN$4*216*24*60*DL8/9000000 -> 0 | DP8: =DQ$3*DQ$4*216*24*60*DO8/9000000 -> 0 | DS8: =DT$3*DT$4*216*24*60*DR8/9000000 -> 0 | DV8: =DW$3*DW$4*216*24*60*DU8/9000000 -> 0 | DY8: =DZ$3*DZ$4*216*24*60*DX8/9000000 -> 0 | EB8: =EC$3*EC$4*216*24*60*EA8/9000000 -> 0 | EE8: =EF$3*EF$4*216*24*60*ED8/9000000 -> 0 | EH8: =EI$3*EI$4*216*24*60*EG8/9000000 -> 0 | EK8: =EL$3*EL$4*216*24*60*EJ8/9000000 -> 0 | EN8: =EO$3*EO$4*216*24*60*EM8/9000000 -> 0 | EQ8: =ER$3*ER$4*216*24*60*EP8/9000000 -> 0 | ET8: =EU$3*EU$4*216*24*60*ES8/9000000 -> 0 | EW8: =EX$3*EX$4*216*24*60*EV8/9000000 -> 0 | EZ8: =FA$3*FA$4*216*24*60*EY8/9000000 -> 0 | FC8: =FD$3*FD$4*216*24*60*FB8/9000000 -> 0 | FF8: =FG$3*FG$4*216*24*60*FE8/9000000 -> 0 | FI8: =FJ$3*FJ$4*216*24*60*FH8/9000000 -> 0 | FL8: =FM$3*FM$4*216*24*60*FK8/9000000 -> 0 | FO8: =FP$3*FP$4*216*24*60*FN8/9000000 -> 0 | FR8: =FS$3*FS$4*216*24*60*FQ8/9000000 -> 0 | FU8: =FV$3*FV$4*216*24*60*FT8/9000000 -> 0 | FX8: =FY$3*FY$4*216*24*60*FW8/9000000 -> 0 | GA8: =GB$3*GB$4*216*24*60*FZ8/9000000 -> 0 | GD8: =GE$3*GE$4*216*24*60*GC8/9000000 -> 0 | GG8: =GH$3*GH$4*216*24*60*GF8/9000000 -> 0 | GJ8: =GK$3*GK$4*216*24*60*GI8/9000000 -> 0 | GL8: =AC8+Z8+W8+T8+Q8+N8+K8+H8+E8+B8+AF8+AI8+AL8+AO8+AR8+AU8+AX8+BA8+BD8+BG8+BJ8+BM8+BP8+BS8+BV8+BY8+CB8+CE8+CH8+CK8+CN8+CQ8+CT8+CW8+CZ8+DC8+DL8+DF8+DI8+DO8+DR8+DU8+DX8+EA8+ED8+EG8+EJ8+EM8+EP8+ES8+EV8+EY8+FB8+FE8+FH8+FK8+FN8+FQ8+FT8+FW8+FZ8+GC8+GF8+GI8 -> 6 | GM8: =GL8+'33J'!BK8+'M80(20250122封存)'!CX8+MPS!AY8+TMT!CX8 -> 11.75
A9: 4 | B9: 1 | C9: =D$3*D$4*216*24*60*B9/9000000 -> 1045.0944 | D9: 600 | E9: 1 | F9: =G$3*G$4*216*24*60*E9/9000000 -> 914.112 | I9: =J$3*J$4*216*24*60*H9/9000000 -> 0 | K9: 1 | L9: =M$3*M$4*216*24*60*K9/9000000 -> 1451.52 | M9: 1626 | N9: 0 | O9: =P$3*P$4*216*24*60*N9/9000000 -> 0 | R9: =S$3*S$4*216*24*60*Q9/9000000 -> 0 | T9: 1 | U9: =V$3*V$4*216*24*60*T9/9000000 -> 2965.248 | V9: 2997 | W9: 1 | X9: =Y$3*Y$4*216*24*60*W9/9000000 -> 1472.256 | Y9: 1500 | Z9: 1 | AA9: =AB$3*AB$4*216*24*60*Z9/9000000 -> 3189.888 | AB9: 3689 | AC9: 0 | AD9: =AE$3*AE$4*216*24*60*AC9/9000000 -> 0 | AF9: 0 | AG9: =AH$3*AH$4*216*24*60*AF9/9000000 -> 0 | AI9: 0 | AJ9: =AK$3*AK$4*216*24*60*AI9/9000000 -> 0 | AM9: =AN$3*AN$4*216*24*60*AL9/9000000 -> 0 | AP9: =AQ$3*AQ$4*216*24*60*AO9/9000000 -> 0 | AS9: =AT$3*AT$4*216*24*60*AR9/9000000 -> 0 | AV9: =AW$3*AW$4*216*24*60*AU9/9000000 -> 0 | AY9: =AZ$3*AZ$4*216*24*60*AX9/9000000 -> 0 | BB9: =BC$3*BC$4*216*24*60*BA9/9000000 -> 0 | BE9: =BF$3*BF$4*216*24*60*BD9/9000000 -> 0 | BH9: =BI$3*BI$4*216*24*60*BG9/9000000 -> 0 | BK9: =BL$3*BL$4*216*24*60*BJ9/9000000 -> 0 | BN9: =BO$3*BO$4*216*24*60*BM9/9000000 -> 0 | BQ9: =BR$3*BR$4*216*24*60*BP9/9000000 -> 0 | BT9: =BU$3*BU$4*216*24*60*BS9/9000000 -> 0 | BW9: =BX$3*BX$4*216*24*60*BV9/9000000 -> 0 | BZ9: =CA$3*CA$4*216*24*60*BY9/9000000 -> 0 | CC9: =CD$3*CD$4*216*24*60*CB9/9000000 -> 0 | CF9: =CG$3*CG$4*216*24*60*CE9/9000000 -> 0 | CI9: =CJ$3*CJ$4*216*24*60*CH9/9000000 -> 0 | CL9: =CM$3*CM$4*216*24*60*CK9/9000000 -> 0 | CO9: =CP$3*CP$4*216*24*60*CN9/9000000 -> 0 | CR9: =CS$3*CS$4*216*24*60*CQ9/9000000 -> 0 | CU9: =CV$3*CV$4*216*24*60*CT9/9000000 -> 0 | CX9: =CY$3*CY$4*216*24*60*CW9/9000000 -> 0 | DA9: =DB$3*DB$4*216*24*60*CZ9/9000000 -> 0 | DD9: =DE$3*DE$4*216*24*60*DC9/9000000 -> 0 | DG9: =DH$3*DH$4*216*24*60*DF9/9000000 -> 0 | DJ9: =DK$3*DK$4*216*24*60*DI9/9000000 -> 0 | DM9: =DN$3*DN$4*216*24*60*DL9/9000000 -> 0 | DP9: =DQ$3*DQ$4*216*24*60*DO9/9000000 -> 0 | DS9: =DT$3*DT$4*216*24*60*DR9/9000000 -> 0 | DV9: =DW$3*DW$4*216*24*60*DU9/9000000 -> 0 | DY9: =DZ$3*DZ$4*216*24*60*DX9/9000000 -> 0 | EB9: =EC$3*EC$4*216*24*60*EA9/9000000 -> 0 | EE9: =EF$3*EF$4*216*24*60*ED9/9000000 -> 0 | EH9: =EI$3*EI$4*216*24*60*EG9/9000000 -> 0 | EK9: =EL$3*EL$4*216*24*60*EJ9/9000000 -> 0 | EN9: =EO$3*EO$4*216*24*60*EM9/9000000 -> 0 | EQ9: =ER$3*ER$4*216*24*60*EP9/9000000 -> 0 | ET9: =EU$3*EU$4*216*24*60*ES9/9000000 -> 0 | EW9: =EX$3*EX$4*216*24*60*EV9/9000000 -> 0 | EZ9: =FA$3*FA$4*216*24*60*EY9/9000000 -> 0 | FC9: =FD$3*FD$4*216*24*60*FB9/9000000 -> 0 | FF9: =FG$3*FG$4*216*24*60*FE9/9000000 -> 0 | FI9: =FJ$3*FJ$4*216*24*60*FH9/9000000 -> 0 | FL9: =FM$3*FM$4*216*24*60*FK9/9000000 -> 0 | FO9: =FP$3*FP$4*216*24*60*FN9/9000000 -> 0 | FR9: =FS$3*FS$4*216*24*60*FQ9/9000000 -> 0 | FU9: =FV$3*FV$4*216*24*60*FT9/9000000 -> 0 | FX9: =FY$3*FY$4*216*24*60*FW9/9000000 -> 0 | GA9: =GB$3*GB$4*216*24*60*FZ9/9000000 -> 0 | GD9: =GE$3*GE$4*216*24*60*GC9/9000000 -> 0 | GG9: =GH$3*GH$4*216*24*60*GF9/9000000 -> 0 | GJ9: =GK$3*GK$4*216*24*60*GI9/9000000 -> 0 | GL9: =AC9+Z9+W9+T9+Q9+N9+K9+H9+E9+B9+AF9+AI9+AL9+AO9+AR9+AU9+AX9+BA9+BD9+BG9+BJ9+BM9+BP9+BS9+BV9+BY9+CB9+CE9+CH9+CK9+CN9+CQ9+CT9+CW9+CZ9+DC9+DL9+DF9+DI9+DO9+DR9+DU9+DX9+EA9+ED9+EG9+EJ9+EM9+EP9+ES9+EV9+EY9+FB9+FE9+FH9+FK9+FN9+FQ9+FT9+FW9+FZ9+GC9+GF9+GI9 -> 6 | GM9: =GL9+'33J'!BK9+'M80(20250122封存)'!CX9+MPS!AY9+TMT!CX9 -> 12.75
A10: 5 | B10: 1 | C10: =D$3*D$4*216*24*60*B10/9000000 -> 1045.0944 | D10: 840 | E10: 1 | F10: =G$3*G$4*216*24*60*E10/9000000 -> 914.112 | G10: 1200 | I10: =J$3*J$4*216*24*60*H10/9000000 -> 0 | K10: 1 | L10: =M$3*M$4*216*24*60*K10/9000000 -> 1451.52 | N10: 0 | O10: =P$3*P$4*216*24*60*N10/9000000 -> 0 | R10: =S$3*S$4*216*24*60*Q10/9000000 -> 0 | T10: 1 | U10: =V$3*V$4*216*24*60*T10/9000000 -> 2965.248 | V10: 2822 | W10: 1 | X10: =Y$3*Y$4*216*24*60*W10/9000000 -> 1472.256 | Y10: 1500 | Z10: 1 | AA10: =AB$3*AB$4*216*24*60*Z10/9000000 -> 3189.888 | AB10: 2850 | AC10: 0 | AD10: =AE$3*AE$4*216*24*60*AC10/9000000 -> 0 | AF10: 0 | AG10: =AH$3*AH$4*216*24*60*AF10/9000000 -> 0 | AI10: 0 | AJ10: =AK$3*AK$4*216*24*60*AI10/9000000 -> 0 | AM10: =AN$3*AN$4*216*24*60*AL10/9000000 -> 0 | AP10: =AQ$3*AQ$4*216*24*60*AO10/9000000 -> 0 | AS10: =AT$3*AT$4*216*24*60*AR10/9000000 -> 0 | AV10: =AW$3*AW$4*216*24*60*AU10/9000000 -> 0 | AY10: =AZ$3*AZ$4*216*24*60*AX10/9000000 -> 0 | BB10: =BC$3*BC$4*216*24*60*BA10/9000000 -> 0 | BE10: =BF$3*BF$4*216*24*60*BD10/9000000 -> 0 | BH10: =BI$3*BI$4*216*24*60*BG10/9000000 -> 0 | BK10: =BL$3*BL$4*216*24*60*BJ10/9000000 -> 0 | BN10: =BO$3*BO$4*216*24*60*BM10/9000000 -> 0 | BQ10: =BR$3*BR$4*216*24*60*BP10/9000000 -> 0 | BT10: =BU$3*BU$4*216*24*60*BS10/9000000 -> 0 | BW10: =BX$3*BX$4*216*24*60*BV10/9000000 -> 0 | BZ10: =CA$3*CA$4*216*24*60*BY10/9000000 -> 0 | CC10: =CD$3*CD$4*216*24*60*CB10/9000000 -> 0 | CF10: =CG$3*CG$4*216*24*60*CE10/9000000 -> 0 | CI10: =CJ$3*CJ$4*216*24*60*CH10/9000000 -> 0 | CL10: =CM$3*CM$4*216*24*60*CK10/9000000 -> 0 | CO10: =CP$3*CP$4*216*24*60*CN10/9000000 -> 0 | CR10: =CS$3*CS$4*216*24*60*CQ10/9000000 -> 0 | CU10: =CV$3*CV$4*216*24*60*CT10/9000000 -> 0 | CX10: =CY$3*CY$4*216*24*60*CW10/9000000 -> 0 | DA10: =DB$3*DB$4*216*24*60*CZ10/9000000 -> 0 | DD10: =DE$3*DE$4*216*24*60*DC10/9000000 -> 0 | DG10: =DH$3*DH$4*216*24*60*DF10/9000000 -> 0 | DJ10: =DK$3*DK$4*216*24*60*DI10/9000000 -> 0 | DM10: =DN$3*DN$4*216*24*60*DL10/9000000 -> 0 | DP10: =DQ$3*DQ$4*216*24*60*DO10/9000000 -> 0 | DS10: =DT$3*DT$4*216*24*60*DR10/9000000 -> 0 | DV10: =DW$3*DW$4*216*24*60*DU10/9000000 -> 0 | DY10: =DZ$3*DZ$4*216*24*60*DX10/9000000 -> 0 | EB10: =EC$3*EC$4*216*24*60*EA10/9000000 -> 0 | EE10: =EF$3*EF$4*216*24*60*ED10/9000000 -> 0 | EH10: =EI$3*EI$4*216*24*60*EG10/9000000 -> 0 | EK10: =EL$3*EL$4*216*24*60*EJ10/9000000 -> 0 | EN10: =EO$3*EO$4*216*24*60*EM10/9000000 -> 0 | EQ10: =ER$3*ER$4*216*24*60*EP10/9000000 -> 0 | ET10: =EU$3*EU$4*216*24*60*ES10/9000000 -> 0 | EW10: =EX$3*EX$4*216*24*60*EV10/9000000 -> 0 | EZ10: =FA$3*FA$4*216*24*60*EY10/9000000 -> 0 | FC10: =FD$3*FD$4*216*24*60*FB10/9000000 -> 0 | FF10: =FG$3*FG$4*216*24*60*FE10/9000000 -> 0 | FI10: =FJ$3*FJ$4*216*24*60*FH10/9000000 -> 0 | FL10: =FM$3*FM$4*216*24*60*FK10/9000000 -> 0 | FO10: =FP$3*FP$4*216*24*60*FN10/9000000 -> 0 | FR10: =FS$3*FS$4*216*24*60*FQ10/9000000 -> 0 | FU10: =FV$3*FV$4*216*24*60*FT10/9000000 -> 0 | FX10: =FY$3*FY$4*216*24*60*FW10/9000000 -> 0 | GA10: =GB$3*GB$4*216*24*60*FZ10/9000000 -> 0 | GD10: =GE$3*GE$4*216*24*60*GC10/9000000 -> 0 | GG10: =GH$3*GH$4*216*24*60*GF10/9000000 -> 0 | GJ10: =GK$3*GK$4*216*24*60*GI10/9000000 -> 0 | GL10: =AC10+Z10+W10+T10+Q10+N10+K10+H10+E10+B10+AF10+AI10+AL10+AO10+AR10+AU10+AX10+BA10+BD10+BG10+BJ10+BM10+BP10+BS10+BV10+BY10+CB10+CE10+CH10+CK10+CN10+CQ10+CT10+CW10+CZ10+DC10+DL10+DF10+DI10+DO10+DR10+DU10+DX10+EA10+ED10+EG10+EJ10+EM10+EP10+ES10+EV10+EY10+FB10+FE10+FH10+FK10+FN10+FQ10+FT10+FW10+FZ10+GC10+GF10+GI10 -> 6 | GM10: =GL10+'33J'!BK10+'M80(20250122封存)'!CX10+MPS!AY10+TMT!CX10 -> 12.75
A11: 6 | B11: 1 | C11: =D$3*D$4*216*24*60*B11/9000000 -> 1045.0944 | E11: 1 | F11: =G$3*G$4*216*24*60*E11/9000000 -> 914.112 | I11: =J$3*J$4*216*24*60*H11/9000000 -> 0 | K11: 1 | L11: =M$3*M$4*216*24*60*K11/9000000 -> 1451.52 | M11: 1920 | N11: 0 | O11: =P$3*P$4*216*24*60*N11/9000000 -> 0 | R11: =S$3*S$4*216*24*60*Q11/9000000 -> 0 | T11: 1 | U11: =V$3*V$4*216*24*60*T11/9000000 -> 2965.248 | V11: 2250 | W11: 1 | X11: =Y$3*Y$4*216*24*60*W11/9000000 -> 1472.256 | Y11: 600 | Z11: 1 | AA11: =AB$3*AB$4*216*24*60*Z11/9000000 -> 3189.888 | AB11: 1500 | AC11: 0 | AD11: =AE$3*AE$4*216*24*60*AC11/9000000 -> 0 | AF11: 0 | AG11: =AH$3*AH$4*216*24*60*AF11/9000000 -> 0 | AI11: 0 | AJ11: =AK$3*AK$4*216*24*60*AI11/9000000 -> 0 | AM11: =AN$3*AN$4*216*24*60*AL11/9000000 -> 0 | AP11: =AQ$3*AQ$4*216*24*60*AO11/9000000 -> 0 | AS11: =AT$3*AT$4*216*24*60*AR11/9000000 -> 0 | AV11: =AW$3*AW$4*216*24*60*AU11/9000000 -> 0 | AY11: =AZ$3*AZ$4*216*24*60*AX11/9000000 -> 0 | BB11: =BC$3*BC$4*216*24*60*BA11/9000000 -> 0 | BE11: =BF$3*BF$4*216*24*60*BD11/9000000 -> 0 | BH11: =BI$3*BI$4*216*24*60*BG11/9000000 -> 0 | BK11: =BL$3*BL$4*216*24*60*BJ11/9000000 -> 0 | BN11: =BO$3*BO$4*216*24*60*BM11/9000000 -> 0 | BQ11: =BR$3*BR$4*216*24*60*BP11/9000000 -> 0 | BT11: =BU$3*BU$4*216*24*60*BS11/9000000 -> 0 | BW11: =BX$3*BX$4*216*24*60*BV11/9000000 -> 0 | BZ11: =CA$3*CA$4*216*24*60*BY11/9000000 -> 0 | CC11: =CD$3*CD$4*216*24*60*CB11/9000000 -> 0 | CF11: =CG$3*CG$4*216*24*60*CE11/9000000 -> 0 | CI11: =CJ$3*CJ$4*216*24*60*CH11/9000000 -> 0 | CL11: =CM$3*CM$4*216*24*60*CK11/9000000 -> 0 | CO11: =CP$3*CP$4*216*24*60*CN11/9000000 -> 0 | CR11: =CS$3*CS$4*216*24*60*CQ11/9000000 -> 0 | CU11: =CV$3*CV$4*216*24*60*CT11/9000000 -> 0 | CX11: =CY$3*CY$4*216*24*60*CW11/9000000 -> 0 | DA11: =DB$3*DB$4*216*24*60*CZ11/9000000 -> 0 | DD11: =DE$3*DE$4*216*24*60*DC11/9000000 -> 0 | DG11: =DH$3*DH$4*216*24*60*DF11/9000000 -> 0 | DJ11: =DK$3*DK$4*216*24*60*DI11/9000000 -> 0 | DM11: =DN$3*DN$4*216*24*60*DL11/9000000 -> 0 | DP11: =DQ$3*DQ$4*216*24*60*DO11/9000000 -> 0 | DS11: =DT$3*DT$4*216*24*60*DR11/9000000 -> 0 | DV11: =DW$3*DW$4*216*24*60*DU11/9000000 -> 0 | DY11: =DZ$3*DZ$4*216*24*60*DX11/9000000 -> 0 | EB11: =EC$3*EC$4*216*24*60*EA11/9000000 -> 0 | EE11: =EF$3*EF$4*216*24*60*ED11/9000000 -> 0 | EH11: =EI$3*EI$4*216*24*60*EG11/9000000 -> 0 | EK11: =EL$3*EL$4*216*24*60*EJ11/9000000 -> 0 | EN11: =EO$3*EO$4*216*24*60*EM11/9000000 -> 0 | EQ11: =ER$3*ER$4*216*24*60*EP11/9000000 -> 0 | ET11: =EU$3*EU$4*216*24*60*ES11/9000000 -> 0 | EW11: =EX$3*EX$4*216*24*60*EV11/9000000 -> 0 | EZ11: =FA$3*FA$4*216*24*60*EY11/9000000 -> 0 | FC11: =FD$3*FD$4*216*24*60*FB11/9000000 -> 0 | FF11: =FG$3*FG$4*216*24*60*FE11/9000000 -> 0 | FI11: =FJ$3*FJ$4*216*24*60*FH11/9000000 -> 0 | FL11: =FM$3*FM$4*216*24*60*FK11/9000000 -> 0 | FO11: =FP$3*FP$4*216*24*60*FN11/9000000 -> 0 | FR11: =FS$3*FS$4*216*24*60*FQ11/9000000 -> 0 | FU11: =FV$3*FV$4*216*24*60*FT11/9000000 -> 0 | FX11: =FY$3*FY$4*216*24*60*FW11/9000000 -> 0 | GA11: =GB$3*GB$4*216*24*60*FZ11/9000000 -> 0 | GD11: =GE$3*GE$4*216*24*60*GC11/9000000 -> 0 | GG11: =GH$3*GH$4*216*24*60*GF11/9000000 -> 0 | GJ11: =GK$3*GK$4*216*24*60*GI11/9000000 -> 0 | GL11: =AC11+Z11+W11+T11+Q11+N11+K11+H11+E11+B11+AF11+AI11+AL11+AO11+AR11+AU11+AX11+BA11+BD11+BG11+BJ11+BM11+BP11+BS11+BV11+BY11+CB11+CE11+CH11+CK11+CN11+CQ11+CT11+CW11+CZ11+DC11+DL11+DF11+DI11+DO11+DR11+DU11+DX11+EA11+ED11+EG11+EJ11+EM11+EP11+ES11+EV11+EY11+FB11+FE11+FH11+FK11+FN11+FQ11+FT11+FW11+FZ11+GC11+GF11+GI11 -> 6 | GM11: =GL11+'33J'!BK11+'M80(20250122封存)'!CX11+MPS!AY11+TMT!CX11 -> 12.75
A12: 7 | B12: 1 | C12: =D$3*D$4*216*24*60*B12/9000000 -> 1045.0944 | D12: 2147 | E12: 1 | F12: =G$3*G$4*216*24*60*E12/9000000 -> 914.112 | G12: 1680 | I12: =J$3*J$4*216*24*60*H12/9000000 -> 0 | K12: 1 | L12: =M$3*M$4*216*24*60*K12/9000000 -> 1451.52 | M12: 1308 | N12: 0 | O12: =P$3*P$4*216*24*60*N12/9000000 -> 0 | R12: =S$3*S$4*216*24*60*Q12/9000000 -> 0 | T12: 1 | U12: =V$3*V$4*216*24*60*T12/9000000 -> 2965.248 | V12: 2850 | W12: 1 | X12: =Y$3*Y$4*216*24*60*W12/9000000 -> 1472.256 | Y12: 750 | Z12: 1 | AA12: =AB$3*AB$4*216*24*60*Z12/9000000 -> 3189.888 | AB12: 3750 | AC12: 0 | AD12: =AE$3*AE$4*216*24*60*AC12/9000000 -> 0 | AF12: 0 | AG12: =AH$3*AH$4*216*24*60*AF12/9000000 -> 0 | AI12: 0 | AJ12: =AK$3*AK$4*216*24*60*AI12/9000000 -> 0 | AM12: =AN$3*AN$4*216*24*60*AL12/9000000 -> 0 | AP12: =AQ$3*AQ$4*216*24*60*AO12/9000000 -> 0 | AS12: =AT$3*AT$4*216*24*60*AR12/9000000 -> 0 | AV12: =AW$3*AW$4*216*24*60*AU12/9000000 -> 0 | AY12: =AZ$3*AZ$4*216*24*60*AX12/9000000 -> 0 | BB12: =BC$3*BC$4*216*24*60*BA12/9000000 -> 0 | BE12: =BF$3*BF$4*216*24*60*BD12/9000000 -> 0 | BH12: =BI$3*BI$4*216*24*60*BG12/9000000 -> 0 | BK12: =BL$3*BL$4*216*24*60*BJ12/9000000 -> 0 | BN12: =BO$3*BO$4*216*24*60*BM12/9000000 -> 0 | BQ12: =BR$3*BR$4*216*24*60*BP12/9000000 -> 0 | BT12: =BU$3*BU$4*216*24*60*BS12/9000000 -> 0 | BW12: =BX$3*BX$4*216*24*60*BV12/9000000 -> 0 | BZ12: =CA$3*CA$4*216*24*60*BY12/9000000 -> 0 | CC12: =CD$3*CD$4*216*24*60*CB12/9000000 -> 0 | CF12: =CG$3*CG$4*216*24*60*CE12/9000000 -> 0 | CI12: =CJ$3*CJ$4*216*24*60*CH12/9000000 -> 0 | CL12: =CM$3*CM$4*216*24*60*CK12/9000000 -> 0 | CO12: =CP$3*CP$4*216*24*60*CN12/9000000 -> 0 | CR12: =CS$3*CS$4*216*24*60*CQ12/9000000 -> 0 | CU12: =CV$3*CV$4*216*24*60*CT12/9000000 -> 0 | CX12: =CY$3*CY$4*216*24*60*CW12/9000000 -> 0 | DA12: =DB$3*DB$4*216*24*60*CZ12/9000000 -> 0 | DD12: =DE$3*DE$4*216*24*60*DC12/9000000 -> 0 | DG12: =DH$3*DH$4*216*24*60*DF12/9000000 -> 0 | DJ12: =DK$3*DK$4*216*24*60*DI12/9000000 -> 0 | DM12: =DN$3*DN$4*216*24*60*DL12/9000000 -> 0 | DP12: =DQ$3*DQ$4*216*24*60*DO12/9000000 -> 0 | DS12: =DT$3*DT$4*216*24*60*DR12/9000000 -> 0 | DV12: =DW$3*DW$4*216*24*60*DU12/9000000 -> 0 | DY12: =DZ$3*DZ$4*216*24*60*DX12/9000000 -> 0 | EB12: =EC$3*EC$4*216*24*60*EA12/9000000 -> 0 | EE12: =EF$3*EF$4*216*24*60*ED12/9000000 -> 0 | EH12: =EI$3*EI$4*216*24*60*EG12/9000000 -> 0 | EK12: =EL$3*EL$4*216*24*60*EJ12/9000000 -> 0 | EN12: =EO$3*EO$4*216*24*60*EM12/9000000 -> 0 | EQ12: =ER$3*ER$4*216*24*60*EP12/9000000 -> 0 | ET12: =EU$3*EU$4*216*24*60*ES12/9000000 -> 0 | EW12: =EX$3*EX$4*216*24*60*EV12/9000000 -> 0 | EZ12: =FA$3*FA$4*216*24*60*EY12/9000000 -> 0 | FC12: =FD$3*FD$4*216*24*60*FB12/9000000 -> 0 | FF12: =FG$3*FG$4*216*24*60*FE12/9000000 -> 0 | FI12: =FJ$3*FJ$4*216*24*60*FH12/9000000 -> 0 | FL12: =FM$3*FM$4*216*24*60*FK12/9000000 -> 0 | FO12: =FP$3*FP$4*216*24*60*FN12/9000000 -> 0 | FR12: =FS$3*FS$4*216*24*60*FQ12/9000000 -> 0 | FU12: =FV$3*FV$4*216*24*60*FT12/9000000 -> 0 | FX12: =FY$3*FY$4*216*24*60*FW12/9000000 -> 0 | GA12: =GB$3*GB$4*216*24*60*FZ12/9000000 -> 0 | GD12: =GE$3*GE$4*216*24*60*GC12/9000000 -> 0 | GG12: =GH$3*GH$4*216*24*60*GF12/9000000 -> 0 | GJ12: =GK$3*GK$4*216*24*60*GI12/9000000 -> 0 | GL12: =AC12+Z12+W12+T12+Q12+N12+K12+H12+E12+B12+AF12+AI12+AL12+AO12+AR12+AU12+AX12+BA12+BD12+BG12+BJ12+BM12+BP12+BS12+BV12+BY12+CB12+CE12+CH12+CK12+CN12+CQ12+CT12+CW12+CZ12+DC12+DL12+DF12+DI12+DO12+DR12+DU12+DX12+EA12+ED12+EG12+EJ12+EM12+EP12+ES12+EV12+EY12+FB12+FE12+FH12+FK12+FN12+FQ12+FT12+FW12+FZ12+GC12+GF12+GI12 -> 6 | GM12: =GL12+'33J'!BK12+'M80(20250122封存)'!CX12+MPS!AY12+TMT!CX12 -> 12.5
A13: 8 | B13: 1 | C13: =D$3*D$4*216*24*60*B13/9000000 -> 1045.0944 | D13: 1440 | E13: 1 | F13: =G$3*G$4*216*24*60*E13/9000000 -> 914.112 | G13: 600 | I13: =J$3*J$4*216*24*60*H13/9000000 -> 0 | K13: 1 | L13: =M$3*M$4*216*24*60*K13/9000000 -> 1451.52 | M13: 2260 | N13: 0 | O13: =P$3*P$4*216*24*60*N13/9000000 -> 0 | R13: =S$3*S$4*216*24*60*Q13/9000000 -> 0 | T13: 1 | U13: =V$3*V$4*216*24*60*T13/9000000 -> 2965.248 | V13: 2250 | W13: 1 | X13: =Y$3*Y$4*216*24*60*W13/9000000 -> 1472.256 | Y13: 1500 | Z13: 1 | AA13: =AB$3*AB$4*216*24*60*Z13/9000000 -> 3189.888 | AB13: 2976 | AC13: 0 | AD13: =AE$3*AE$4*216*24*60*AC13/9000000 -> 0 | AF13: 0 | AG13: =AH$3*AH$4*216*24*60*AF13/9000000 -> 0 | AI13: 0 | AJ13: =AK$3*AK$4*216*24*60*AI13/9000000 -> 0 | AM13: =AN$3*AN$4*216*24*60*AL13/9000000 -> 0 | AP13: =AQ$3*AQ$4*216*24*60*AO13/9000000 -> 0 | AS13: =AT$3*AT$4*216*24*60*AR13/9000000 -> 0 | AV13: =AW$3*AW$4*216*24*60*AU13/9000000 -> 0 | AY13: =AZ$3*AZ$4*216*24*60*AX13/9000000 -> 0 | BB13: =BC$3*BC$4*216*24*60*BA13/9000000 -> 0 | BE13: =BF$3*BF$4*216*24*60*BD13/9000000 -> 0 | BH13: =BI$3*BI$4*216*24*60*BG13/9000000 -> 0 | BK13: =BL$3*BL$4*216*24*60*BJ13/9000000 -> 0 | BN13: =BO$3*BO$4*216*24*60*BM13/9000000 -> 0 | BQ13: =BR$3*BR$4*216*24*60*BP13/9000000 -> 0 | BT13: =BU$3*BU$4*216*24*60*BS13/9000000 -> 0 | BW13: =BX$3*BX$4*216*24*60*BV13/9000000 -> 0 | BZ13: =CA$3*CA$4*216*24*60*BY13/9000000 -> 0 | CC13: =CD$3*CD$4*216*24*60*CB13/9000000 -> 0 | CF13: =CG$3*CG$4*216*24*60*CE13/9000000 -> 0 | CI13: =CJ$3*CJ$4*216*24*60*CH13/9000000 -> 0 | CL13: =CM$3*CM$4*216*24*60*CK13/9000000 -> 0 | CO13: =CP$3*CP$4*216*24*60*CN13/9000000 -> 0 | CR13: =CS$3*CS$4*216*24*60*CQ13/9000000 -> 0 | CU13: =CV$3*CV$4*216*24*60*CT13/9000000 -> 0 | CX13: =CY$3*CY$4*216*24*60*CW13/9000000 -> 0 | DA13: =DB$3*DB$4*216*24*60*CZ13/9000000 -> 0 | DD13: =DE$3*DE$4*216*24*60*DC13/9000000 -> 0 | DG13: =DH$3*DH$4*216*24*60*DF13/9000000 -> 0 | DJ13: =DK$3*DK$4*216*24*60*DI13/9000000 -> 0 | DM13: =DN$3*DN$4*216*24*60*DL13/9000000 -> 0 | DP13: =DQ$3*DQ$4*216*24*60*DO13/9000000 -> 0 | DS13: =DT$3*DT$4*216*24*60*DR13/9000000 -> 0 | DV13: =DW$3*DW$4*216*24*60*DU13/9000000 -> 0 | DY13: =DZ$3*DZ$4*216*24*60*DX13/9000000 -> 0 | EB13: =EC$3*EC$4*216*24*60*EA13/9000000 -> 0 | EE13: =EF$3*EF$4*216*24*60*ED13/9000000 -> 0 | EH13: =EI$3*EI$4*216*24*60*EG13/9000000 -> 0 | EK13: =EL$3*EL$4*216*24*60*EJ13/9000000 -> 0 | EN13: =EO$3*EO$4*216*24*60*EM13/9000000 -> 0 | EQ13: =ER$3*ER$4*216*24*60*EP13/9000000 -> 0 | ET13: =EU$3*EU$4*216*24*60*ES13/9000000 -> 0 | EW13: =EX$3*EX$4*216*24*60*EV13/9000000 -> 0 | EZ13: =FA$3*FA$4*216*24*60*EY13/9000000 -> 0 | FC13: =FD$3*FD$4*216*24*60*FB13/9000000 -> 0 | FF13: =FG$3*FG$4*216*24*60*FE13/9000000 -> 0 | FI13: =FJ$3*FJ$4*216*24*60*FH13/9000000 -> 0 | FL13: =FM$3*FM$4*216*24*60*FK13/9000000 -> 0 | FO13: =FP$3*FP$4*216*24*60*FN13/9000000 -> 0 | FR13: =FS$3*FS$4*216*24*60*FQ13/9000000 -> 0 | FU13: =FV$3*FV$4*216*24*60*FT13/9000000 -> 0 | FX13: =FY$3*FY$4*216*24*60*FW13/9000000 -> 0 | GA13: =GB$3*GB$4*216*24*60*FZ13/9000000 -> 0 | GD13: =GE$3*GE$4*216*24*60*GC13/9000000 -> 0 | GG13: =GH$3*GH$4*216*24*60*GF13/9000000 -> 0 | GJ13: =GK$3*GK$4*216*24*60*GI13/9000000 -> 0 | GL13: =AC13+Z13+W13+T13+Q13+N13+K13+H13+E13+B13+AF13+AI13+AL13+AO13+AR13+AU13+AX13+BA13+BD13+BG13+BJ13+BM13+BP13+BS13+BV13+BY13+CB13+CE13+CH13+CK13+CN13+CQ13+CT13+CW13+CZ13+DC13+DL13+DF13+DI13+DO13+DR13+DU13+DX13+EA13+ED13+EG13+EJ13+EM13+EP13+ES13+EV13+EY13+FB13+FE13+FH13+FK13+FN13+FQ13+FT13+FW13+FZ13+GC13+GF13+GI13 -> 6 | GM13: =GL13+'33J'!BK13+'M80(20250122封存)'!CX13+MPS!AY13+TMT!CX13 -> 12.5
A14: 9 | B14: 1 | C14: =D$3*D$4*216*24*60*B14/9000000 -> 1045.0944 | E14: 1 | F14: =G$3*G$4*216*24*60*E14/9000000 -> 914.112 | I14: =J$3*J$4*216*24*60*H14/9000000 -> 0 | K14: 0 | L14: =M$3*M$4*216*24*60*K14/9000000 -> 0 | N14: 1 | O14: =P$3*P$4*216*24*60*N14/9000000 -> 1451.52 | R14: =S$3*S$4*216*24*60*Q14/9000000 -> 0 | T14: 1 | U14: =V$3*V$4*216*24*60*T14/9000000 -> 2965.248 | W14: 1 | X14: =Y$3*Y$4*216*24*60*W14/9000000 -> 1472.256 | Z14: 1 | AA14: =AB$3*AB$4*216*24*60*Z14/9000000 -> 3189.888 | AC14: 1 | AD14: =AE$3*AE$4*216*24*60*AC14/9000000 -> 2699.136 | AF14: 0 | AG14: =AH$3*AH$4*216*24*60*AF14/9000000 -> 0 | AI14: 0 | AJ14: =AK$3*AK$4*216*24*60*AI14/9000000 -> 0 | AM14: =AN$3*AN$4*216*24*60*AL14/9000000 -> 0 | AP14: =AQ$3*AQ$4*216*24*60*AO14/9000000 -> 0 | AS14: =AT$3*AT$4*216*24*60*AR14/9000000 -> 0 | AV14: =AW$3*AW$4*216*24*60*AU14/9000000 -> 0 | AY14: =AZ$3*AZ$4*216*24*60*AX14/9000000 -> 0 | BB14: =BC$3*BC$4*216*24*60*BA14/9000000 -> 0 | BE14: =BF$3*BF$4*216*24*60*BD14/9000000 -> 0 | BH14: =BI$3*BI$4*216*24*60*BG14/9000000 -> 0 | BK14: =BL$3*BL$4*216*24*60*BJ14/9000000 -> 0 | BN14: =BO$3*BO$4*216*24*60*BM14/9000000 -> 0 | BQ14: =BR$3*BR$4*216*24*60*BP14/9000000 -> 0 | BT14: =BU$3*BU$4*216*24*60*BS14/9000000 -> 0 | BW14: =BX$3*BX$4*216*24*60*BV14/9000000 -> 0 | BZ14: =CA$3*CA$4*216*24*60*BY14/9000000 -> 0 | CC14: =CD$3*CD$4*216*24*60*CB14/9000000 -> 0 | CF14: =CG$3*CG$4*216*24*60*CE14/9000000 -> 0 | CI14: =CJ$3*CJ$4*216*24*60*CH14/9000000 -> 0 | CL14: =CM$3*CM$4*216*24*60*CK14/9000000 -> 0 | CO14: =CP$3*CP$4*216*24*60*CN14/9000000 -> 0 | CR14: =CS$3*CS$4*216*24*60*CQ14/9000000 -> 0 | CU14: =CV$3*CV$4*216*24*60*CT14/9000000 -> 0 | CX14: =CY$3*CY$4*216*24*60*CW14/9000000 -> 0 | DA14: =DB$3*DB$4*216*24*60*CZ14/9000000 -> 0 | DD14: =DE$3*DE$4*216*24*60*DC14/9000000 -> 0 | DG14: =DH$3*DH$4*216*24*60*DF14/9000000 -> 0 | DJ14: =DK$3*DK$4*216*24*60*DI14/9000000 -> 0 | DM14: =DN$3*DN$4*216*24*60*DL14/9000000 -> 0 | DP14: =DQ$3*DQ$4*216*24*60*DO14/9000000 -> 0 | DS14: =DT$3*DT$4*216*24*60*DR14/9000000 -> 0 | DV14: =DW$3*DW$4*216*24*60*DU14/9000000 -> 0 | DY14: =DZ$3*DZ$4*216*24*60*DX14/9000000 -> 0 | EB14: =EC$3*EC$4*216*24*60*EA14/9000000 -> 0 | EE14: =EF$3*EF$4*216*24*60*ED14/9000000 -> 0 | EH14: =EI$3*EI$4*216*24*60*EG14/9000000 -> 0 | EK14: =EL$3*EL$4*216*24*60*EJ14/9000000 -> 0 | EN14: =EO$3*EO$4*216*24*60*EM14/9000000 -> 0 | EQ14: =ER$3*ER$4*216*24*60*EP14/9000000 -> 0 | ET14: =EU$3*EU$4*216*24*60*ES14/9000000 -> 0 | EW14: =EX$3*EX$4*216*24*60*EV14/9000000 -> 0 | EZ14: =FA$3*FA$4*216*24*60*EY14/9000000 -> 0 | FC14: =FD$3*FD$4*216*24*60*FB14/9000000 -> 0 | FF14: =FG$3*FG$4*216*24*60*FE14/9000000 -> 0 | FI14: =FJ$3*FJ$4*216*24*60*FH14/9000000 -> 0 | FL14: =FM$3*FM$4*216*24*60*FK14/9000000 -> 0 | FO14: =FP$3*FP$4*216*24*60*FN14/9000000 -> 0 | FR14: =FS$3*FS$4*216*24*60*FQ14/9000000 -> 0 | FU14: =FV$3*FV$4*216*24*60*FT14/9000000 -> 0 | FX14: =FY$3*FY$4*216*24*60*FW14/9000000 -> 0 | GA14: =GB$3*GB$4*216*24*60*FZ14/9000000 -> 0 | GD14: =GE$3*GE$4*216*24*60*GC14/9000000 -> 0 | GG14: =GH$3*GH$4*216*24*60*GF14/9000000 -> 0 | GJ14: =GK$3*GK$4*216*24*60*GI14/9000000 -> 0 | GL14: =AC14+Z14+W14+T14+Q14+N14+K14+H14+E14+B14+AF14+AI14+AL14+AO14+AR14+AU14+AX14+BA14+BD14+BG14+BJ14+BM14+BP14+BS14+BV14+BY14+CB14+CE14+CH14+CK14+CN14+CQ14+CT14+CW14+CZ14+DC14+DL14+DF14+DI14+DO14+DR14+DU14+DX14+EA14+ED14+EG14+EJ14+EM14+EP14+ES14+EV14+EY14+FB14+FE14+FH14+FK14+FN14+FQ14+FT14+FW14+FZ14+GC14+GF14+GI14 -> 7 | GM14: =GL14+'33J'!BK14+'M80(20250122封存)'!CX14+MPS!AY14+TMT!CX14 -> 13.5
A15: 10 | B15: 1 | C15: =D$3*D$4*216*24*60*B15/9000000 -> 1045.0944 | E15: 1 | F15: =G$3*G$4*216*24*60*E15/9000000 -> 914.112 | I15: =J$3*J$4*216*24*60*H15/9000000 -> 0 | K15: 0 | L15: =M$3*M$4*216*24*60*K15/9000000 -> 0 | N15: 1 | O15: =P$3*P$4*216*24*60*N15/9000000 -> 1451.52 | R15: =S$3*S$4*216*24*60*Q15/9000000 -> 0 | T15: 1 | U15: =V$3*V$4*216*24*60*T15/9000000 -> 2965.248 | W15: 1 | X15: =Y$3*Y$4*216*24*60*W15/9000000 -> 1472.256 | Z15: 1 | AA15: =AB$3*AB$4*216*24*60*Z15/9000000 -> 3189.888 | AC15: 1 | AD15: =AE$3*AE$4*216*24*60*AC15/9000000 -> 2699.136 | AF15: 0 | AG15: =AH$3*AH$4*216*24*60*AF15/9000000 -> 0 | AI15: 0 | AJ15: =AK$3*AK$4*216*24*60*AI15/9000000 -> 0 | AM15: =AN$3*AN$4*216*24*60*AL15/9000000 -> 0 | AP15: =AQ$3*AQ$4*216*24*60*AO15/9000000 -> 0 | AS15: =AT$3*AT$4*216*24*60*AR15/9000000 -> 0 | AV15: =AW$3*AW$4*216*24*60*AU15/9000000 -> 0 | AY15: =AZ$3*AZ$4*216*24*60*AX15/9000000 -> 0 | BB15: =BC$3*BC$4*216*24*60*BA15/9000000 -> 0 | BE15: =BF$3*BF$4*216*24*60*BD15/9000000 -> 0 | BH15: =BI$3*BI$4*216*24*60*BG15/9000000 -> 0 | BK15: =BL$3*BL$4*216*24*60*BJ15/9000000 -> 0 | BN15: =BO$3*BO$4*216*24*60*BM15/9000000 -> 0 | BQ15: =BR$3*BR$4*216*24*60*BP15/9000000 -> 0 | BT15: =BU$3*BU$4*216*24*60*BS15/9000000 -> 0 | BW15: =BX$3*BX$4*216*24*60*BV15/9000000 -> 0 | BZ15: =CA$3*CA$4*216*24*60*BY15/9000000 -> 0 | CC15: =CD$3*CD$4*216*24*60*CB15/9000000 -> 0 | CF15: =CG$3*CG$4*216*24*60*CE15/9000000 -> 0 | CI15: =CJ$3*CJ$4*216*24*60*CH15/9000000 -> 0 | CL15: =CM$3*CM$4*216*24*60*CK15/9000000 -> 0 | CO15: =CP$3*CP$4*216*24*60*CN15/9000000 -> 0 | CR15: =CS$3*CS$4*216*24*60*CQ15/9000000 -> 0 | CU15: =CV$3*CV$4*216*24*60*CT15/9000000 -> 0 | CX15: =CY$3*CY$4*216*24*60*CW15/9000000 -> 0 | DA15: =DB$3*DB$4*216*24*60*CZ15/9000000 -> 0 | DD15: =DE$3*DE$4*216*24*60*DC15/9000000 -> 0 | DG15: =DH$3*DH$4*216*24*60*DF15/9000000 -> 0 | DJ15: =DK$3*DK$4*216*24*60*DI15/9000000 -> 0 | DM15: =DN$3*DN$4*216*24*60*DL15/9000000 -> 0 | DP15: =DQ$3*DQ$4*216*24*60*DO15/9000000 -> 0 | DS15: =DT$3*DT$4*216*24*60*DR15/9000000 -> 0 | DV15: =DW$3*DW$4*216*24*60*DU15/9000000 -> 0 | DY15: =DZ$3*DZ$4*216*24*60*DX15/9000000 -> 0 | EB15: =EC$3*EC$4*216*24*60*EA15/9000000 -> 0 | EE15: =EF$3*EF$4*216*24*60*ED15/9000000 -> 0 | EH15: =EI$3*EI$4*216*24*60*EG15/9000000 -> 0 | EK15: =EL$3*EL$4*216*24*60*EJ15/9000000 -> 0 | EN15: =EO$3*EO$4*216*24*60*EM15/9000000 -> 0 | EQ15: =ER$3*ER$4*216*24*60*EP15/9000000 -> 0 | ET15: =EU$3*EU$4*216*24*60*ES15/9000000 -> 0 | EW15: =EX$3*EX$4*216*24*60*EV15/9000000 -> 0 | EZ15: =FA$3*FA$4*216*24*60*EY15/9000000 -> 0 | FC15: =FD$3*FD$4*216*24*60*FB15/9000000 -> 0 | FF15: =FG$3*FG$4*216*24*60*FE15/9000000 -> 0 | FI15: =FJ$3*FJ$4*216*24*60*FH15/9000000 -> 0 | FL15: =FM$3*FM$4*216*24*60*FK15/9000000 -> 0 | FO15: =FP$3*FP$4*216*24*60*FN15/9000000 -> 0 | FR15: =FS$3*FS$4*216*24*60*FQ15/9000000 -> 0 | FU15: =FV$3*FV$4*216*24*60*FT15/9000000 -> 0 | FX15: =FY$3*FY$4*216*24*60*FW15/9000000 -> 0 | GA15: =GB$3*GB$4*216*24*60*FZ15/9000000 -> 0 | GD15: =GE$3*GE$4*216*24*60*GC15/9000000 -> 0 | GG15: =GH$3*GH$4*216*24*60*GF15/9000000 -> 0 | GJ15: =GK$3*GK$4*216*24*60*GI15/9000000 -> 0 | GL15: =AC15+Z15+W15+T15+Q15+N15+K15+H15+E15+B15+AF15+AI15+AL15+AO15+AR15+AU15+AX15+BA15+BD15+BG15+BJ15+BM15+BP15+BS15+BV15+BY15+CB15+CE15+CH15+CK15+CN15+CQ15+CT15+CW15+CZ15+DC15+DL15+DF15+DI15+DO15+DR15+DU15+DX15+EA15+ED15+EG15+EJ15+EM15+EP15+ES15+EV15+EY15+FB15+FE15+FH15+FK15+FN15+FQ15+FT15+FW15+FZ15+GC15+GF15+GI15 -> 7 | GM15: =GL15+'33J'!BK15+'M80(20250122封存)'!CX15+MPS!AY15+TMT!CX15 -> 13.5
A16: 11 | B16: 1 | C16: =D$3*D$4*216*24*60*B16/9000000 -> 1045.0944 | D16: 1200 | E16: 1 | F16: =G$3*G$4*216*24*60*E16/9000000 -> 914.112 | G16: 1200 | I16: =J$3*J$4*216*24*60*H16/9000000 -> 0 | K16: 0 | L16: =M$3*M$4*216*24*60*K16/9000000 -> 0 | M16: 664 | N16: 1 | O16: =P$3*P$4*216*24*60*N16/9000000 -> 1451.52 | P16: 750 | R16: =S$3*S$4*216*24*60*Q16/9000000 -> 0 | T16: 1 | U16: =V$3*V$4*216*24*60*T16/9000000 -> 2965.248 | V16: 6000 | W16: 1 | X16: =Y$3*Y$4*216*24*60*W16/9000000 -> 1472.256 | Y16: 1500 | Z16: 1 | AA16: =AB$3*AB$4*216*24*60*Z16/9000000 -> 3189.888 | AB16: 5250 | AC16: 1 | AD16: =AE$3*AE$4*216*24*60*AC16/9000000 -> 2699.136 | AE16: 1500 | AF16: 0 | AG16: =AH$3*AH$4*216*24*60*AF16/9000000 -> 0 | AI16: 0 | AJ16: =AK$3*AK$4*216*24*60*AI16/9000000 -> 0 | AM16: =AN$3*AN$4*216*24*60*AL16/9000000 -> 0 | AP16: =AQ$3*AQ$4*216*24*60*AO16/9000000 -> 0 | AS16: =AT$3*AT$4*216*24*60*AR16/9000000 -> 0 | AV16: =AW$3*AW$4*216*24*60*AU16/9000000 -> 0 | AY16: =AZ$3*AZ$4*216*24*60*AX16/9000000 -> 0 | BB16: =BC$3*BC$4*216*24*60*BA16/9000000 -> 0 | BE16: =BF$3*BF$4*216*24*60*BD16/9000000 -> 0 | BH16: =BI$3*BI$4*216*24*60*BG16/9000000 -> 0 | BK16: =BL$3*BL$4*216*24*60*BJ16/9000000 -> 0 | BN16: =BO$3*BO$4*216*24*60*BM16/9000000 -> 0 | BQ16: =BR$3*BR$4*216*24*60*BP16/9000000 -> 0 | BT16: =BU$3*BU$4*216*24*60*BS16/9000000 -> 0 | BW16: =BX$3*BX$4*216*24*60*BV16/9000000 -> 0 | BZ16: =CA$3*CA$4*216*24*60*BY16/9000000 -> 0 | CC16: =CD$3*CD$4*216*24*60*CB16/9000000 -> 0 | CF16: =CG$3*CG$4*216*24*60*CE16/9000000 -> 0 | CI16: =CJ$3*CJ$4*216*24*60*CH16/9000000 -> 0 | CL16: =CM$3*CM$4*216*24*60*CK16/9000000 -> 0 | CO16: =CP$3*CP$4*216*24*60*CN16/9000000 -> 0 | CR16: =CS$3*CS$4*216*24*60*CQ16/9000000 -> 0 | CU16: =CV$3*CV$4*216*24*60*CT16/9000000 -> 0 | CX16: =CY$3*CY$4*216*24*60*CW16/9000000 -> 0 | DA16: =DB$3*DB$4*216*24*60*CZ16/9000000 -> 0 | DD16: =DE$3*DE$4*216*24*60*DC16/9000000 -> 0 | DG16: =DH$3*DH$4*216*24*60*DF16/9000000 -> 0 | DJ16: =DK$3*DK$4*216*24*60*DI16/9000000 -> 0 | DM16: =DN$3*DN$4*216*24*60*DL16/9000000 -> 0 | DP16: =DQ$3*DQ$4*216*24*60*DO16/9000000 -> 0 | DS16: =DT$3*DT$4*216*24*60*DR16/9000000 -> 0 | DV16: =DW$3*DW$4*216*24*60*DU16/9000000 -> 0 | DY16: =DZ$3*DZ$4*216*24*60*DX16/9000000 -> 0 | EB16: =EC$3*EC$4*216*24*60*EA16/9000000 -> 0 | EE16: =EF$3*EF$4*216*24*60*ED16/9000000 -> 0 | EH16: =EI$3*EI$4*216*24*60*EG16/9000000 -> 0 | EK16: =EL$3*EL$4*216*24*60*EJ16/9000000 -> 0 | EN16: =EO$3*EO$4*216*24*60*EM16/9000000 -> 0 | EQ16: =ER$3*ER$4*216*24*60*EP16/9000000 -> 0 | ET16: =EU$3*EU$4*216*24*60*ES16/9000000 -> 0 | EW16: =EX$3*EX$4*216*24*60*EV16/9000000 -> 0 | EZ16: =FA$3*FA$4*216*24*60*EY16/9000000 -> 0 | FC16: =FD$3*FD$4*216*24*60*FB16/9000000 -> 0 | FF16: =FG$3*FG$4*216*24*60*FE16/9000000 -> 0 | FI16: =FJ$3*FJ$4*216*24*60*FH16/9000000 -> 0 | FL16: =FM$3*FM$4*216*24*60*FK16/9000000 -> 0 | FO16: =FP$3*FP$4*216*24*60*FN16/9000000 -> 0 | FR16: =FS$3*FS$4*216*24*60*FQ16/9000000 -> 0 | FU16: =FV$3*FV$4*216*24*60*FT16/9000000 -> 0 | FX16: =FY$3*FY$4*216*24*60*FW16/9000000 -> 0 | GA16: =GB$3*GB$4*216*24*60*FZ16/9000000 -> 0 | GD16: =GE$3*GE$4*216*24*60*GC16/9000000 -> 0 | GG16: =GH$3*GH$4*216*24*60*GF16/9000000 -> 0 | GJ16: =GK$3*GK$4*216*24*60*GI16/9000000 -> 0 | GL16: =AC16+Z16+W16+T16+Q16+N16+K16+H16+E16+B16+AF16+AI16+AL16+AO16+AR16+AU16+AX16+BA16+BD16+BG16+BJ16+BM16+BP16+BS16+BV16+BY16+CB16+CE16+CH16+CK16+CN16+CQ16+CT16+CW16+CZ16+DC16+DL16+DF16+DI16+DO16+DR16+DU16+DX16+EA16+ED16+EG16+EJ16+EM16+EP16+ES16+EV16+EY16+FB16+FE16+FH16+FK16+FN16+FQ16+FT16+FW16+FZ16+GC16+GF16+GI16 -> 7 | GM16: =GL16+'33J'!BK16+'M80(20250122封存)'!CX16+MPS!AY16+TMT!CX16 -> 13.5
A17: 12 | B17: 1 | C17: =D$3*D$4*216*24*60*B17/9000000 -> 1045.0944 | D17: 2184 | E17: 1 | F17: =G$3*G$4*216*24*60*E17/9000000 -> 914.112 | G17: 600 | I17: =J$3*J$4*216*24*60*H17/9000000 -> 0 | K17: 0 | L17: =M$3*M$4*216*24*60*K17/9000000 -> 0 | N17: 1 | O17: =P$3*P$4*216*24*60*N17/9000000 -> 1451.52 | P17: 1500 | R17: =S$3*S$4*216*24*60*Q17/9000000 -> 0 | T17: 1 | U17: =V$3*V$4*216*24*60*T17/9000000 -> 2965.248 | V17: 2850 | W17: 1 | X17: =Y$3*Y$4*216*24*60*W17/9000000 -> 1472.256 | Y17: 1500 | Z17: 1 | AA17: =AB$3*AB$4*216*24*60*Z17/9000000 -> 3189.888 | AB17: 3000 | AC17: 1 | AD17: =AE$3*AE$4*216*24*60*AC17/9000000 -> 2699.136 | AE17: 5250 | AF17: 0 | AG17: =AH$3*AH$4*216*24*60*AF17/9000000 -> 0 | AI17: 0 | AJ17: =AK$3*AK$4*216*24*60*AI17/9000000 -> 0 | AM17: =AN$3*AN$4*216*24*60*AL17/9000000 -> 0 | AP17: =AQ$3*AQ$4*216*24*60*AO17/9000000 -> 0 | AS17: =AT$3*AT$4*216*24*60*AR17/9000000 -> 0 | AV17: =AW$3*AW$4*216*24*60*AU17/9000000 -> 0 | AY17: =AZ$3*AZ$4*216*24*60*AX17/9000000 -> 0 | BB17: =BC$3*BC$4*216*24*60*BA17/9000000 -> 0 | BE17: =BF$3*BF$4*216*24*60*BD17/9000000 -> 0 | BH17: =BI$3*BI$4*216*24*60*BG17/9000000 -> 0 | BK17: =BL$3*BL$4*216*24*60*BJ17/9000000 -> 0 | BN17: =BO$3*BO$4*216*24*60*BM17/9000000 -> 0 | BQ17: =BR$3*BR$4*216*24*60*BP17/9000000 -> 0 | BT17: =BU$3*BU$4*216*24*60*BS17/9000000 -> 0 | BW17: =BX$3*BX$4*216*24*60*BV17/9000000 -> 0 | BZ17: =CA$3*CA$4*216*24*60*BY17/9000000 -> 0 | CC17: =CD$3*CD$4*216*24*60*CB17/9000000 -> 0 | CF17: =CG$3*CG$4*216*24*60*CE17/9000000 -> 0 | CI17: =CJ$3*CJ$4*216*24*60*CH17/9000000 -> 0 | CL17: =CM$3*CM$4*216*24*60*CK17/9000000 -> 0 | CO17: =CP$3*CP$4*216*24*60*CN17/9000000 -> 0 | CR17: =CS$3*CS$4*216*24*60*CQ17/9000000 -> 0 | CU17: =CV$3*CV$4*216*24*60*CT17/9000000 -> 0 | CX17: =CY$3*CY$4*216*24*60*CW17/9000000 -> 0 | DA17: =DB$3*DB$4*216*24*60*CZ17/9000000 -> 0 | DD17: =DE$3*DE$4*216*24*60*DC17/9000000 -> 0 | DG17: =DH$3*DH$4*216*24*60*DF17/9000000 -> 0 | DJ17: =DK$3*DK$4*216*24*60*DI17/9000000 -> 0 | DM17: =DN$3*DN$4*216*24*60*DL17/9000000 -> 0 | DP17: =DQ$3*DQ$4*216*24*60*DO17/9000000 -> 0 | DS17: =DT$3*DT$4*216*24*60*DR17/9000000 -> 0 | DV17: =DW$3*DW$4*216*24*60*DU17/9000000 -> 0 | DY17: =DZ$3*DZ$4*216*24*60*DX17/9000000 -> 0 | EB17: =EC$3*EC$4*216*24*60*EA17/9000000 -> 0 | EE17: =EF$3*EF$4*216*24*60*ED17/9000000 -> 0 | EH17: =EI$3*EI$4*216*24*60*EG17/9000000 -> 0 | EK17: =EL$3*EL$4*216*24*60*EJ17/9000000 -> 0 | EN17: =EO$3*EO$4*216*24*60*EM17/9000000 -> 0 | EQ17: =ER$3*ER$4*216*24*60*EP17/9000000 -> 0 | ET17: =EU$3*EU$4*216*24*60*ES17/9000000 -> 0 | EW17: =EX$3*EX$4*216*24*60*EV17/9000000 -> 0 | EZ17: =FA$3*FA$4*216*24*60*EY17/9000000 -> 0 | FC17: =FD$3*FD$4*216*24*60*FB17/9000000 -> 0 | FF17: =FG$3*FG$4*216*24*60*FE17/9000000 -> 0 | FI17: =FJ$3*FJ$4*216*24*60*FH17/9000000 -> 0 | FL17: =FM$3*FM$4*216*24*60*FK17/9000000 -> 0 | FO17: =FP$3*FP$4*216*24*60*FN17/9000000 -> 0 | FR17: =FS$3*FS$4*216*24*60*FQ17/9000000 -> 0 | FU17: =FV$3*FV$4*216*24*60*FT17/9000000 -> 0 | FX17: =FY$3*FY$4*216*24*60*FW17/9000000 -> 0 | GA17: =GB$3*GB$4*216*24*60*FZ17/9000000 -> 0 | GD17: =GE$3*GE$4*216*24*60*GC17/9000000 -> 0 | GG17: =GH$3*GH$4*216*24*60*GF17/9000000 -> 0 | GJ17: =GK$3*GK$4*216*24*60*GI17/9000000 -> 0 | GL17: =AC17+Z17+W17+T17+Q17+N17+K17+H17+E17+B17+AF17+AI17+AL17+AO17+AR17+AU17+AX17+BA17+BD17+BG17+BJ17+BM17+BP17+BS17+BV17+BY17+CB17+CE17+CH17+CK17+CN17+CQ17+CT17+CW17+CZ17+DC17+DL17+DF17+DI17+DO17+DR17+DU17+DX17+EA17+ED17+EG17+EJ17+EM17+EP17+ES17+EV17+EY17+FB17+FE17+FH17+FK17+FN17+FQ17+FT17+FW17+FZ17+GC17+GF17+GI17 -> 7 | GM17: =GL17+'33J'!BK17+'M80(20250122封存)'!CX17+MPS!AY17+TMT!CX17 -> 13.5
A18: 13 | B18: 1 | C18: =D$3*D$4*216*24*60*B18/9000000 -> 1045.0944 | D18: 1032 | E18: 1 | F18: =G$3*G$4*216*24*60*E18/9000000 -> 914.112 | G18: 625 | I18: =J$3*J$4*216*24*60*H18/9000000 -> 0 | K18: 0 | L18: =M$3*M$4*216*24*60*K18/9000000 -> 0 | N18: 1 | O18: =P$3*P$4*216*24*60*N18/9000000 -> 1451.52 | P18: 1500 | R18: =S$3*S$4*216*24*60*Q18/9000000 -> 0 | T18: 1 | U18: =V$3*V$4*216*24*60*T18/9000000 -> 2965.248 | V18: 3750 | W18: 1 | X18: =Y$3*Y$4*216*24*60*W18/9000000 -> 1472.256 | Y18: 2250 | Z18: 1 | AA18: =AB$3*AB$4*216*24*60*Z18/9000000 -> 3189.888 | AC18: 1 | AD18: =AE$3*AE$4*216*24*60*AC18/9000000 -> 2699.136 | AE18: 3000 | AF18: 0 | AG18: =AH$3*AH$4*216*24*60*AF18/9000000 -> 0 | AI18: 0 | AJ18: =AK$3*AK$4*216*24*60*AI18/9000000 -> 0 | AM18: =AN$3*AN$4*216*24*60*AL18/9000000 -> 0 | AP18: =AQ$3*AQ$4*216*24*60*AO18/9000000 -> 0 | AS18: =AT$3*AT$4*216*24*60*AR18/9000000 -> 0 | AV18: =AW$3*AW$4*216*24*60*AU18/9000000 -> 0 | AY18: =AZ$3*AZ$4*216*24*60*AX18/9000000 -> 0 | BB18: =BC$3*BC$4*216*24*60*BA18/9000000 -> 0 | BE18: =BF$3*BF$4*216*24*60*BD18/9000000 -> 0 | BH18: =BI$3*BI$4*216*24*60*BG18/9000000 -> 0 | BK18: =BL$3*BL$4*216*24*60*BJ18/9000000 -> 0 | BN18: =BO$3*BO$4*216*24*60*BM18/9000000 -> 0 | BQ18: =BR$3*BR$4*216*24*60*BP18/9000000 -> 0 | BT18: =BU$3*BU$4*216*24*60*BS18/9000000 -> 0 | BW18: =BX$3*BX$4*216*24*60*BV18/9000000 -> 0 | BZ18: =CA$3*CA$4*216*24*60*BY18/9000000 -> 0 | CC18: =CD$3*CD$4*216*24*60*CB18/9000000 -> 0 | CF18: =CG$3*CG$4*216*24*60*CE18/9000000 -> 0 | CI18: =CJ$3*CJ$4*216*24*60*CH18/9000000 -> 0 | CL18: =CM$3*CM$4*216*24*60*CK18/9000000 -> 0 | CO18: =CP$3*CP$4*216*24*60*CN18/9000000 -> 0 | CR18: =CS$3*CS$4*216*24*60*CQ18/9000000 -> 0 | CU18: =CV$3*CV$4*216*24*60*CT18/9000000 -> 0 | CX18: =CY$3*CY$4*216*24*60*CW18/9000000 -> 0 | DA18: =DB$3*DB$4*216*24*60*CZ18/9000000 -> 0 | DD18: =DE$3*DE$4*216*24*60*DC18/9000000 -> 0 | DG18: =DH$3*DH$4*216*24*60*DF18/9000000 -> 0 | DJ18: =DK$3*DK$4*216*24*60*DI18/9000000 -> 0 | DM18: =DN$3*DN$4*216*24*60*DL18/9000000 -> 0 | DP18: =DQ$3*DQ$4*216*24*60*DO18/9000000 -> 0 | DS18: =DT$3*DT$4*216*24*60*DR18/9000000 -> 0 | DV18: =DW$3*DW$4*216*24*60*DU18/9000000 -> 0 | DY18: =DZ$3*DZ$4*216*24*60*DX18/9000000 -> 0 | EB18: =EC$3*EC$4*216*24*60*EA18/9000000 -> 0 | EE18: =EF$3*EF$4*216*24*60*ED18/9000000 -> 0 | EH18: =EI$3*EI$4*216*24*60*EG18/9000000 -> 0 | EK18: =EL$3*EL$4*216*24*60*EJ18/9000000 -> 0 | EN18: =EO$3*EO$4*216*24*60*EM18/9000000 -> 0 | EQ18: =ER$3*ER$4*216*24*60*EP18/9000000 -> 0 | ET18: =EU$3*EU$4*216*24*60*ES18/9000000 -> 0 | EW18: =EX$3*EX$4*216*24*60*EV18/9000000 -> 0 | EZ18: =FA$3*FA$4*216*24*60*EY18/9000000 -> 0 | FC18: =FD$3*FD$4*216*24*60*FB18/9000000 -> 0 | FF18: =FG$3*FG$4*216*24*60*FE18/9000000 -> 0 | FI18: =FJ$3*FJ$4*216*24*60*FH18/9000000 -> 0 | FL18: =FM$3*FM$4*216*24*60*FK18/9000000 -> 0 | FO18: =FP$3*FP$4*216*24*60*FN18/9000000 -> 0 | FR18: =FS$3*FS$4*216*24*60*FQ18/9000000 -> 0 | FU18: =FV$3*FV$4*216*24*60*FT18/9000000 -> 0 | FX18: =FY$3*FY$4*216*24*60*FW18/9000000 -> 0 | GA18: =GB$3*GB$4*216*24*60*FZ18/9000000 -> 0 | GD18: =GE$3*GE$4*216*24*60*GC18/9000000 -> 0 | GG18: =GH$3*GH$4*216*24*60*GF18/9000000 -> 0 | GJ18: =GK$3*GK$4*216*24*60*GI18/9000000 -> 0 | GL18: =AC18+Z18+W18+T18+Q18+N18+K18+H18+E18+B18+AF18+AI18+AL18+AO18+AR18+AU18+AX18+BA18+BD18+BG18+BJ18+BM18+BP18+BS18+BV18+BY18+CB18+CE18+CH18+CK18+CN18+CQ18+CT18+CW18+CZ18+DC18+DL18+DF18+DI18+DO18+DR18+DU18+DX18+EA18+ED18+EG18+EJ18+EM18+EP18+ES18+EV18+EY18+FB18+FE18+FH18+FK18+FN18+FQ18+FT18+FW18+FZ18+GC18+GF18+GI18 -> 7 | GM18: =GL18+'33J'!BK18+'M80(20250122封存)'!CX18+MPS!AY18+TMT!CX18 -> 13
A19: 14 | B19: 1 | C19: =D$3*D$4*216*24*60*B19/9000000 -> 1045.0944 | D19: 792 | E19: 0.5 | F19: =G$3*G$4*216*24*60*E19/9000000 -> 457.056 | G19: 1680 | I19: =J$3*J$4*216*24*60*H19/9000000 -> 0 | K19: 0 | L19: =M$3*M$4*216*24*60*K19/9000000 -> 0 | M19: 1028 | N19: 1 | O19: =P$3*P$4*216*24*60*N19/9000000 -> 1451.52 | P19: 750 | R19: =S$3*S$4*216*24*60*Q19/9000000 -> 0 | T19: 1 | U19: =V$3*V$4*216*24*60*T19/9000000 -> 2965.248 | V19: 1500 | W19: 1 | X19: =Y$3*Y$4*216*24*60*W19/9000000 -> 1472.256 | Y19: 1458 | Z19: 1 | AA19: =AB$3*AB$4*216*24*60*Z19/9000000 -> 3189.888 | AB19: 4500 | AC19: 1 | AD19: =AE$3*AE$4*216*24*60*AC19/9000000 -> 2699.136 | AE19: 2970 | AF19: 0 | AG19: =AH$3*AH$4*216*24*60*AF19/9000000 -> 0 | AI19: 0 | AJ19: =AK$3*AK$4*216*24*60*AI19/9000000 -> 0 | AM19: =AN$3*AN$4*216*24*60*AL19/9000000 -> 0 | AP19: =AQ$3*AQ$4*216*24*60*AO19/9000000 -> 0 | AS19: =AT$3*AT$4*216*24*60*AR19/9000000 -> 0 | AV19: =AW$3*AW$4*216*24*60*AU19/9000000 -> 0 | AY19: =AZ$3*AZ$4*216*24*60*AX19/9000000 -> 0 | BB19: =BC$3*BC$4*216*24*60*BA19/9000000 -> 0 | BE19: =BF$3*BF$4*216*24*60*BD19/9000000 -> 0 | BH19: =BI$3*BI$4*216*24*60*BG19/9000000 -> 0 | BK19: =BL$3*BL$4*216*24*60*BJ19/9000000 -> 0 | BN19: =BO$3*BO$4*216*24*60*BM19/9000000 -> 0 | BQ19: =BR$3*BR$4*216*24*60*BP19/9000000 -> 0 | BT19: =BU$3*BU$4*216*24*60*BS19/9000000 -> 0 | BW19: =BX$3*BX$4*216*24*60*BV19/9000000 -> 0 | BZ19: =CA$3*CA$4*216*24*60*BY19/9000000 -> 0 | CC19: =CD$3*CD$4*216*24*60*CB19/9000000 -> 0 | CF19: =CG$3*CG$4*216*24*60*CE19/9000000 -> 0 | CI19: =CJ$3*CJ$4*216*24*60*CH19/9000000 -> 0 | CL19: =CM$3*CM$4*216*24*60*CK19/9000000 -> 0 | CO19: =CP$3*CP$4*216*24*60*CN19/9000000 -> 0 | CR19: =CS$3*CS$4*216*24*60*CQ19/9000000 -> 0 | CU19: =CV$3*CV$4*216*24*60*CT19/9000000 -> 0 | CX19: =CY$3*CY$4*216*24*60*CW19/9000000 -> 0 | DA19: =DB$3*DB$4*216*24*60*CZ19/9000000 -> 0 | DD19: =DE$3*DE$4*216*24*60*DC19/9000000 -> 0 | DG19: =DH$3*DH$4*216*24*60*DF19/9000000 -> 0 | DJ19: =DK$3*DK$4*216*24*60*DI19/9000000 -> 0 | DM19: =DN$3*DN$4*216*24*60*DL19/9000000 -> 0 | DP19: =DQ$3*DQ$4*216*24*60*DO19/9000000 -> 0 | DS19: =DT$3*DT$4*216*24*60*DR19/9000000 -> 0 | DV19: =DW$3*DW$4*216*24*60*DU19/9000000 -> 0 | DY19: =DZ$3*DZ$4*216*24*60*DX19/9000000 -> 0 | EB19: =EC$3*EC$4*216*24*60*EA19/9000000 -> 0 | EE19: =EF$3*EF$4*216*24*60*ED19/9000000 -> 0 | EH19: =EI$3*EI$4*216*24*60*EG19/9000000 -> 0 | EK19: =EL$3*EL$4*216*24*60*EJ19/9000000 -> 0 | EN19: =EO$3*EO$4*216*24*60*EM19/9000000 -> 0 | EQ19: =ER$3*ER$4*216*24*60*EP19/9000000 -> 0 | ET19: =EU$3*EU$4*216*24*60*ES19/9000000 -> 0 | EW19: =EX$3*EX$4*216*24*60*EV19/9000000 -> 0 | EZ19: =FA$3*FA$4*216*24*60*EY19/9000000 -> 0 | FC19: =FD$3*FD$4*216*24*60*FB19/9000000 -> 0 | FF19: =FG$3*FG$4*216*24*60*FE19/9000000 -> 0 | FI19: =FJ$3*FJ$4*216*24*60*FH19/9000000 -> 0 | FL19: =FM$3*FM$4*216*24*60*FK19/9000000 -> 0 | FO19: =FP$3*FP$4*216*24*60*FN19/9000000 -> 0 | FR19: =FS$3*FS$4*216*24*60*FQ19/9000000 -> 0 | FU19: =FV$3*FV$4*216*24*60*FT19/9000000 -> 0 | FX19: =FY$3*FY$4*216*24*60*FW19/9000000 -> 0 | GA19: =GB$3*GB$4*216*24*60*FZ19/9000000 -> 0 | GD19: =GE$3*GE$4*216*24*60*GC19/9000000 -> 0 | GG19: =GH$3*GH$4*216*24*60*GF19/9000000 -> 0 | GJ19: =GK$3*GK$4*216*24*60*GI19/9000000 -> 0 | GL19: =AC19+Z19+W19+T19+Q19+N19+K19+H19+E19+B19+AF19+AI19+AL19+AO19+AR19+AU19+AX19+BA19+BD19+BG19+BJ19+BM19+BP19+BS19+BV19+BY19+CB19+CE19+CH19+CK19+CN19+CQ19+CT19+CW19+CZ19+DC19+DL19+DF19+DI19+DO19+DR19+DU19+DX19+EA19+ED19+EG19+EJ19+EM19+EP19+ES19+EV19+EY19+FB19+FE19+FH19+FK19+FN19+FQ19+FT19+FW19+FZ19+GC19+GF19+GI19 -> 6.5 | GM19: =GL19+'33J'!BK19+'M80(20250122封存)'!CX19+MPS!AY19+TMT!CX19 -> 12
A20: 15 | B20: 1 | C20: =D$3*D$4*216*24*60*B20/9000000 -> 1045.0944 | D20: 192 | E20: 0.5 | F20: =G$3*G$4*216*24*60*E20/9000000 -> 457.056 | G20: 1200 | I20: =J$3*J$4*216*24*60*H20/9000000 -> 0 | K20: 0 | L20: =M$3*M$4*216*24*60*K20/9000000 -> 0 | N20: 1 | O20: =P$3*P$4*216*24*60*N20/9000000 -> 1451.52 | P20: 1500 | R20: =S$3*S$4*216*24*60*Q20/9000000 -> 0 | T20: 1 | U20: =V$3*V$4*216*24*60*T20/9000000 -> 2965.248 | V20: 3689 | W20: 1 | X20: =Y$3*Y$4*216*24*60*W20/9000000 -> 1472.256 | Y20: 1500 | Z20: 1 | AA20: =AB$3*AB$4*216*24*60*Z20/9000000 -> 3189.888 | AB20: 750 | AC20: 1 | AD20: =AE$3*AE$4*216*24*60*AC20/9000000 -> 2699.136 | AE20: 2850 | AF20: 0 | AG20: =AH$3*AH$4*216*24*60*AF20/9000000 -> 0 | AI20: 0 | AJ20: =AK$3*AK$4*216*24*60*AI20/9000000 -> 0 | AM20: =AN$3*AN$4*216*24*60*AL20/9000000 -> 0 | AP20: =AQ$3*AQ$4*216*24*60*AO20/9000000 -> 0 | AS20: =AT$3*AT$4*216*24*60*AR20/9000000 -> 0 | AV20: =AW$3*AW$4*216*24*60*AU20/9000000 -> 0 | AY20: =AZ$3*AZ$4*216*24*60*AX20/9000000 -> 0 | BB20: =BC$3*BC$4*216*24*60*BA20/9000000 -> 0 | BE20: =BF$3*BF$4*216*24*60*BD20/9000000 -> 0 | BH20: =BI$3*BI$4*216*24*60*BG20/9000000 -> 0 | BK20: =BL$3*BL$4*216*24*60*BJ20/9000000 -> 0 | BN20: =BO$3*BO$4*216*24*60*BM20/9000000 -> 0 | BQ20: =BR$3*BR$4*216*24*60*BP20/9000000 -> 0 | BT20: =BU$3*BU$4*216*24*60*BS20/9000000 -> 0 | BW20: =BX$3*BX$4*216*24*60*BV20/9000000 -> 0 | BZ20: =CA$3*CA$4*216*24*60*BY20/9000000 -> 0 | CC20: =CD$3*CD$4*216*24*60*CB20/9000000 -> 0 | CF20: =CG$3*CG$4*216*24*60*CE20/9000000 -> 0 | CI20: =CJ$3*CJ$4*216*24*60*CH20/9000000 -> 0 | CL20: =CM$3*CM$4*216*24*60*CK20/9000000 -> 0 | CO20: =CP$3*CP$4*216*24*60*CN20/9000000 -> 0 | CR20: =CS$3*CS$4*216*24*60*CQ20/9000000 -> 0 | CU20: =CV$3*CV$4*216*24*60*CT20/9000000 -> 0 | CX20: =CY$3*CY$4*216*24*60*CW20/9000000 -> 0 | DA20: =DB$3*DB$4*216*24*60*CZ20/9000000 -> 0 | DD20: =DE$3*DE$4*216*24*60*DC20/9000000 -> 0 | DG20: =DH$3*DH$4*216*24*60*DF20/9000000 -> 0 | DJ20: =DK$3*DK$4*216*24*60*DI20/9000000 -> 0 | DM20: =DN$3*DN$4*216*24*60*DL20/9000000 -> 0 | DP20: =DQ$3*DQ$4*216*24*60*DO20/9000000 -> 0 | DS20: =DT$3*DT$4*216*24*60*DR20/9000000 -> 0 | DV20: =DW$3*DW$4*216*24*60*DU20/9000000 -> 0 | DY20: =DZ$3*DZ$4*216*24*60*DX20/9000000 -> 0 | EB20: =EC$3*EC$4*216*24*60*EA20/9000000 -> 0 | EE20: =EF$3*EF$4*216*24*60*ED20/9000000 -> 0 | EH20: =EI$3*EI$4*216*24*60*EG20/9000000 -> 0 | EK20: =EL$3*EL$4*216*24*60*EJ20/9000000 -> 0 | EN20: =EO$3*EO$4*216*24*60*EM20/9000000 -> 0 | EQ20: =ER$3*ER$4*216*24*60*EP20/9000000 -> 0 | ET20: =EU$3*EU$4*216*24*60*ES20/9000000 -> 0 | EW20: =EX$3*EX$4*216*24*60*EV20/9000000 -> 0 | EZ20: =FA$3*FA$4*216*24*60*EY20/9000000 -> 0 | FC20: =FD$3*FD$4*216*24*60*FB20/9000000 -> 0 | FF20: =FG$3*FG$4*216*24*60*FE20/9000000 -> 0 | FI20: =FJ$3*FJ$4*216*24*60*FH20/9000000 -> 0 | FL20: =FM$3*FM$4*216*24*60*FK20/9000000 -> 0 | FO20: =FP$3*FP$4*216*24*60*FN20/9000000 -> 0 | FR20: =FS$3*FS$4*216*24*60*FQ20/9000000 -> 0 | FU20: =FV$3*FV$4*216*24*60*FT20/9000000 -> 0 | FX20: =FY$3*FY$4*216*24*60*FW20/9000000 -> 0 | GA20: =GB$3*GB$4*216*24*60*FZ20/9000000 -> 0 | GD20: =GE$3*GE$4*216*24*60*GC20/9000000 -> 0 | GG20: =GH$3*GH$4*216*24*60*GF20/9000000 -> 0 | GJ20: =GK$3*GK$4*216*24*60*GI20/9000000 -> 0 | GL20: =AC20+Z20+W20+T20+Q20+N20+K20+H20+E20+B20+AF20+AI20+AL20+AO20+AR20+AU20+AX20+BA20+BD20+BG20+BJ20+BM20+BP20+BS20+BV20+BY20+CB20+CE20+CH20+CK20+CN20+CQ20+CT20+CW20+CZ20+DC20+DL20+DF20+DI20+DO20+DR20+DU20+DX20+EA20+ED20+EG20+EJ20+EM20+EP20+ES20+EV20+EY20+FB20+FE20+FH20+FK20+FN20+FQ20+FT20+FW20+FZ20+GC20+GF20+GI20 -> 6.5 | GM20: =GL20+'33J'!BK20+'M80(20250122封存)'!CX20+MPS!AY20+TMT!CX20 -> 12
A21: 16 | B21: 1 | C21: =D$3*D$4*216*24*60*B21/9000000 -> 1045.0944 | D21: 1772 | E21: 0 | F21: =G$3*G$4*216*24*60*E21/9000000 -> 0 | I21: =J$3*J$4*216*24*60*H21/9000000 -> 0 | K21: 0 | L21: =M$3*M$4*216*24*60*K21/9000000 -> 0 | N21: 1 | O21: =P$3*P$4*216*24*60*N21/9000000 -> 1451.52 | P21: 2199 | R21: =S$3*S$4*216*24*60*Q21/9000000 -> 0 | T21: 1 | U21: =V$3*V$4*216*24*60*T21/9000000 -> 2965.248 | V21: 3000 | W21: 1 | X21: =Y$3*Y$4*216*24*60*W21/9000000 -> 1472.256 | Y21: 750 | Z21: 1 | AA21: =AB$3*AB$4*216*24*60*Z21/9000000 -> 3189.888 | AB21: 4466 | AC21: 1 | AD21: =AE$3*AE$4*216*24*60*AC21/9000000 -> 2699.136 | AE21: 1500 | AF21: 1 | AG21: =AH$3*AH$4*216*24*60*AF21/9000000 -> 3214.08 | AI21: 0 | AJ21: =AK$3*AK$4*216*24*60*AI21/9000000 -> 0 | AM21: =AN$3*AN$4*216*24*60*AL21/9000000 -> 0 | AP21: =AQ$3*AQ$4*216*24*60*AO21/9000000 -> 0 | AS21: =AT$3*AT$4*216*24*60*AR21/9000000 -> 0 | AV21: =AW$3*AW$4*216*24*60*AU21/9000000 -> 0 | AY21: =AZ$3*AZ$4*216*24*60*AX21/9000000 -> 0 | BB21: =BC$3*BC$4*216*24*60*BA21/9000000 -> 0 | BE21: =BF$3*BF$4*216*24*60*BD21/9000000 -> 0 | BH21: =BI$3*BI$4*216*24*60*BG21/9000000 -> 0 | BK21: =BL$3*BL$4*216*24*60*BJ21/9000000 -> 0 | BN21: =BO$3*BO$4*216*24*60*BM21/9000000 -> 0 | BQ21: =BR$3*BR$4*216*24*60*BP21/9000000 -> 0 | BT21: =BU$3*BU$4*216*24*60*BS21/9000000 -> 0 | BW21: =BX$3*BX$4*216*24*60*BV21/9000000 -> 0 | BZ21: =CA$3*CA$4*216*24*60*BY21/9000000 -> 0 | CC21: =CD$3*CD$4*216*24*60*CB21/9000000 -> 0 | CF21: =CG$3*CG$4*216*24*60*CE21/9000000 -> 0 | CI21: =CJ$3*CJ$4*216*24*60*CH21/9000000 -> 0 | CL21: =CM$3*CM$4*216*24*60*CK21/9000000 -> 0 | CO21: =CP$3*CP$4*216*24*60*CN21/9000000 -> 0 | CR21: =CS$3*CS$4*216*24*60*CQ21/9000000 -> 0 | CU21: =CV$3*CV$4*216*24*60*CT21/9000000 -> 0 | CX21: =CY$3*CY$4*216*24*60*CW21/9000000 -> 0 | DA21: =DB$3*DB$4*216*24*60*CZ21/9000000 -> 0 | DD21: =DE$3*DE$4*216*24*60*DC21/9000000 -> 0 | DG21: =DH$3*DH$4*216*24*60*DF21/9000000 -> 0 | DJ21: =DK$3*DK$4*216*24*60*DI21/9000000 -> 0 | DM21: =DN$3*DN$4*216*24*60*DL21/9000000 -> 0 | DP21: =DQ$3*DQ$4*216*24*60*DO21/9000000 -> 0 | DS21: =DT$3*DT$4*216*24*60*DR21/9000000 -> 0 | DV21: =DW$3*DW$4*216*24*60*DU21/9000000 -> 0 | DY21: =DZ$3*DZ$4*216*24*60*DX21/9000000 -> 0 | EB21: =EC$3*EC$4*216*24*60*EA21/9000000 -> 0 | EE21: =EF$3*EF$4*216*24*60*ED21/9000000 -> 0 | EH21: =EI$3*EI$4*216*24*60*EG21/9000000 -> 0 | EK21: =EL$3*EL$4*216*24*60*EJ21/9000000 -> 0 | EN21: =EO$3*EO$4*216*24*60*EM21/9000000 -> 0 | EQ21: =ER$3*ER$4*216*24*60*EP21/9000000 -> 0 | ET21: =EU$3*EU$4*216*24*60*ES21/9000000 -> 0 | EW21: =EX$3*EX$4*216*24*60*EV21/9000000 -> 0 | EZ21: =FA$3*FA$4*216*24*60*EY21/9000000 -> 0 | FC21: =FD$3*FD$4*216*24*60*FB21/9000000 -> 0 | FF21: =FG$3*FG$4*216*24*60*FE21/9000000 -> 0 | FI21: =FJ$3*FJ$4*216*24*60*FH21/9000000 -> 0 | FL21: =FM$3*FM$4*216*24*60*FK21/9000000 -> 0 | FO21: =FP$3*FP$4*216*24*60*FN21/9000000 -> 0 | FR21: =FS$3*FS$4*216*24*60*FQ21/9000000 -> 0 | FU21: =FV$3*FV$4*216*24*60*FT21/9000000 -> 0 | FX21: =FY$3*FY$4*216*24*60*FW21/9000000 -> 0 | GA21: =GB$3*GB$4*216*24*60*FZ21/9000000 -> 0 | GD21: =GE$3*GE$4*216*24*60*GC21/9000000 -> 0 | GG21: =GH$3*GH$4*216*24*60*GF21/9000000 -> 0 | GJ21: =GK$3*GK$4*216*24*60*GI21/9000000 -> 0 | GL21: =AC21+Z21+W21+T21+Q21+N21+K21+H21+E21+B21+AF21+AI21+AL21+AO21+AR21+AU21+AX21+BA21+BD21+BG21+BJ21+BM21+BP21+BS21+BV21+BY21+CB21+CE21+CH21+CK21+CN21+CQ21+CT21+CW21+CZ21+DC21+DL21+DF21+DI21+DO21+DR21+DU21+DX21+EA21+ED21+EG21+EJ21+EM21+EP21+ES21+EV21+EY21+FB21+FE21+FH21+FK21+FN21+FQ21+FT21+FW21+FZ21+GC21+GF21+GI21 -> 7 | GM21: =GL21+'33J'!BK21+'M80(20250122封存)'!CX21+MPS!AY21+TMT!CX21 -> 13
A22: 17 | B22: 1 | C22: =D$3*D$4*216*24*60*B22/9000000 -> 1045.0944 | D22: 2387 | E22: 0 | F22: =G$3*G$4*216*24*60*E22/9000000 -> 0 | I22: =J$3*J$4*216*24*60*H22/9000000 -> 0 | K22: 0 | L22: =M$3*M$4*216*24*60*K22/9000000 -> 0 | N22: 1 | O22: =P$3*P$4*216*24*60*N22/9000000 -> 1451.52 | P22: 1050 | R22: =S$3*S$4*216*24*60*Q22/9000000 -> 0 | T22: 1 | U22: =V$3*V$4*216*24*60*T22/9000000 -> 2965.248 | V22: 750 | W22: 1 | X22: =Y$3*Y$4*216*24*60*W22/9000000 -> 1472.256 | Y22: 2100 | Z22: 1 | AA22: =AB$3*AB$4*216*24*60*Z22/9000000 -> 3189.888 | AB22: 3750 | AC22: 1 | AD22: =AE$3*AE$4*216*24*60*AC22/9000000 -> 2699.136 | AE22: 2250 | AF22: 1 | AG22: =AH$3*AH$4*216*24*60*AF22/9000000 -> 3214.08 | AI22: 0 | AJ22: =AK$3*AK$4*216*24*60*AI22/9000000 -> 0 | AM22: =AN$3*AN$4*216*24*60*AL22/9000000 -> 0 | AP22: =AQ$3*AQ$4*216*24*60*AO22/9000000 -> 0 | AS22: =AT$3*AT$4*216*24*60*AR22/9000000 -> 0 | AV22: =AW$3*AW$4*216*24*60*AU22/9000000 -> 0 | AY22: =AZ$3*AZ$4*216*24*60*AX22/9000000 -> 0 | BB22: =BC$3*BC$4*216*24*60*BA22/9000000 -> 0 | BE22: =BF$3*BF$4*216*24*60*BD22/9000000 -> 0 | BH22: =BI$3*BI$4*216*24*60*BG22/9000000 -> 0 | BK22: =BL$3*BL$4*216*24*60*BJ22/9000000 -> 0 | BN22: =BO$3*BO$4*216*24*60*BM22/9000000 -> 0 | BQ22: =BR$3*BR$4*216*24*60*BP22/9000000 -> 0 | BT22: =BU$3*BU$4*216*24*60*BS22/9000000 -> 0 | BW22: =BX$3*BX$4*216*24*60*BV22/9000000 -> 0 | BZ22: =CA$3*CA$4*216*24*60*BY22/9000000 -> 0 | CC22: =CD$3*CD$4*216*24*60*CB22/9000000 -> 0 | CF22: =CG$3*CG$4*216*24*60*CE22/9000000 -> 0 | CI22: =CJ$3*CJ$4*216*24*60*CH22/9000000 -> 0 | CL22: =CM$3*CM$4*216*24*60*CK22/9000000 -> 0 | CO22: =CP$3*CP$4*216*24*60*CN22/9000000 -> 0 | CR22: =CS$3*CS$4*216*24*60*CQ22/9000000 -> 0 | CU22: =CV$3*CV$4*216*24*60*CT22/9000000 -> 0 | CX22: =CY$3*CY$4*216*24*60*CW22/9000000 -> 0 | DA22: =DB$3*DB$4*216*24*60*CZ22/9000000 -> 0 | DD22: =DE$3*DE$4*216*24*60*DC22/9000000 -> 0 | DG22: =DH$3*DH$4*216*24*60*DF22/9000000 -> 0 | DJ22: =DK$3*DK$4*216*24*60*DI22/9000000 -> 0 | DM22: =DN$3*DN$4*216*24*60*DL22/9000000 -> 0 | DP22: =DQ$3*DQ$4*216*24*60*DO22/9000000 -> 0 | DS22: =DT$3*DT$4*216*24*60*DR22/9000000 -> 0 | DV22: =DW$3*DW$4*216*24*60*DU22/9000000 -> 0 | DY22: =DZ$3*DZ$4*216*24*60*DX22/9000000 -> 0 | EB22: =EC$3*EC$4*216*24*60*EA22/9000000 -> 0 | EE22: =EF$3*EF$4*216*24*60*ED22/9000000 -> 0 | EH22: =EI$3*EI$4*216*24*60*EG22/9000000 -> 0 | EK22: =EL$3*EL$4*216*24*60*EJ22/9000000 -> 0 | EN22: =EO$3*EO$4*216*24*60*EM22/9000000 -> 0 | EQ22: =ER$3*ER$4*216*24*60*EP22/9000000 -> 0 | ET22: =EU$3*EU$4*216*24*60*ES22/9000000 -> 0 | EW22: =EX$3*EX$4*216*24*60*EV22/9000000 -> 0 | EZ22: =FA$3*FA$4*216*24*60*EY22/9000000 -> 0 | FC22: =FD$3*FD$4*216*24*60*FB22/9000000 -> 0 | FF22: =FG$3*FG$4*216*24*60*FE22/9000000 -> 0 | FI22: =FJ$3*FJ$4*216*24*60*FH22/9000000 -> 0 | FL22: =FM$3*FM$4*216*24*60*FK22/9000000 -> 0 | FO22: =FP$3*FP$4*216*24*60*FN22/9000000 -> 0 | FR22: =FS$3*FS$4*216*24*60*FQ22/9000000 -> 0 | FU22: =FV$3*FV$4*216*24*60*FT22/9000000 -> 0 | FX22: =FY$3*FY$4*216*24*60*FW22/9000000 -> 0 | GA22: =GB$3*GB$4*216*24*60*FZ22/9000000 -> 0 | GD22: =GE$3*GE$4*216*24*60*GC22/9000000 -> 0 | GG22: =GH$3*GH$4*216*24*60*GF22/9000000 -> 0 | GJ22: =GK$3*GK$4*216*24*60*GI22/9000000 -> 0 | GL22: =AC22+Z22+W22+T22+Q22+N22+K22+H22+E22+B22+AF22+AI22+AL22+AO22+AR22+AU22+AX22+BA22+BD22+BG22+BJ22+BM22+BP22+BS22+BV22+BY22+CB22+CE22+CH22+CK22+CN22+CQ22+CT22+CW22+CZ22+DC22+DL22+DF22+DI22+DO22+DR22+DU22+DX22+EA22+ED22+EG22+EJ22+EM22+EP22+ES22+EV22+EY22+FB22+FE22+FH22+FK22+FN22+FQ22+FT22+FW22+FZ22+GC22+GF22+GI22 -> 7 | GM22: =GL22+'33J'!BK22+'M80(20250122封存)'!CX22+MPS!AY22+TMT!CX22 -> 14
A23: 18 | C23: =D$3*D$4*216*24*60*B23/9000000 -> 0 | F23: =G$3*G$4*216*24*60*E23/9000000 -> 0 | I23: =J$3*J$4*216*24*60*H23/9000000 -> 0 | L23: =M$3*M$4*216*24*60*K23/9000000 -> 0 | O23: =P$3*P$4*216*24*60*N23/9000000 -> 0 | R23: =S$3*S$4*216*24*60*Q23/9000000 -> 0 | U23: =V$3*V$4*216*24*60*T23/9000000 -> 0 | X23: =Y$3*Y$4*216*24*60*W23/9000000 -> 0 | AA23: =AB$3*AB$4*216*24*60*Z23/9000000 -> 0 | AD23: =AE$3*AE$4*216*24*60*AC23/9000000 -> 0 | AG23: =AH$3*AH$4*216*24*60*AF23/9000000 -> 0 | AJ23: =AK$3*AK$4*216*24*60*AI23/9000000 -> 0 | AM23: =AN$3*AN$4*216*24*60*AL23/9000000 -> 0 | AP23: =AQ$3*AQ$4*216*24*60*AO23/9000000 -> 0 | AS23: =AT$3*AT$4*216*24*60*AR23/9000000 -> 0 | AV23: =AW$3*AW$4*216*24*60*AU23/9000000 -> 0 | AY23: =AZ$3*AZ$4*216*24*60*AX23/9000000 -> 0 | BB23: =BC$3*BC$4*216*24*60*BA23/9000000 -> 0 | BE23: =BF$3*BF$4*216*24*60*BD23/9000000 -> 0 | BH23: =BI$3*BI$4*216*24*60*BG23/9000000 -> 0 | BK23: =BL$3*BL$4*216*24*60*BJ23/9000000 -> 0 | BN23: =BO$3*BO$4*216*24*60*BM23/9000000 -> 0 | BQ23: =BR$3*BR$4*216*24*60*BP23/9000000 -> 0 | BT23: =BU$3*BU$4*216*24*60*BS23/9000000 -> 0 | BW23: =BX$3*BX$4*216*24*60*BV23/9000000 -> 0 | BZ23: =CA$3*CA$4*216*24*60*BY23/9000000 -> 0 | CC23: =CD$3*CD$4*216*24*60*CB23/9000000 -> 0 | CF23: =CG$3*CG$4*216*24*60*CE23/9000000 -> 0 | CI23: =CJ$3*CJ$4*216*24*60*CH23/9000000 -> 0 | CL23: =CM$3*CM$4*216*24*60*CK23/9000000 -> 0 | CO23: =CP$3*CP$4*216*24*60*CN23/9000000 -> 0 | CR23: =CS$3*CS$4*216*24*60*CQ23/9000000 -> 0 | CU23: =CV$3*CV$4*216*24*60*CT23/9000000 -> 0 | CX23: =CY$3*CY$4*216*24*60*CW23/9000000 -> 0 | DA23: =DB$3*DB$4*216*24*60*CZ23/9000000 -> 0 | DD23: =DE$3*DE$4*216*24*60*DC23/9000000 -> 0 | DG23: =DH$3*DH$4*216*24*60*DF23/9000000 -> 0 | DJ23: =DK$3*DK$4*216*24*60*DI23/9000000 -> 0 | DM23: =DN$3*DN$4*216*24*60*DL23/9000000 -> 0 | DP23: =DQ$3*DQ$4*216*24*60*DO23/9000000 -> 0 | DS23: =DT$3*DT$4*216*24*60*DR23/9000000 -> 0 | DV23: =DW$3*DW$4*216*24*60*DU23/9000000 -> 0 | DY23: =DZ$3*DZ$4*216*24*60*DX23/9000000 -> 0 | EB23: =EC$3*EC$4*216*24*60*EA23/9000000 -> 0 | EE23: =EF$3*EF$4*216*24*60*ED23/9000000 -> 0 | EH23: =EI$3*EI$4*216*24*60*EG23/9000000 -> 0 | EK23: =EL$3*EL$4*216*24*60*EJ23/9000000 -> 0 | EN23: =EO$3*EO$4*216*24*60*EM23/9000000 -> 0 | EQ23: =ER$3*ER$4*216*24*60*EP23/9000000 -> 0 | ET23: =EU$3*EU$4*216*24*60*ES23/9000000 -> 0 | EW23: =EX$3*EX$4*216*24*60*EV23/9000000 -> 0 | EZ23: =FA$3*FA$4*216*24*60*EY23/9000000 -> 0 | FC23: =FD$3*FD$4*216*24*60*FB23/9000000 -> 0 | FF23: =FG$3*FG$4*216*24*60*FE23/9000000 -> 0 | FI23: =FJ$3*FJ$4*216*24*60*FH23/9000000 -> 0 | FL23: =FM$3*FM$4*216*24*60*FK23/9000000 -> 0 | FO23: =FP$3*FP$4*216*24*60*FN23/9000000 -> 0 | FR23: =FS$3*FS$4*216*24*60*FQ23/9000000 -> 0 | FU23: =FV$3*FV$4*216*24*60*FT23/9000000 -> 0 | FX23: =FY$3*FY$4*216*24*60*FW23/9000000 -> 0 | GA23: =GB$3*GB$4*216*24*60*FZ23/9000000 -> 0 | GD23: =GE$3*GE$4*216*24*60*GC23/9000000 -> 0 | GG23: =GH$3*GH$4*216*24*60*GF23/9000000 -> 0 | GJ23: =GK$3*GK$4*216*24*60*GI23/9000000 -> 0 | GL23: =AC23+Z23+W23+T23+Q23+N23+K23+H23+E23+B23+AF23+AI23+AL23+AO23+AR23+AU23+AX23+BA23+BD23+BG23+BJ23+BM23+BP23+BS23+BV23+BY23+CB23+CE23+CH23+CK23+CN23+CQ23+CT23+CW23+CZ23+DC23+DL23+DF23+DI23+DO23+DR23+DU23+DX23+EA23+ED23+EG23+EJ23+EM23+EP23+ES23+EV23+EY23+FB23+FE23+FH23+FK23+FN23+FQ23+FT23+FW23+FZ23+GC23+GF23+GI23 -> 0 | GM23: =GL23+'33J'!BK23+'M80(20250122封存)'!CX23+MPS!AY23+TMT!CX23 -> 0
A24: 19 | C24: =D$3*D$4*216*24*60*B24/9000000 -> 0 | F24: =G$3*G$4*216*24*60*E24/9000000 -> 0 | I24: =J$3*J$4*216*24*60*H24/9000000 -> 0 | L24: =M$3*M$4*216*24*60*K24/9000000 -> 0 | O24: =P$3*P$4*216*24*60*N24/9000000 -> 0 | R24: =S$3*S$4*216*24*60*Q24/9000000 -> 0 | U24: =V$3*V$4*216*24*60*T24/9000000 -> 0 | X24: =Y$3*Y$4*216*24*60*W24/9000000 -> 0 | AA24: =AB$3*AB$4*216*24*60*Z24/9000000 -> 0 | AD24: =AE$3*AE$4*216*24*60*AC24/9000000 -> 0 | AG24: =AH$3*AH$4*216*24*60*AF24/9000000 -> 0 | AJ24: =AK$3*AK$4*216*24*60*AI24/9000000 -> 0 | AM24: =AN$3*AN$4*216*24*60*AL24/9000000 -> 0 | AP24: =AQ$3*AQ$4*216*24*60*AO24/9000000 -> 0 | AS24: =AT$3*AT$4*216*24*60*AR24/9000000 -> 0 | AV24: =AW$3*AW$4*216*24*60*AU24/9000000 -> 0 | AY24: =AZ$3*AZ$4*216*24*60*AX24/9000000 -> 0 | BB24: =BC$3*BC$4*216*24*60*BA24/9000000 -> 0 | BE24: =BF$3*BF$4*216*24*60*BD24/9000000 -> 0 | BH24: =BI$3*BI$4*216*24*60*BG24/9000000 -> 0 | BK24: =BL$3*BL$4*216*24*60*BJ24/9000000 -> 0 | BN24: =BO$3*BO$4*216*24*60*BM24/9000000 -> 0 | BQ24: =BR$3*BR$4*216*24*60*BP24/9000000 -> 0 | BT24: =BU$3*BU$4*216*24*60*BS24/9000000 -> 0 | BW24: =BX$3*BX$4*216*24*60*BV24/9000000 -> 0 | BZ24: =CA$3*CA$4*216*24*60*BY24/9000000 -> 0 | CC24: =CD$3*CD$4*216*24*60*CB24/9000000 -> 0 | CF24: =CG$3*CG$4*216*24*60*CE24/9000000 -> 0 | CI24: =CJ$3*CJ$4*216*24*60*CH24/9000000 -> 0 | CL24: =CM$3*CM$4*216*24*60*CK24/9000000 -> 0 | CO24: =CP$3*CP$4*216*24*60*CN24/9000000 -> 0 | CR24: =CS$3*CS$4*216*24*60*CQ24/9000000 -> 0 | CU24: =CV$3*CV$4*216*24*60*CT24/9000000 -> 0 | CX24: =CY$3*CY$4*216*24*60*CW24/9000000 -> 0 | DA24: =DB$3*DB$4*216*24*60*CZ24/9000000 -> 0 | DD24: =DE$3*DE$4*216*24*60*DC24/9000000 -> 0 | DG24: =DH$3*DH$4*216*24*60*DF24/9000000 -> 0 | DJ24: =DK$3*DK$4*216*24*60*DI24/9000000 -> 0 | DM24: =DN$3*DN$4*216*24*60*DL24/9000000 -> 0 | DP24: =DQ$3*DQ$4*216*24*60*DO24/9000000 -> 0 | DS24: =DT$3*DT$4*216*24*60*DR24/9000000 -> 0 | DV24: =DW$3*DW$4*216*24*60*DU24/9000000 -> 0 | DY24: =DZ$3*DZ$4*216*24*60*DX24/9000000 -> 0 | EB24: =EC$3*EC$4*216*24*60*EA24/9000000 -> 0 | EE24: =EF$3*EF$4*216*24*60*ED24/9000000 -> 0 | EH24: =EI$3*EI$4*216*24*60*EG24/9000000 -> 0 | EK24: =EL$3*EL$4*216*24*60*EJ24/9000000 -> 0 | EN24: =EO$3*EO$4*216*24*60*EM24/9000000 -> 0 | EQ24: =ER$3*ER$4*216*24*60*EP24/9000000 -> 0 | ET24: =EU$3*EU$4*216*24*60*ES24/9000000 -> 0 | EW24: =EX$3*EX$4*216*24*60*EV24/9000000 -> 0 | EZ24: =FA$3*FA$4*216*24*60*EY24/9000000 -> 0 | FC24: =FD$3*FD$4*216*24*60*FB24/9000000 -> 0 | FF24: =FG$3*FG$4*216*24*60*FE24/9000000 -> 0 | FI24: =FJ$3*FJ$4*216*24*60*FH24/9000000 -> 0 | FL24: =FM$3*FM$4*216*24*60*FK24/9000000 -> 0 | FO24: =FP$3*FP$4*216*24*60*FN24/9000000 -> 0 | FR24: =FS$3*FS$4*216*24*60*FQ24/9000000 -> 0 | FU24: =FV$3*FV$4*216*24*60*FT24/9000000 -> 0 | FX24: =FY$3*FY$4*216*24*60*FW24/9000000 -> 0 | GA24: =GB$3*GB$4*216*24*60*FZ24/9000000 -> 0 | GD24: =GE$3*GE$4*216*24*60*GC24/9000000 -> 0 | GG24: =GH$3*GH$4*216*24*60*GF24/9000000 -> 0 | GJ24: =GK$3*GK$4*216*24*60*GI24/9000000 -> 0 | GL24: =AC24+Z24+W24+T24+Q24+N24+K24+H24+E24+B24+AF24+AI24+AL24+AO24+AR24+AU24+AX24+BA24+BD24+BG24+BJ24+BM24+BP24+BS24+BV24+BY24+CB24+CE24+CH24+CK24+CN24+CQ24+CT24+CW24+CZ24+DC24+DL24+DF24+DI24+DO24+DR24+DU24+DX24+EA24+ED24+EG24+EJ24+EM24+EP24+ES24+EV24+EY24+FB24+FE24+FH24+FK24+FN24+FQ24+FT24+FW24+FZ24+GC24+GF24+GI24 -> 0 | GM24: =GL24+'33J'!BK24+'M80(20250122封存)'!CX24+MPS!AY24+TMT!CX24 -> 0
A25: 20 | C25: =D$3*D$4*216*24*60*B25/9000000 -> 0 | F25: =G$3*G$4*216*24*60*E25/9000000 -> 0 | I25: =J$3*J$4*216*24*60*H25/9000000 -> 0 | L25: =M$3*M$4*216*24*60*K25/9000000 -> 0 | O25: =P$3*P$4*216*24*60*N25/9000000 -> 0 | R25: =S$3*S$4*216*24*60*Q25/9000000 -> 0 | U25: =V$3*V$4*216*24*60*T25/9000000 -> 0 | X25: =Y$3*Y$4*216*24*60*W25/9000000 -> 0 | AA25: =AB$3*AB$4*216*24*60*Z25/9000000 -> 0 | AD25: =AE$3*AE$4*216*24*60*AC25/9000000 -> 0 | AG25: =AH$3*AH$4*216*24*60*AF25/9000000 -> 0 | AJ25: =AK$3*AK$4*216*24*60*AI25/9000000 -> 0 | AM25: =AN$3*AN$4*216*24*60*AL25/9000000 -> 0 | AP25: =AQ$3*AQ$4*216*24*60*AO25/9000000 -> 0 | AS25: =AT$3*AT$4*216*24*60*AR25/9000000 -> 0 | AV25: =AW$3*AW$4*216*24*60*AU25/9000000 -> 0 | AY25: =AZ$3*AZ$4*216*24*60*AX25/9000000 -> 0 | BB25: =BC$3*BC$4*216*24*60*BA25/9000000 -> 0 | BE25: =BF$3*BF$4*216*24*60*BD25/9000000 -> 0 | BH25: =BI$3*BI$4*216*24*60*BG25/9000000 -> 0 | BK25: =BL$3*BL$4*216*24*60*BJ25/9000000 -> 0 | BN25: =BO$3*BO$4*216*24*60*BM25/9000000 -> 0 | BQ25: =BR$3*BR$4*216*24*60*BP25/9000000 -> 0 | BT25: =BU$3*BU$4*216*24*60*BS25/9000000 -> 0 | BW25: =BX$3*BX$4*216*24*60*BV25/9000000 -> 0 | BZ25: =CA$3*CA$4*216*24*60*BY25/9000000 -> 0 | CC25: =CD$3*CD$4*216*24*60*CB25/9000000 -> 0 | CF25: =CG$3*CG$4*216*24*60*CE25/9000000 -> 0 | CI25: =CJ$3*CJ$4*216*24*60*CH25/9000000 -> 0 | CL25: =CM$3*CM$4*216*24*60*CK25/9000000 -> 0 | CO25: =CP$3*CP$4*216*24*60*CN25/9000000 -> 0 | CR25: =CS$3*CS$4*216*24*60*CQ25/9000000 -> 0 | CU25: =CV$3*CV$4*216*24*60*CT25/9000000 -> 0 | CX25: =CY$3*CY$4*216*24*60*CW25/9000000 -> 0 | DA25: =DB$3*DB$4*216*24*60*CZ25/9000000 -> 0 | DD25: =DE$3*DE$4*216*24*60*DC25/9000000 -> 0 | DG25: =DH$3*DH$4*216*24*60*DF25/9000000 -> 0 | DJ25: =DK$3*DK$4*216*24*60*DI25/9000000 -> 0 | DM25: =DN$3*DN$4*216*24*60*DL25/9000000 -> 0 | DP25: =DQ$3*DQ$4*216*24*60*DO25/9000000 -> 0 | DS25: =DT$3*DT$4*216*24*60*DR25/9000000 -> 0 | DV25: =DW$3*DW$4*216*24*60*DU25/9000000 -> 0 | DY25: =DZ$3*DZ$4*216*24*60*DX25/9000000 -> 0 | EB25: =EC$3*EC$4*216*24*60*EA25/9000000 -> 0 | EE25: =EF$3*EF$4*216*24*60*ED25/9000000 -> 0 | EH25: =EI$3*EI$4*216*24*60*EG25/9000000 -> 0 | EK25: =EL$3*EL$4*216*24*60*EJ25/9000000 -> 0 | EN25: =EO$3*EO$4*216*24*60*EM25/9000000 -> 0 | EQ25: =ER$3*ER$4*216*24*60*EP25/9000000 -> 0 | ET25: =EU$3*EU$4*216*24*60*ES25/9000000 -> 0 | EW25: =EX$3*EX$4*216*24*60*EV25/9000000 -> 0 | EZ25: =FA$3*FA$4*216*24*60*EY25/9000000 -> 0 | FC25: =FD$3*FD$4*216*24*60*FB25/9000000 -> 0 | FF25: =FG$3*FG$4*216*24*60*FE25/9000000 -> 0 | FI25: =FJ$3*FJ$4*216*24*60*FH25/9000000 -> 0 | FL25: =FM$3*FM$4*216*24*60*FK25/9000000 -> 0 | FO25: =FP$3*FP$4*216*24*60*FN25/9000000 -> 0 | FR25: =FS$3*FS$4*216*24*60*FQ25/9000000 -> 0 | FU25: =FV$3*FV$4*216*24*60*FT25/9000000 -> 0 | FX25: =FY$3*FY$4*216*24*60*FW25/9000000 -> 0 | GA25: =GB$3*GB$4*216*24*60*FZ25/9000000 -> 0 | GD25: =GE$3*GE$4*216*24*60*GC25/9000000 -> 0 | GG25: =GH$3*GH$4*216*24*60*GF25/9000000 -> 0 | GJ25: =GK$3*GK$4*216*24*60*GI25/9000000 -> 0 | GL25: =AC25+Z25+W25+T25+Q25+N25+K25+H25+E25+B25+AF25+AI25+AL25+AO25+AR25+AU25+AX25+BA25+BD25+BG25+BJ25+BM25+BP25+BS25+BV25+BY25+CB25+CE25+CH25+CK25+CN25+CQ25+CT25+CW25+CZ25+DC25+DL25+DF25+DI25+DO25+DR25+DU25+DX25+EA25+ED25+EG25+EJ25+EM25+EP25+ES25+EV25+EY25+FB25+FE25+FH25+FK25+FN25+FQ25+FT25+FW25+FZ25+GC25+GF25+GI25 -> 0 | GM25: =GL25+'33J'!BK25+'M80(20250122封存)'!CX25+MPS!AY25+TMT!CX25 -> 0
A26: 21 | C26: =D$3*D$4*216*24*60*B26/9000000 -> 0 | F26: =G$3*G$4*216*24*60*E26/9000000 -> 0 | I26: =J$3*J$4*216*24*60*H26/9000000 -> 0 | L26: =M$3*M$4*216*24*60*K26/9000000 -> 0 | O26: =P$3*P$4*216*24*60*N26/9000000 -> 0 | R26: =S$3*S$4*216*24*60*Q26/9000000 -> 0 | U26: =V$3*V$4*216*24*60*T26/9000000 -> 0 | X26: =Y$3*Y$4*216*24*60*W26/9000000 -> 0 | AA26: =AB$3*AB$4*216*24*60*Z26/9000000 -> 0 | AD26: =AE$3*AE$4*216*24*60*AC26/9000000 -> 0 | AG26: =AH$3*AH$4*216*24*60*AF26/9000000 -> 0 | AJ26: =AK$3*AK$4*216*24*60*AI26/9000000 -> 0 | AM26: =AN$3*AN$4*216*24*60*AL26/9000000 -> 0 | AP26: =AQ$3*AQ$4*216*24*60*AO26/9000000 -> 0 | AS26: =AT$3*AT$4*216*24*60*AR26/9000000 -> 0 | AV26: =AW$3*AW$4*216*24*60*AU26/9000000 -> 0 | AY26: =AZ$3*AZ$4*216*24*60*AX26/9000000 -> 0 | BB26: =BC$3*BC$4*216*24*60*BA26/9000000 -> 0 | BE26: =BF$3*BF$4*216*24*60*BD26/9000000 -> 0 | BH26: =BI$3*BI$4*216*24*60*BG26/9000000 -> 0 | BK26: =BL$3*BL$4*216*24*60*BJ26/9000000 -> 0 | BN26: =BO$3*BO$4*216*24*60*BM26/9000000 -> 0 | BQ26: =BR$3*BR$4*216*24*60*BP26/9000000 -> 0 | BT26: =BU$3*BU$4*216*24*60*BS26/9000000 -> 0 | BW26: =BX$3*BX$4*216*24*60*BV26/9000000 -> 0 | BZ26: =CA$3*CA$4*216*24*60*BY26/9000000 -> 0 | CC26: =CD$3*CD$4*216*24*60*CB26/9000000 -> 0 | CF26: =CG$3*CG$4*216*24*60*CE26/9000000 -> 0 | CI26: =CJ$3*CJ$4*216*24*60*CH26/9000000 -> 0 | CL26: =CM$3*CM$4*216*24*60*CK26/9000000 -> 0 | CO26: =CP$3*CP$4*216*24*60*CN26/9000000 -> 0 | CR26: =CS$3*CS$4*216*24*60*CQ26/9000000 -> 0 | CU26: =CV$3*CV$4*216*24*60*CT26/9000000 -> 0 | CX26: =CY$3*CY$4*216*24*60*CW26/9000000 -> 0 | DA26: =DB$3*DB$4*216*24*60*CZ26/9000000 -> 0 | DD26: =DE$3*DE$4*216*24*60*DC26/9000000 -> 0 | DG26: =DH$3*DH$4*216*24*60*DF26/9000000 -> 0 | DJ26: =DK$3*DK$4*216*24*60*DI26/9000000 -> 0 | DM26: =DN$3*DN$4*216*24*60*DL26/9000000 -> 0 | DP26: =DQ$3*DQ$4*216*24*60*DO26/9000000 -> 0 | DS26: =DT$3*DT$4*216*24*60*DR26/9000000 -> 0 | DV26: =DW$3*DW$4*216*24*60*DU26/9000000 -> 0 | DY26: =DZ$3*DZ$4*216*24*60*DX26/9000000 -> 0 | EB26: =EC$3*EC$4*216*24*60*EA26/9000000 -> 0 | EE26: =EF$3*EF$4*216*24*60*ED26/9000000 -> 0 | EH26: =EI$3*EI$4*216*24*60*EG26/9000000 -> 0 | EK26: =EL$3*EL$4*216*24*60*EJ26/9000000 -> 0 | EN26: =EO$3*EO$4*216*24*60*EM26/9000000 -> 0 | EQ26: =ER$3*ER$4*216*24*60*EP26/9000000 -> 0 | ET26: =EU$3*EU$4*216*24*60*ES26/9000000 -> 0 | EW26: =EX$3*EX$4*216*24*60*EV26/9000000 -> 0 | EZ26: =FA$3*FA$4*216*24*60*EY26/9000000 -> 0 | FC26: =FD$3*FD$4*216*24*60*FB26/9000000 -> 0 | FF26: =FG$3*FG$4*216*24*60*FE26/9000000 -> 0 | FI26: =FJ$3*FJ$4*216*24*60*FH26/9000000 -> 0 | FL26: =FM$3*FM$4*216*24*60*FK26/9000000 -> 0 | FO26: =FP$3*FP$4*216*24*60*FN26/9000000 -> 0 | FR26: =FS$3*FS$4*216*24*60*FQ26/9000000 -> 0 | FU26: =FV$3*FV$4*216*24*60*FT26/9000000 -> 0 | FX26: =FY$3*FY$4*216*24*60*FW26/9000000 -> 0 | GA26: =GB$3*GB$4*216*24*60*FZ26/9000000 -> 0 | GD26: =GE$3*GE$4*216*24*60*GC26/9000000 -> 0 | GG26: =GH$3*GH$4*216*24*60*GF26/9000000 -> 0 | GJ26: =GK$3*GK$4*216*24*60*GI26/9000000 -> 0 | GL26: =AC26+Z26+W26+T26+Q26+N26+K26+H26+E26+B26+AF26+AI26+AL26+AO26+AR26+AU26+AX26+BA26+BD26+BG26+BJ26+BM26+BP26+BS26+BV26+BY26+CB26+CE26+CH26+CK26+CN26+CQ26+CT26+CW26+CZ26+DC26+DL26+DF26+DI26+DO26+DR26+DU26+DX26+EA26+ED26+EG26+EJ26+EM26+EP26+ES26+EV26+EY26+FB26+FE26+FH26+FK26+FN26+FQ26+FT26+FW26+FZ26+GC26+GF26+GI26 -> 0 | GM26: =GL26+'33J'!BK26+'M80(20250122封存)'!CX26+MPS!AY26+TMT!CX26 -> 0
A27: 22 | C27: =D$3*D$4*216*24*60*B27/9000000 -> 0 | F27: =G$3*G$4*216*24*60*E27/9000000 -> 0 | I27: =J$3*J$4*216*24*60*H27/9000000 -> 0 | L27: =M$3*M$4*216*24*60*K27/9000000 -> 0 | O27: =P$3*P$4*216*24*60*N27/9000000 -> 0 | R27: =S$3*S$4*216*24*60*Q27/9000000 -> 0 | U27: =V$3*V$4*216*24*60*T27/9000000 -> 0 | X27: =Y$3*Y$4*216*24*60*W27/9000000 -> 0 | AA27: =AB$3*AB$4*216*24*60*Z27/9000000 -> 0 | AD27: =AE$3*AE$4*216*24*60*AC27/9000000 -> 0 | AG27: =AH$3*AH$4*216*24*60*AF27/9000000 -> 0 | AJ27: =AK$3*AK$4*216*24*60*AI27/9000000 -> 0 | AM27: =AN$3*AN$4*216*24*60*AL27/9000000 -> 0 | AP27: =AQ$3*AQ$4*216*24*60*AO27/9000000 -> 0 | AS27: =AT$3*AT$4*216*24*60*AR27/9000000 -> 0 | AV27: =AW$3*AW$4*216*24*60*AU27/9000000 -> 0 | AY27: =AZ$3*AZ$4*216*24*60*AX27/9000000 -> 0 | BB27: =BC$3*BC$4*216*24*60*BA27/9000000 -> 0 | BE27: =BF$3*BF$4*216*24*60*BD27/9000000 -> 0 | BH27: =BI$3*BI$4*216*24*60*BG27/9000000 -> 0 | BK27: =BL$3*BL$4*216*24*60*BJ27/9000000 -> 0 | BN27: =BO$3*BO$4*216*24*60*BM27/9000000 -> 0 | BQ27: =BR$3*BR$4*216*24*60*BP27/9000000 -> 0 | BT27: =BU$3*BU$4*216*24*60*BS27/9000000 -> 0 | BW27: =BX$3*BX$4*216*24*60*BV27/9000000 -> 0 | BZ27: =CA$3*CA$4*216*24*60*BY27/9000000 -> 0 | CC27: =CD$3*CD$4*216*24*60*CB27/9000000 -> 0 | CF27: =CG$3*CG$4*216*24*60*CE27/9000000 -> 0 | CI27: =CJ$3*CJ$4*216*24*60*CH27/9000000 -> 0 | CL27: =CM$3*CM$4*216*24*60*CK27/9000000 -> 0 | CO27: =CP$3*CP$4*216*24*60*CN27/9000000 -> 0 | CR27: =CS$3*CS$4*216*24*60*CQ27/9000000 -> 0 | CU27: =CV$3*CV$4*216*24*60*CT27/9000000 -> 0 | CX27: =CY$3*CY$4*216*24*60*CW27/9000000 -> 0 | DA27: =DB$3*DB$4*216*24*60*CZ27/9000000 -> 0 | DD27: =DE$3*DE$4*216*24*60*DC27/9000000 -> 0 | DG27: =DH$3*DH$4*216*24*60*DF27/9000000 -> 0 | DJ27: =DK$3*DK$4*216*24*60*DI27/9000000 -> 0 | DM27: =DN$3*DN$4*216*24*60*DL27/9000000 -> 0 | DP27: =DQ$3*DQ$4*216*24*60*DO27/9000000 -> 0 | DS27: =DT$3*DT$4*216*24*60*DR27/9000000 -> 0 | DV27: =DW$3*DW$4*216*24*60*DU27/9000000 -> 0 | DY27: =DZ$3*DZ$4*216*24*60*DX27/9000000 -> 0 | EB27: =EC$3*EC$4*216*24*60*EA27/9000000 -> 0 | EE27: =EF$3*EF$4*216*24*60*ED27/9000000 -> 0 | EH27: =EI$3*EI$4*216*24*60*EG27/9000000 -> 0 | EK27: =EL$3*EL$4*216*24*60*EJ27/9000000 -> 0 | EN27: =EO$3*EO$4*216*24*60*EM27/9000000 -> 0 | EQ27: =ER$3*ER$4*216*24*60*EP27/9000000 -> 0 | ET27: =EU$3*EU$4*216*24*60*ES27/9000000 -> 0 | EW27: =EX$3*EX$4*216*24*60*EV27/9000000 -> 0 | EZ27: =FA$3*FA$4*216*24*60*EY27/9000000 -> 0 | FC27: =FD$3*FD$4*216*24*60*FB27/9000000 -> 0 | FF27: =FG$3*FG$4*216*24*60*FE27/9000000 -> 0 | FI27: =FJ$3*FJ$4*216*24*60*FH27/9000000 -> 0 | FL27: =FM$3*FM$4*216*24*60*FK27/9000000 -> 0 | FO27: =FP$3*FP$4*216*24*60*FN27/9000000 -> 0 | FR27: =FS$3*FS$4*216*24*60*FQ27/9000000 -> 0 | FU27: =FV$3*FV$4*216*24*60*FT27/9000000 -> 0 | FX27: =FY$3*FY$4*216*24*60*FW27/9000000 -> 0 | GA27: =GB$3*GB$4*216*24*60*FZ27/9000000 -> 0 | GD27: =GE$3*GE$4*216*24*60*GC27/9000000 -> 0 | GG27: =GH$3*GH$4*216*24*60*GF27/9000000 -> 0 | GJ27: =GK$3*GK$4*216*24*60*GI27/9000000 -> 0 | GL27: =AC27+Z27+W27+T27+Q27+N27+K27+H27+E27+B27+AF27+AI27+AL27+AO27+AR27+AU27+AX27+BA27+BD27+BG27+BJ27+BM27+BP27+BS27+BV27+BY27+CB27+CE27+CH27+CK27+CN27+CQ27+CT27+CW27+CZ27+DC27+DL27+DF27+DI27+DO27+DR27+DU27+DX27+EA27+ED27+EG27+EJ27+EM27+EP27+ES27+EV27+EY27+FB27+FE27+FH27+FK27+FN27+FQ27+FT27+FW27+FZ27+GC27+GF27+GI27 -> 0 | GM27: =GL27+'33J'!BK27+'M80(20250122封存)'!CX27+MPS!AY27+TMT!CX27 -> 0
A28: 23 | C28: =D$3*D$4*216*24*60*B28/9000000 -> 0 | F28: =G$3*G$4*216*24*60*E28/9000000 -> 0 | I28: =J$3*J$4*216*24*60*H28/9000000 -> 0 | L28: =M$3*M$4*216*24*60*K28/9000000 -> 0 | O28: =P$3*P$4*216*24*60*N28/9000000 -> 0 | R28: =S$3*S$4*216*24*60*Q28/9000000 -> 0 | U28: =V$3*V$4*216*24*60*T28/9000000 -> 0 | X28: =Y$3*Y$4*216*24*60*W28/9000000 -> 0 | AA28: =AB$3*AB$4*216*24*60*Z28/9000000 -> 0 | AD28: =AE$3*AE$4*216*24*60*AC28/9000000 -> 0 | AG28: =AH$3*AH$4*216*24*60*AF28/9000000 -> 0 | AJ28: =AK$3*AK$4*216*24*60*AI28/9000000 -> 0 | AM28: =AN$3*AN$4*216*24*60*AL28/9000000 -> 0 | AP28: =AQ$3*AQ$4*216*24*60*AO28/9000000 -> 0 | AS28: =AT$3*AT$4*216*24*60*AR28/9000000 -> 0 | AV28: =AW$3*AW$4*216*24*60*AU28/9000000 -> 0 | AY28: =AZ$3*AZ$4*216*24*60*AX28/9000000 -> 0 | BB28: =BC$3*BC$4*216*24*60*BA28/9000000 -> 0 | BE28: =BF$3*BF$4*216*24*60*BD28/9000000 -> 0 | BH28: =BI$3*BI$4*216*24*60*BG28/9000000 -> 0 | BK28: =BL$3*BL$4*216*24*60*BJ28/9000000 -> 0 | BN28: =BO$3*BO$4*216*24*60*BM28/9000000 -> 0 | BQ28: =BR$3*BR$4*216*24*60*BP28/9000000 -> 0 | BT28: =BU$3*BU$4*216*24*60*BS28/9000000 -> 0 | BW28: =BX$3*BX$4*216*24*60*BV28/9000000 -> 0 | BZ28: =CA$3*CA$4*216*24*60*BY28/9000000 -> 0 | CC28: =CD$3*CD$4*216*24*60*CB28/9000000 -> 0 | CF28: =CG$3*CG$4*216*24*60*CE28/9000000 -> 0 | CI28: =CJ$3*CJ$4*216*24*60*CH28/9000000 -> 0 | CL28: =CM$3*CM$4*216*24*60*CK28/9000000 -> 0 | CO28: =CP$3*CP$4*216*24*60*CN28/9000000 -> 0 | CR28: =CS$3*CS$4*216*24*60*CQ28/9000000 -> 0 | CU28: =CV$3*CV$4*216*24*60*CT28/9000000 -> 0 | CX28: =CY$3*CY$4*216*24*60*CW28/9000000 -> 0 | DA28: =DB$3*DB$4*216*24*60*CZ28/9000000 -> 0 | DD28: =DE$3*DE$4*216*24*60*DC28/9000000 -> 0 | DG28: =DH$3*DH$4*216*24*60*DF28/9000000 -> 0 | DJ28: =DK$3*DK$4*216*24*60*DI28/9000000 -> 0 | DM28: =DN$3*DN$4*216*24*60*DL28/9000000 -> 0 | DP28: =DQ$3*DQ$4*216*24*60*DO28/9000000 -> 0 | DS28: =DT$3*DT$4*216*24*60*DR28/9000000 -> 0 | DV28: =DW$3*DW$4*216*24*60*DU28/9000000 -> 0 | DY28: =DZ$3*DZ$4*216*24*60*DX28/9000000 -> 0 | EB28: =EC$3*EC$4*216*24*60*EA28/9000000 -> 0 | EE28: =EF$3*EF$4*216*24*60*ED28/9000000 -> 0 | EH28: =EI$3*EI$4*216*24*60*EG28/9000000 -> 0 | EK28: =EL$3*EL$4*216*24*60*EJ28/9000000 -> 0 | EN28: =EO$3*EO$4*216*24*60*EM28/9000000 -> 0 | EQ28: =ER$3*ER$4*216*24*60*EP28/9000000 -> 0 | ET28: =EU$3*EU$4*216*24*60*ES28/9000000 -> 0 | EW28: =EX$3*EX$4*216*24*60*EV28/9000000 -> 0 | EZ28: =FA$3*FA$4*216*24*60*EY28/9000000 -> 0 | FC28: =FD$3*FD$4*216*24*60*FB28/9000000 -> 0 | FF28: =FG$3*FG$4*216*24*60*FE28/9000000 -> 0 | FI28: =FJ$3*FJ$4*216*24*60*FH28/9000000 -> 0 | FL28: =FM$3*FM$4*216*24*60*FK28/9000000 -> 0 | FO28: =FP$3*FP$4*216*24*60*FN28/9000000 -> 0 | FR28: =FS$3*FS$4*216*24*60*FQ28/9000000 -> 0 | FU28: =FV$3*FV$4*216*24*60*FT28/9000000 -> 0 | FX28: =FY$3*FY$4*216*24*60*FW28/9000000 -> 0 | GA28: =GB$3*GB$4*216*24*60*FZ28/9000000 -> 0 | GD28: =GE$3*GE$4*216*24*60*GC28/9000000 -> 0 | GG28: =GH$3*GH$4*216*24*60*GF28/9000000 -> 0 | GJ28: =GK$3*GK$4*216*24*60*GI28/9000000 -> 0 | GL28: =AC28+Z28+W28+T28+Q28+N28+K28+H28+E28+B28+AF28+AI28+AL28+AO28+AR28+AU28+AX28+BA28+BD28+BG28+BJ28+BM28+BP28+BS28+BV28+BY28+CB28+CE28+CH28+CK28+CN28+CQ28+CT28+CW28+CZ28+DC28+DL28+DF28+DI28+DO28+DR28+DU28+DX28+EA28+ED28+EG28+EJ28+EM28+EP28+ES28+EV28+EY28+FB28+FE28+FH28+FK28+FN28+FQ28+FT28+FW28+FZ28+GC28+GF28+GI28 -> 0 | GM28: =GL28+'33J'!BK28+'M80(20250122封存)'!CX28+MPS!AY28+TMT!CX28 -> 0
A29: 24 | C29: =D$3*D$4*216*24*60*B29/9000000 -> 0 | F29: =G$3*G$4*216*24*60*E29/9000000 -> 0 | I29: =J$3*J$4*216*24*60*H29/9000000 -> 0 | L29: =M$3*M$4*216*24*60*K29/9000000 -> 0 | O29: =P$3*P$4*216*24*60*N29/9000000 -> 0 | R29: =S$3*S$4*216*24*60*Q29/9000000 -> 0 | U29: =V$3*V$4*216*24*60*T29/9000000 -> 0 | X29: =Y$3*Y$4*216*24*60*W29/9000000 -> 0 | AA29: =AB$3*AB$4*216*24*60*Z29/9000000 -> 0 | AD29: =AE$3*AE$4*216*24*60*AC29/9000000 -> 0 | AG29: =AH$3*AH$4*216*24*60*AF29/9000000 -> 0 | AJ29: =AK$3*AK$4*216*24*60*AI29/9000000 -> 0 | AM29: =AN$3*AN$4*216*24*60*AL29/9000000 -> 0 | AP29: =AQ$3*AQ$4*216*24*60*AO29/9000000 -> 0 | AS29: =AT$3*AT$4*216*24*60*AR29/9000000 -> 0 | AV29: =AW$3*AW$4*216*24*60*AU29/9000000 -> 0 | AY29: =AZ$3*AZ$4*216*24*60*AX29/9000000 -> 0 | BB29: =BC$3*BC$4*216*24*60*BA29/9000000 -> 0 | BE29: =BF$3*BF$4*216*24*60*BD29/9000000 -> 0 | BH29: =BI$3*BI$4*216*24*60*BG29/9000000 -> 0 | BK29: =BL$3*BL$4*216*24*60*BJ29/9000000 -> 0 | BN29: =BO$3*BO$4*216*24*60*BM29/9000000 -> 0 | BQ29: =BR$3*BR$4*216*24*60*BP29/9000000 -> 0 | BT29: =BU$3*BU$4*216*24*60*BS29/9000000 -> 0 | BW29: =BX$3*BX$4*216*24*60*BV29/9000000 -> 0 | BZ29: =CA$3*CA$4*216*24*60*BY29/9000000 -> 0 | CC29: =CD$3*CD$4*216*24*60*CB29/9000000 -> 0 | CF29: =CG$3*CG$4*216*24*60*CE29/9000000 -> 0 | CI29: =CJ$3*CJ$4*216*24*60*CH29/9000000 -> 0 | CL29: =CM$3*CM$4*216*24*60*CK29/9000000 -> 0 | CO29: =CP$3*CP$4*216*24*60*CN29/9000000 -> 0 | CR29: =CS$3*CS$4*216*24*60*CQ29/9000000 -> 0 | CU29: =CV$3*CV$4*216*24*60*CT29/9000000 -> 0 | CX29: =CY$3*CY$4*216*24*60*CW29/9000000 -> 0 | DA29: =DB$3*DB$4*216*24*60*CZ29/9000000 -> 0 | DD29: =DE$3*DE$4*216*24*60*DC29/9000000 -> 0 | DG29: =DH$3*DH$4*216*24*60*DF29/9000000 -> 0 | DJ29: =DK$3*DK$4*216*24*60*DI29/9000000 -> 0 | DM29: =DN$3*DN$4*216*24*60*DL29/9000000 -> 0 | DP29: =DQ$3*DQ$4*216*24*60*DO29/9000000 -> 0 | DS29: =DT$3*DT$4*216*24*60*DR29/9000000 -> 0 | DV29: =DW$3*DW$4*216*24*60*DU29/9000000 -> 0 | DY29: =DZ$3*DZ$4*216*24*60*DX29/9000000 -> 0 | EB29: =EC$3*EC$4*216*24*60*EA29/9000000 -> 0 | EE29: =EF$3*EF$4*216*24*60*ED29/9000000 -> 0 | EH29: =EI$3*EI$4*216*24*60*EG29/9000000 -> 0 | EK29: =EL$3*EL$4*216*24*60*EJ29/9000000 -> 0 | EN29: =EO$3*EO$4*216*24*60*EM29/9000000 -> 0 | EQ29: =ER$3*ER$4*216*24*60*EP29/9000000 -> 0 | ET29: =EU$3*EU$4*216*24*60*ES29/9000000 -> 0 | EW29: =EX$3*EX$4*216*24*60*EV29/9000000 -> 0 | EZ29: =FA$3*FA$4*216*24*60*EY29/9000000 -> 0 | FC29: =FD$3*FD$4*216*24*60*FB29/9000000 -> 0 | FF29: =FG$3*FG$4*216*24*60*FE29/9000000 -> 0 | FI29: =FJ$3*FJ$4*216*24*60*FH29/9000000 -> 0 | FL29: =FM$3*FM$4*216*24*60*FK29/9000000 -> 0 | FO29: =FP$3*FP$4*216*24*60*FN29/9000000 -> 0 | FR29: =FS$3*FS$4*216*24*60*FQ29/9000000 -> 0 | FU29: =FV$3*FV$4*216*24*60*FT29/9000000 -> 0 | FX29: =FY$3*FY$4*216*24*60*FW29/9000000 -> 0 | GA29: =GB$3*GB$4*216*24*60*FZ29/9000000 -> 0 | GD29: =GE$3*GE$4*216*24*60*GC29/9000000 -> 0 | GG29: =GH$3*GH$4*216*24*60*GF29/9000000 -> 0 | GJ29: =GK$3*GK$4*216*24*60*GI29/9000000 -> 0 | GL29: =AC29+Z29+W29+T29+Q29+N29+K29+H29+E29+B29+AF29+AI29+AL29+AO29+AR29+AU29+AX29+BA29+BD29+BG29+BJ29+BM29+BP29+BS29+BV29+BY29+CB29+CE29+CH29+CK29+CN29+CQ29+CT29+CW29+CZ29+DC29+DL29+DF29+DI29+DO29+DR29+DU29+DX29+EA29+ED29+EG29+EJ29+EM29+EP29+ES29+EV29+EY29+FB29+FE29+FH29+FK29+FN29+FQ29+FT29+FW29+FZ29+GC29+GF29+GI29 -> 0 | GM29: =GL29+'33J'!BK29+'M80(20250122封存)'!CX29+MPS!AY29+TMT!CX29 -> 0
A30: 25 | C30: =D$3*D$4*216*24*60*B30/9000000 -> 0 | F30: =G$3*G$4*216*24*60*E30/9000000 -> 0 | I30: =J$3*J$4*216*24*60*H30/9000000 -> 0 | L30: =M$3*M$4*216*24*60*K30/9000000 -> 0 | O30: =P$3*P$4*216*24*60*N30/9000000 -> 0 | R30: =S$3*S$4*216*24*60*Q30/9000000 -> 0 | U30: =V$3*V$4*216*24*60*T30/9000000 -> 0 | X30: =Y$3*Y$4*216*24*60*W30/9000000 -> 0 | AA30: =AB$3*AB$4*216*24*60*Z30/9000000 -> 0 | AD30: =AE$3*AE$4*216*24*60*AC30/9000000 -> 0 | AG30: =AH$3*AH$4*216*24*60*AF30/9000000 -> 0 | AJ30: =AK$3*AK$4*216*24*60*AI30/9000000 -> 0 | AM30: =AN$3*AN$4*216*24*60*AL30/9000000 -> 0 | AP30: =AQ$3*AQ$4*216*24*60*AO30/9000000 -> 0 | AS30: =AT$3*AT$4*216*24*60*AR30/9000000 -> 0 | AV30: =AW$3*AW$4*216*24*60*AU30/9000000 -> 0 | AY30: =AZ$3*AZ$4*216*24*60*AX30/9000000 -> 0 | BB30: =BC$3*BC$4*216*24*60*BA30/9000000 -> 0 | BE30: =BF$3*BF$4*216*24*60*BD30/9000000 -> 0 | BH30: =BI$3*BI$4*216*24*60*BG30/9000000 -> 0 | BK30: =BL$3*BL$4*216*24*60*BJ30/9000000 -> 0 | BN30: =BO$3*BO$4*216*24*60*BM30/9000000 -> 0 | BQ30: =BR$3*BR$4*216*24*60*BP30/9000000 -> 0 | BT30: =BU$3*BU$4*216*24*60*BS30/9000000 -> 0 | BW30: =BX$3*BX$4*216*24*60*BV30/9000000 -> 0 | BZ30: =CA$3*CA$4*216*24*60*BY30/9000000 -> 0 | CC30: =CD$3*CD$4*216*24*60*CB30/9000000 -> 0 | CF30: =CG$3*CG$4*216*24*60*CE30/9000000 -> 0 | CI30: =CJ$3*CJ$4*216*24*60*CH30/9000000 -> 0 | CL30: =CM$3*CM$4*216*24*60*CK30/9000000 -> 0 | CO30: =CP$3*CP$4*216*24*60*CN30/9000000 -> 0 | CR30: =CS$3*CS$4*216*24*60*CQ30/9000000 -> 0 | CU30: =CV$3*CV$4*216*24*60*CT30/9000000 -> 0 | CX30: =CY$3*CY$4*216*24*60*CW30/9000000 -> 0 | DA30: =DB$3*DB$4*216*24*60*CZ30/9000000 -> 0 | DD30: =DE$3*DE$4*216*24*60*DC30/9000000 -> 0 | DG30: =DH$3*DH$4*216*24*60*DF30/9000000 -> 0 | DJ30: =DK$3*DK$4*216*24*60*DI30/9000000 -> 0 | DM30: =DN$3*DN$4*216*24*60*DL30/9000000 -> 0 | DP30: =DQ$3*DQ$4*216*24*60*DO30/9000000 -> 0 | DS30: =DT$3*DT$4*216*24*60*DR30/9000000 -> 0 | DV30: =DW$3*DW$4*216*24*60*DU30/9000000 -> 0 | DY30: =DZ$3*DZ$4*216*24*60*DX30/9000000 -> 0 | EB30: =EC$3*EC$4*216*24*60*EA30/9000000 -> 0 | EE30: =EF$3*EF$4*216*24*60*ED30/9000000 -> 0 | EH30: =EI$3*EI$4*216*24*60*EG30/9000000 -> 0 | EK30: =EL$3*EL$4*216*24*60*EJ30/9000000 -> 0 | EN30: =EO$3*EO$4*216*24*60*EM30/9000000 -> 0 | EQ30: =ER$3*ER$4*216*24*60*EP30/9000000 -> 0 | ET30: =EU$3*EU$4*216*24*60*ES30/9000000 -> 0 | EW30: =EX$3*EX$4*216*24*60*EV30/9000000 -> 0 | EZ30: =FA$3*FA$4*216*24*60*EY30/9000000 -> 0 | FC30: =FD$3*FD$4*216*24*60*FB30/9000000 -> 0 | FF30: =FG$3*FG$4*216*24*60*FE30/9000000 -> 0 | FI30: =FJ$3*FJ$4*216*24*60*FH30/9000000 -> 0 | FL30: =FM$3*FM$4*216*24*60*FK30/9000000 -> 0 | FO30: =FP$3*FP$4*216*24*60*FN30/9000000 -> 0 | FR30: =FS$3*FS$4*216*24*60*FQ30/9000000 -> 0 | FU30: =FV$3*FV$4*216*24*60*FT30/9000000 -> 0 | FX30: =FY$3*FY$4*216*24*60*FW30/9000000 -> 0 | GA30: =GB$3*GB$4*216*24*60*FZ30/9000000 -> 0 | GD30: =GE$3*GE$4*216*24*60*GC30/9000000 -> 0 | GG30: =GH$3*GH$4*216*24*60*GF30/9000000 -> 0 | GJ30: =GK$3*GK$4*216*24*60*GI30/9000000 -> 0 | GL30: =AC30+Z30+W30+T30+Q30+N30+K30+H30+E30+B30+AF30+AI30+AL30+AO30+AR30+AU30+AX30+BA30+BD30+BG30+BJ30+BM30+BP30+BS30+BV30+BY30+CB30+CE30+CH30+CK30+CN30+CQ30+CT30+CW30+CZ30+DC30+DL30+DF30+DI30+DO30+DR30+DU30+DX30+EA30+ED30+EG30+EJ30+EM30+EP30+ES30+EV30+EY30+FB30+FE30+FH30+FK30+FN30+FQ30+FT30+FW30+FZ30+GC30+GF30+GI30 -> 0 | GM30: =GL30+'33J'!BK30+'M80(20250122封存)'!CX30+MPS!AY30+TMT!CX30 -> 0
A31: 26 | C31: =D$3*D$4*216*24*60*B31/9000000 -> 0 | F31: =G$3*G$4*216*24*60*E31/9000000 -> 0 | I31: =J$3*J$4*216*24*60*H31/9000000 -> 0 | L31: =M$3*M$4*216*24*60*K31/9000000 -> 0 | O31: =P$3*P$4*216*24*60*N31/9000000 -> 0 | R31: =S$3*S$4*216*24*60*Q31/9000000 -> 0 | U31: =V$3*V$4*216*24*60*T31/9000000 -> 0 | X31: =Y$3*Y$4*216*24*60*W31/9000000 -> 0 | AA31: =AB$3*AB$4*216*24*60*Z31/9000000 -> 0 | AD31: =AE$3*AE$4*216*24*60*AC31/9000000 -> 0 | AG31: =AH$3*AH$4*216*24*60*AF31/9000000 -> 0 | AJ31: =AK$3*AK$4*216*24*60*AI31/9000000 -> 0 | AM31: =AN$3*AN$4*216*24*60*AL31/9000000 -> 0 | AP31: =AQ$3*AQ$4*216*24*60*AO31/9000000 -> 0 | AS31: =AT$3*AT$4*216*24*60*AR31/9000000 -> 0 | AV31: =AW$3*AW$4*216*24*60*AU31/9000000 -> 0 | AY31: =AZ$3*AZ$4*216*24*60*AX31/9000000 -> 0 | BB31: =BC$3*BC$4*216*24*60*BA31/9000000 -> 0 | BE31: =BF$3*BF$4*216*24*60*BD31/9000000 -> 0 | BH31: =BI$3*BI$4*216*24*60*BG31/9000000 -> 0 | BK31: =BL$3*BL$4*216*24*60*BJ31/9000000 -> 0 | BN31: =BO$3*BO$4*216*24*60*BM31/9000000 -> 0 | BQ31: =BR$3*BR$4*216*24*60*BP31/9000000 -> 0 | BT31: =BU$3*BU$4*216*24*60*BS31/9000000 -> 0 | BW31: =BX$3*BX$4*216*24*60*BV31/9000000 -> 0 | BZ31: =CA$3*CA$4*216*24*60*BY31/9000000 -> 0 | CC31: =CD$3*CD$4*216*24*60*CB31/9000000 -> 0 | CF31: =CG$3*CG$4*216*24*60*CE31/9000000 -> 0 | CI31: =CJ$3*CJ$4*216*24*60*CH31/9000000 -> 0 | CL31: =CM$3*CM$4*216*24*60*CK31/9000000 -> 0 | CO31: =CP$3*CP$4*216*24*60*CN31/9000000 -> 0 | CR31: =CS$3*CS$4*216*24*60*CQ31/9000000 -> 0 | CU31: =CV$3*CV$4*216*24*60*CT31/9000000 -> 0 | CX31: =CY$3*CY$4*216*24*60*CW31/9000000 -> 0 | DA31: =DB$3*DB$4*216*24*60*CZ31/9000000 -> 0 | DD31: =DE$3*DE$4*216*24*60*DC31/9000000 -> 0 | DG31: =DH$3*DH$4*216*24*60*DF31/9000000 -> 0 | DJ31: =DK$3*DK$4*216*24*60*DI31/9000000 -> 0 | DM31: =DN$3*DN$4*216*24*60*DL31/9000000 -> 0 | DP31: =DQ$3*DQ$4*216*24*60*DO31/9000000 -> 0 | DS31: =DT$3*DT$4*216*24*60*DR31/9000000 -> 0 | DV31: =DW$3*DW$4*216*24*60*DU31/9000000 -> 0 | DY31: =DZ$3*DZ$4*216*24*60*DX31/9000000 -> 0 | EB31: =EC$3*EC$4*216*24*60*EA31/9000000 -> 0 | EE31: =EF$3*EF$4*216*24*60*ED31/9000000 -> 0 | EH31: =EI$3*EI$4*216*24*60*EG31/9000000 -> 0 | EK31: =EL$3*EL$4*216*24*60*EJ31/9000000 -> 0 | EN31: =EO$3*EO$4*216*24*60*EM31/9000000 -> 0 | EQ31: =ER$3*ER$4*216*24*60*EP31/9000000 -> 0 | ET31: =EU$3*EU$4*216*24*60*ES31/9000000 -> 0 | EW31: =EX$3*EX$4*216*24*60*EV31/9000000 -> 0 | EZ31: =FA$3*FA$4*216*24*60*EY31/9000000 -> 0 | FC31: =FD$3*FD$4*216*24*60*FB31/9000000 -> 0 | FF31: =FG$3*FG$4*216*24*60*FE31/9000000 -> 0 | FI31: =FJ$3*FJ$4*216*24*60*FH31/9000000 -> 0 | FL31: =FM$3*FM$4*216*24*60*FK31/9000000 -> 0 | FO31: =FP$3*FP$4*216*24*60*FN31/9000000 -> 0 | FR31: =FS$3*FS$4*216*24*60*FQ31/9000000 -> 0 | FU31: =FV$3*FV$4*216*24*60*FT31/9000000 -> 0 | FX31: =FY$3*FY$4*216*24*60*FW31/9000000 -> 0 | GA31: =GB$3*GB$4*216*24*60*FZ31/9000000 -> 0 | GD31: =GE$3*GE$4*216*24*60*GC31/9000000 -> 0 | GG31: =GH$3*GH$4*216*24*60*GF31/9000000 -> 0 | GJ31: =GK$3*GK$4*216*24*60*GI31/9000000 -> 0 | GL31: =AC31+Z31+W31+T31+Q31+N31+K31+H31+E31+B31+AF31+AI31+AL31+AO31+AR31+AU31+AX31+BA31+BD31+BG31+BJ31+BM31+BP31+BS31+BV31+BY31+CB31+CE31+CH31+CK31+CN31+CQ31+CT31+CW31+CZ31+DC31+DL31+DF31+DI31+DO31+DR31+DU31+DX31+EA31+ED31+EG31+EJ31+EM31+EP31+ES31+EV31+EY31+FB31+FE31+FH31+FK31+FN31+FQ31+FT31+FW31+FZ31+GC31+GF31+GI31 -> 0 | GM31: =GL31+'33J'!BK31+'M80(20250122封存)'!CX31+MPS!AY31+TMT!CX31 -> 0
A32: 27 | C32: =D$3*D$4*216*24*60*B32/9000000 -> 0 | F32: =G$3*G$4*216*24*60*E32/9000000 -> 0 | I32: =J$3*J$4*216*24*60*H32/9000000 -> 0 | L32: =M$3*M$4*216*24*60*K32/9000000 -> 0 | O32: =P$3*P$4*216*24*60*N32/9000000 -> 0 | R32: =S$3*S$4*216*24*60*Q32/9000000 -> 0 | U32: =V$3*V$4*216*24*60*T32/9000000 -> 0 | X32: =Y$3*Y$4*216*24*60*W32/9000000 -> 0 | AA32: =AB$3*AB$4*216*24*60*Z32/9000000 -> 0 | AD32: =AE$3*AE$4*216*24*60*AC32/9000000 -> 0 | AG32: =AH$3*AH$4*216*24*60*AF32/9000000 -> 0 | AJ32: =AK$3*AK$4*216*24*60*AI32/9000000 -> 0 | AM32: =AN$3*AN$4*216*24*60*AL32/9000000 -> 0 | AP32: =AQ$3*AQ$4*216*24*60*AO32/9000000 -> 0 | AS32: =AT$3*AT$4*216*24*60*AR32/9000000 -> 0 | AV32: =AW$3*AW$4*216*24*60*AU32/9000000 -> 0 | AY32: =AZ$3*AZ$4*216*24*60*AX32/9000000 -> 0 | BB32: =BC$3*BC$4*216*24*60*BA32/9000000 -> 0 | BE32: =BF$3*BF$4*216*24*60*BD32/9000000 -> 0 | BH32: =BI$3*BI$4*216*24*60*BG32/9000000 -> 0 | BK32: =BL$3*BL$4*216*24*60*BJ32/9000000 -> 0 | BN32: =BO$3*BO$4*216*24*60*BM32/9000000 -> 0 | BQ32: =BR$3*BR$4*216*24*60*BP32/9000000 -> 0 | BT32: =BU$3*BU$4*216*24*60*BS32/9000000 -> 0 | BW32: =BX$3*BX$4*216*24*60*BV32/9000000 -> 0 | BZ32: =CA$3*CA$4*216*24*60*BY32/9000000 -> 0 | CC32: =CD$3*CD$4*216*24*60*CB32/9000000 -> 0 | CF32: =CG$3*CG$4*216*24*60*CE32/9000000 -> 0 | CI32: =CJ$3*CJ$4*216*24*60*CH32/9000000 -> 0 | CL32: =CM$3*CM$4*216*24*60*CK32/9000000 -> 0 | CO32: =CP$3*CP$4*216*24*60*CN32/9000000 -> 0 | CR32: =CS$3*CS$4*216*24*60*CQ32/9000000 -> 0 | CU32: =CV$3*CV$4*216*24*60*CT32/9000000 -> 0 | CX32: =CY$3*CY$4*216*24*60*CW32/9000000 -> 0 | DA32: =DB$3*DB$4*216*24*60*CZ32/9000000 -> 0 | DD32: =DE$3*DE$4*216*24*60*DC32/9000000 -> 0 | DG32: =DH$3*DH$4*216*24*60*DF32/9000000 -> 0 | DJ32: =DK$3*DK$4*216*24*60*DI32/9000000 -> 0 | DM32: =DN$3*DN$4*216*24*60*DL32/9000000 -> 0 | DP32: =DQ$3*DQ$4*216*24*60*DO32/9000000 -> 0 | DS32: =DT$3*DT$4*216*24*60*DR32/9000000 -> 0 | DV32: =DW$3*DW$4*216*24*60*DU32/9000000 -> 0 | DY32: =DZ$3*DZ$4*216*24*60*DX32/9000000 -> 0 | EB32: =EC$3*EC$4*216*24*60*EA32/9000000 -> 0 | EE32: =EF$3*EF$4*216*24*60*ED32/9000000 -> 0 | EH32: =EI$3*EI$4*216*24*60*EG32/9000000 -> 0 | EK32: =EL$3*EL$4*216*24*60*EJ32/9000000 -> 0 | EN32: =EO$3*EO$4*216*24*60*EM32/9000000 -> 0 | EQ32: =ER$3*ER$4*216*24*60*EP32/9000000 -> 0 | ET32: =EU$3*EU$4*216*24*60*ES32/9000000 -> 0 | EW32: =EX$3*EX$4*216*24*60*EV32/9000000 -> 0 | EZ32: =FA$3*FA$4*216*24*60*EY32/9000000 -> 0 | FC32: =FD$3*FD$4*216*24*60*FB32/9000000 -> 0 | FF32: =FG$3*FG$4*216*24*60*FE32/9000000 -> 0 | FI32: =FJ$3*FJ$4*216*24*60*FH32/9000000 -> 0 | FL32: =FM$3*FM$4*216*24*60*FK32/9000000 -> 0 | FO32: =FP$3*FP$4*216*24*60*FN32/9000000 -> 0 | FR32: =FS$3*FS$4*216*24*60*FQ32/9000000 -> 0 | FU32: =FV$3*FV$4*216*24*60*FT32/9000000 -> 0 | FX32: =FY$3*FY$4*216*24*60*FW32/9000000 -> 0 | GA32: =GB$3*GB$4*216*24*60*FZ32/9000000 -> 0 | GD32: =GE$3*GE$4*216*24*60*GC32/9000000 -> 0 | GG32: =GH$3*GH$4*216*24*60*GF32/9000000 -> 0 | GJ32: =GK$3*GK$4*216*24*60*GI32/9000000 -> 0 | GL32: =AC32+Z32+W32+T32+Q32+N32+K32+H32+E32+B32+AF32+AI32+AL32+AO32+AR32+AU32+AX32+BA32+BD32+BG32+BJ32+BM32+BP32+BS32+BV32+BY32+CB32+CE32+CH32+CK32+CN32+CQ32+CT32+CW32+CZ32+DC32+DL32+DF32+DI32+DO32+DR32+DU32+DX32+EA32+ED32+EG32+EJ32+EM32+EP32+ES32+EV32+EY32+FB32+FE32+FH32+FK32+FN32+FQ32+FT32+FW32+FZ32+GC32+GF32+GI32 -> 0 | GM32: =GL32+'33J'!BK32+'M80(20250122封存)'!CX32+MPS!AY32+TMT!CX32 -> 0
A33: 28 | C33: =D$3*D$4*216*24*60*B33/9000000 -> 0 | F33: =G$3*G$4*216*24*60*E33/9000000 -> 0 | I33: =J$3*J$4*216*24*60*H33/9000000 -> 0 | L33: =M$3*M$4*216*24*60*K33/9000000 -> 0 | O33: =P$3*P$4*216*24*60*N33/9000000 -> 0 | R33: =S$3*S$4*216*24*60*Q33/9000000 -> 0 | U33: =V$3*V$4*216*24*60*T33/9000000 -> 0 | X33: =Y$3*Y$4*216*24*60*W33/9000000 -> 0 | AA33: =AB$3*AB$4*216*24*60*Z33/9000000 -> 0 | AD33: =AE$3*AE$4*216*24*60*AC33/9000000 -> 0 | AG33: =AH$3*AH$4*216*24*60*AF33/9000000 -> 0 | AJ33: =AK$3*AK$4*216*24*60*AI33/9000000 -> 0 | AM33: =AN$3*AN$4*216*24*60*AL33/9000000 -> 0 | AP33: =AQ$3*AQ$4*216*24*60*AO33/9000000 -> 0 | AS33: =AT$3*AT$4*216*24*60*AR33/9000000 -> 0 | AV33: =AW$3*AW$4*216*24*60*AU33/9000000 -> 0 | AY33: =AZ$3*AZ$4*216*24*60*AX33/9000000 -> 0 | BB33: =BC$3*BC$4*216*24*60*BA33/9000000 -> 0 | BE33: =BF$3*BF$4*216*24*60*BD33/9000000 -> 0 | BH33: =BI$3*BI$4*216*24*60*BG33/9000000 -> 0 | BK33: =BL$3*BL$4*216*24*60*BJ33/9000000 -> 0 | BN33: =BO$3*BO$4*216*24*60*BM33/9000000 -> 0 | BQ33: =BR$3*BR$4*216*24*60*BP33/9000000 -> 0 | BT33: =BU$3*BU$4*216*24*60*BS33/9000000 -> 0 | BW33: =BX$3*BX$4*216*24*60*BV33/9000000 -> 0 | BZ33: =CA$3*CA$4*216*24*60*BY33/9000000 -> 0 | CC33: =CD$3*CD$4*216*24*60*CB33/9000000 -> 0 | CF33: =CG$3*CG$4*216*24*60*CE33/9000000 -> 0 | CI33: =CJ$3*CJ$4*216*24*60*CH33/9000000 -> 0 | CL33: =CM$3*CM$4*216*24*60*CK33/9000000 -> 0 | CO33: =CP$3*CP$4*216*24*60*CN33/9000000 -> 0 | CR33: =CS$3*CS$4*216*24*60*CQ33/9000000 -> 0 | CU33: =CV$3*CV$4*216*24*60*CT33/9000000 -> 0 | CX33: =CY$3*CY$4*216*24*60*CW33/9000000 -> 0 | DA33: =DB$3*DB$4*216*24*60*CZ33/9000000 -> 0 | DD33: =DE$3*DE$4*216*24*60*DC33/9000000 -> 0 | DG33: =DH$3*DH$4*216*24*60*DF33/9000000 -> 0 | DJ33: =DK$3*DK$4*216*24*60*DI33/9000000 -> 0 | DM33: =DN$3*DN$4*216*24*60*DL33/9000000 -> 0 | DP33: =DQ$3*DQ$4*216*24*60*DO33/9000000 -> 0 | DS33: =DT$3*DT$4*216*24*60*DR33/9000000 -> 0 | DV33: =DW$3*DW$4*216*24*60*DU33/9000000 -> 0 | DY33: =DZ$3*DZ$4*216*24*60*DX33/9000000 -> 0 | EB33: =EC$3*EC$4*216*24*60*EA33/9000000 -> 0 | EE33: =EF$3*EF$4*216*24*60*ED33/9000000 -> 0 | EH33: =EI$3*EI$4*216*24*60*EG33/9000000 -> 0 | EK33: =EL$3*EL$4*216*24*60*EJ33/9000000 -> 0 | EN33: =EO$3*EO$4*216*24*60*EM33/9000000 -> 0 | EQ33: =ER$3*ER$4*216*24*60*EP33/9000000 -> 0 | ET33: =EU$3*EU$4*216*24*60*ES33/9000000 -> 0 | EW33: =EX$3*EX$4*216*24*60*EV33/9000000 -> 0 | EZ33: =FA$3*FA$4*216*24*60*EY33/9000000 -> 0 | FC33: =FD$3*FD$4*216*24*60*FB33/9000000 -> 0 | FF33: =FG$3*FG$4*216*24*60*FE33/9000000 -> 0 | FI33: =FJ$3*FJ$4*216*24*60*FH33/9000000 -> 0 | FL33: =FM$3*FM$4*216*24*60*FK33/9000000 -> 0 | FO33: =FP$3*FP$4*216*24*60*FN33/9000000 -> 0 | FR33: =FS$3*FS$4*216*24*60*FQ33/9000000 -> 0 | FU33: =FV$3*FV$4*216*24*60*FT33/9000000 -> 0 | FX33: =FY$3*FY$4*216*24*60*FW33/9000000 -> 0 | GA33: =GB$3*GB$4*216*24*60*FZ33/9000000 -> 0 | GD33: =GE$3*GE$4*216*24*60*GC33/9000000 -> 0 | GG33: =GH$3*GH$4*216*24*60*GF33/9000000 -> 0 | GJ33: =GK$3*GK$4*216*24*60*GI33/9000000 -> 0 | GL33: =AC33+Z33+W33+T33+Q33+N33+K33+H33+E33+B33+AF33+AI33+AL33+AO33+AR33+AU33+AX33+BA33+BD33+BG33+BJ33+BM33+BP33+BS33+BV33+BY33+CB33+CE33+CH33+CK33+CN33+CQ33+CT33+CW33+CZ33+DC33+DL33+DF33+DI33+DO33+DR33+DU33+DX33+EA33+ED33+EG33+EJ33+EM33+EP33+ES33+EV33+EY33+FB33+FE33+FH33+FK33+FN33+FQ33+FT33+FW33+FZ33+GC33+GF33+GI33 -> 0 | GM33: =GL33+'33J'!BK33+'M80(20250122封存)'!CX33+MPS!AY33+TMT!CX33 -> 0
A34: 29 | C34: =D$3*D$4*216*24*60*B34/9000000 -> 0 | F34: =G$3*G$4*216*24*60*E34/9000000 -> 0 | I34: =J$3*J$4*216*24*60*H34/9000000 -> 0 | L34: =M$3*M$4*216*24*60*K34/9000000 -> 0 | O34: =P$3*P$4*216*24*60*N34/9000000 -> 0 | R34: =S$3*S$4*216*24*60*Q34/9000000 -> 0 | U34: =V$3*V$4*216*24*60*T34/9000000 -> 0 | X34: =Y$3*Y$4*216*24*60*W34/9000000 -> 0 | AA34: =AB$3*AB$4*216*24*60*Z34/9000000 -> 0 | AD34: =AE$3*AE$4*216*24*60*AC34/9000000 -> 0 | AG34: =AH$3*AH$4*216*24*60*AF34/9000000 -> 0 | AJ34: =AK$3*AK$4*216*24*60*AI34/9000000 -> 0 | AM34: =AN$3*AN$4*216*24*60*AL34/9000000 -> 0 | AP34: =AQ$3*AQ$4*216*24*60*AO34/9000000 -> 0 | AS34: =AT$3*AT$4*216*24*60*AR34/9000000 -> 0 | AV34: =AW$3*AW$4*216*24*60*AU34/9000000 -> 0 | AY34: =AZ$3*AZ$4*216*24*60*AX34/9000000 -> 0 | BB34: =BC$3*BC$4*216*24*60*BA34/9000000 -> 0 | BE34: =BF$3*BF$4*216*24*60*BD34/9000000 -> 0 | BH34: =BI$3*BI$4*216*24*60*BG34/9000000 -> 0 | BK34: =BL$3*BL$4*216*24*60*BJ34/9000000 -> 0 | BN34: =BO$3*BO$4*216*24*60*BM34/9000000 -> 0 | BQ34: =BR$3*BR$4*216*24*60*BP34/9000000 -> 0 | BT34: =BU$3*BU$4*216*24*60*BS34/9000000 -> 0 | BW34: =BX$3*BX$4*216*24*60*BV34/9000000 -> 0 | BZ34: =CA$3*CA$4*216*24*60*BY34/9000000 -> 0 | CC34: =CD$3*CD$4*216*24*60*CB34/9000000 -> 0 | CF34: =CG$3*CG$4*216*24*60*CE34/9000000 -> 0 | CI34: =CJ$3*CJ$4*216*24*60*CH34/9000000 -> 0 | CL34: =CM$3*CM$4*216*24*60*CK34/9000000 -> 0 | CO34: =CP$3*CP$4*216*24*60*CN34/9000000 -> 0 | CR34: =CS$3*CS$4*216*24*60*CQ34/9000000 -> 0 | CU34: =CV$3*CV$4*216*24*60*CT34/9000000 -> 0 | CX34: =CY$3*CY$4*216*24*60*CW34/9000000 -> 0 | DA34: =DB$3*DB$4*216*24*60*CZ34/9000000 -> 0 | DD34: =DE$3*DE$4*216*24*60*DC34/9000000 -> 0 | DG34: =DH$3*DH$4*216*24*60*DF34/9000000 -> 0 | DJ34: =DK$3*DK$4*216*24*60*DI34/9000000 -> 0 | DM34: =DN$3*DN$4*216*24*60*DL34/9000000 -> 0 | DP34: =DQ$3*DQ$4*216*24*60*DO34/9000000 -> 0 | DS34: =DT$3*DT$4*216*24*60*DR34/9000000 -> 0 | DV34: =DW$3*DW$4*216*24*60*DU34/9000000 -> 0 | DY34: =DZ$3*DZ$4*216*24*60*DX34/9000000 -> 0 | EB34: =EC$3*EC$4*216*24*60*EA34/9000000 -> 0 | EE34: =EF$3*EF$4*216*24*60*ED34/9000000 -> 0 | EH34: =EI$3*EI$4*216*24*60*EG34/9000000 -> 0 | EK34: =EL$3*EL$4*216*24*60*EJ34/9000000 -> 0 | EN34: =EO$3*EO$4*216*24*60*EM34/9000000 -> 0 | EQ34: =ER$3*ER$4*216*24*60*EP34/9000000 -> 0 | ET34: =EU$3*EU$4*216*24*60*ES34/9000000 -> 0 | EW34: =EX$3*EX$4*216*24*60*EV34/9000000 -> 0 | EZ34: =FA$3*FA$4*216*24*60*EY34/9000000 -> 0 | FC34: =FD$3*FD$4*216*24*60*FB34/9000000 -> 0 | FF34: =FG$3*FG$4*216*24*60*FE34/9000000 -> 0 | FI34: =FJ$3*FJ$4*216*24*60*FH34/9000000 -> 0 | FL34: =FM$3*FM$4*216*24*60*FK34/9000000 -> 0 | FO34: =FP$3*FP$4*216*24*60*FN34/9000000 -> 0 | FR34: =FS$3*FS$4*216*24*60*FQ34/9000000 -> 0 | FU34: =FV$3*FV$4*216*24*60*FT34/9000000 -> 0 | FX34: =FY$3*FY$4*216*24*60*FW34/9000000 -> 0 | GA34: =GB$3*GB$4*216*24*60*FZ34/9000000 -> 0 | GD34: =GE$3*GE$4*216*24*60*GC34/9000000 -> 0 | GG34: =GH$3*GH$4*216*24*60*GF34/9000000 -> 0 | GJ34: =GK$3*GK$4*216*24*60*GI34/9000000 -> 0 | GL34: =AC34+Z34+W34+T34+Q34+N34+K34+H34+E34+B34+AF34+AI34+AL34+AO34+AR34+AU34+AX34+BA34+BD34+BG34+BJ34+BM34+BP34+BS34+BV34+BY34+CB34+CE34+CH34+CK34+CN34+CQ34+CT34+CW34+CZ34+DC34+DL34+DF34+DI34+DO34+DR34+DU34+DX34+EA34+ED34+EG34+EJ34+EM34+EP34+ES34+EV34+EY34+FB34+FE34+FH34+FK34+FN34+FQ34+FT34+FW34+FZ34+GC34+GF34+GI34 -> 0 | GM34: =GL34+'33J'!BK34+'M80(20250122封存)'!CX34+MPS!AY34+TMT!CX34 -> 0
... A36: 31 | C36: =D$3*D$4*216*24*60*B36/9000000 -> 0 | F36: =G$3*G$4*216*24*60*E36/9000000 -> 0 | I36: =J$3*J$4*216*24*60*H36/9000000 -> 0 | L36: =M$3*M$4*216*24*60*K36/9000000 -> 0 | O36: =P$3*P$4*216*24*60*N36/9000000 -> 0 | R36: =S$3*S$4*216*24*60*Q36/9000000 -> 0 | U36: =V$3*V$4*216*24*60*T36/9000000 -> 0 | X36: =Y$3*Y$4*216*24*60*W36/9000000 -> 0 | AA36: =AB$3*AB$4*216*24*60*Z36/9000000 -> 0 | AD36: =AE$3*AE$4*216*24*60*AC36/9000000 -> 0 | AG36: =AH$3*AH$4*216*24*60*AF36/9000000 -> 0 | AJ36: =AK$3*AK$4*216*24*60*AI36/9000000 -> 0 | AM36: =AN$3*AN$4*216*24*60*AL36/9000000 -> 0 | AP36: =AQ$3*AQ$4*216*24*60*AO36/9000000 -> 0 | AS36: =AT$3*AT$4*216*24*60*AR36/9000000 -> 0 | AV36: =AW$3*AW$4*216*24*60*AU36/9000000 -> 0 | AY36: =AZ$3*AZ$4*216*24*60*AX36/9000000 -> 0 | BB36: =BC$3*BC$4*216*24*60*BA36/9000000 -> 0 | BE36: =BF$3*BF$4*216*24*60*BD36/9000000 -> 0 | BH36: =BI$3*BI$4*216*24*60*BG36/9000000 -> 0 | BK36: =BL$3*BL$4*216*24*60*BJ36/9000000 -> 0 | BN36: =BO$3*BO$4*216*24*60*BM36/9000000 -> 0 | BQ36: =BR$3*BR$4*216*24*60*BP36/9000000 -> 0 | BT36: =BU$3*BU$4*216*24*60*BS36/9000000 -> 0 | BW36: =BX$3*BX$4*216*24*60*BV36/9000000 -> 0 | BZ36: =CA$3*CA$4*216*24*60*BY36/9000000 -> 0 | CC36: =CD$3*CD$4*216*24*60*CB36/9000000 -> 0 | CF36: =CG$3*CG$4*216*24*60*CE36/9000000 -> 0 | CI36: =CJ$3*CJ$4*216*24*60*CH36/9000000 -> 0 | CL36: =CM$3*CM$4*216*24*60*CK36/9000000 -> 0 | CO36: =CP$3*CP$4*216*24*60*CN36/9000000 -> 0 | CR36: =CS$3*CS$4*216*24*60*CQ36/9000000 -> 0 | CU36: =CV$3*CV$4*216*24*60*CT36/9000000 -> 0 | CX36: =CY$3*CY$4*216*24*60*CW36/9000000 -> 0 | DA36: =DB$3*DB$4*216*24*60*CZ36/9000000 -> 0 | DD36: =DE$3*DE$4*216*24*60*DC36/9000000 -> 0 | DG36: =DH$3*DH$4*216*24*60*DF36/9000000 -> 0 | DJ36: =DK$3*DK$4*216*24*60*DI36/9000000 -> 0 | DM36: =DN$3*DN$4*216*24*60*DL36/9000000 -> 0 | DP36: =DQ$3*DQ$4*216*24*60*DO36/9000000 -> 0 | DS36: =DT$3*DT$4*216*24*60*DR36/9000000 -> 0 | DV36: =DW$3*DW$4*216*24*60*DU36/9000000 -> 0 | DY36: =DZ$3*DZ$4*216*24*60*DX36/9000000 -> 0 | EB36: =EC$3*EC$4*216*24*60*EA36/9000000 -> 0 | EE36: =EF$3*EF$4*216*24*60*ED36/9000000 -> 0 | EH36: =EI$3*EI$4*216*24*60*EG36/9000000 -> 0 | EK36: =EL$3*EL$4*216*24*60*EJ36/9000000 -> 0 | EN36: =EO$3*EO$4*216*24*60*EM36/9000000 -> 0 | EQ36: =ER$3*ER$4*216*24*60*EP36/9000000 -> 0 | ET36: =EU$3*EU$4*216*24*60*ES36/9000000 -> 0 | EW36: =EX$3*EX$4*216*24*60*EV36/9000000 -> 0 | EZ36: =FA$3*FA$4*216*24*60*EY36/9000000 -> 0 | FC36: =FD$3*FD$4*216*24*60*FB36/9000000 -> 0 | FF36: =FG$3*FG$4*216*24*60*FE36/9000000 -> 0 | FI36: =FJ$3*FJ$4*216*24*60*FH36/9000000 -> 0 | FL36: =FM$3*FM$4*216*24*60*FK36/9000000 -> 0 | FO36: =FP$3*FP$4*216*24*60*FN36/9000000 -> 0 | FR36: =FS$3*FS$4*216*24*60*FQ36/9000000 -> 0 | FU36: =FV$3*FV$4*216*24*60*FT36/9000000 -> 0 | FX36: =FY$3*FY$4*216*24*60*FW36/9000000 -> 0 | GA36: =GB$3*GB$4*216*24*60*FZ36/9000000 -> 0 | GD36: =GE$3*GE$4*216*24*60*GC36/9000000 -> 0 | GG36: =GH$3*GH$4*216*24*60*GF36/9000000 -> 0 | GJ36: =GK$3*GK$4*216*24*60*GI36/9000000 -> 0 | GL36: =AC36+Z36+W36+T36+Q36+N36+K36+H36+E36+B36+AF36+AI36+AL36+AO36+AR36+AU36+AX36+BA36+BD36+BG36+BJ36+BM36+BP36+BS36+BV36+BY36+CB36+CE36+CH36+CK36+CN36+CQ36+CT36+CW36+CZ36+DC36+DL36+DF36+DI36+DO36+DR36+DU36+DX36+EA36+ED36+EG36+EJ36+EM36+EP36+ES36+EV36+EY36+FB36+FE36+FH36+FK36+FN36+FQ36+FT36+FW36+FZ36+GC36+GF36+GI36 -> 0 | GM36: =GL36+'33J'!BK36+'M80(20250122封存)'!CX36+MPS!AY36+TMT!CX36 -> 0
B37: =IF(B6="",0,AVERAGE(B6:B36)) -> 1 | C37: =SUM(C6:C36) -> 17766.605 | D37: =SUM(D6:D36) -> 19024 | E37: =IF(E6="",0,AVERAGE(E6:E36)) -> 0.70588235 | F37: =SUM(F6:F36) -> 10969.344 | G37: =SUM(G6:G36) -> 8785 | H37: =IF(H6="",0,AVERAGE(H6:H36)) -> 0 | I37: =SUM(I6:I36) -> 0 | J37: =SUM(J6:J36) -> 0 | K37: =IF(K6="",0,AVERAGE(K6:K36)) -> 0.47058824 | L37: =SUM(L6:L36) -> 11612.16 | M37: =SUM(M6:M36) -> 15357 | N37: =IF(N6="",0,AVERAGE(N6:N36)) -> 0.52941176 | O37: =SUM(O6:O36) -> 13063.68 | P37: =SUM(P6:P36) -> 9249 | Q37: =IF(Q6="",0,AVERAGE(Q6:Q36)) -> 0 | R37: =SUM(R6:R36) -> 0 | S37: =SUM(S6:S36) -> 0 | T37: =IF(T6="",0,AVERAGE(T6:T36)) -> 1 | U37: =SUM(U6:U36) -> 50409.216 | V37: =SUM(V6:V36) -> 47758 | W37: =IF(W6="",0,AVERAGE(W6:W36)) -> 0.94117647 | X37: =SUM(X6:X36) -> 23556.096 | Y37: =SUM(Y6:Y36) -> 18408 | Z37: =IF(Z6="",0,AVERAGE(Z6:Z36)) -> 0.88235294 | AA37: =SUM(AA6:AA36) -> 47848.32 | AB37: =SUM(AB6:AB36) -> 37231 | AC37: =IF(AC6="",0,AVERAGE(AC6:AC36)) -> 0.52941176 | AD37: =SUM(AD6:AD36) -> 24292.224 | AE37: =SUM(AE6:AE36) -> 19320 | AF37: =IF(AF6="",0,AVERAGE(AF6:AF36)) -> 0.11764706 | AG37: =SUM(AG6:AG36) -> 6428.16 | AH37: =SUM(AH6:AH36) -> 0 | AI37: =IF(AI6="",0,AVERAGE(AI6:AI36)) -> 0 | AJ37: =SUM(AJ6:AJ36) -> 0 | AK37: =SUM(AK6:AK36) -> 0 | AL37: =IF(AL6="",0,AVERAGE(AL6:AL36)) -> 0 | AM37: =SUM(AM6:AM36) -> 0 | AN37: =SUM(AN6:AN36) -> 0 | AO37: =IF(AO6="",0,AVERAGE(AO6:AO36)) -> 0 | AP37: =SUM(AP6:AP36) -> 0 | AQ37: =SUM(AQ6:AQ36) -> 0 | AR37: =IF(AR6="",0,AVERAGE(AR6:AR36)) -> 0 | AS37: =SUM(AS6:AS36) -> 0 | AT37: =SUM(AT6:AT36) -> 0 | AU37: =IF(AU6="",0,AVERAGE(AU6:AU36)) -> 0 | AV37: =SUM(AV6:AV36) -> 0 | AW37: =SUM(AW6:AW36) -> 0 | AX37: =IF(AX6="",0,AVERAGE(AX6:AX36)) -> 0 | AY37: =SUM(AY6:AY36) -> 0 | AZ37: =SUM(AZ6:AZ36) -> 0 | BA37: =IF(BA6="",0,AVERAGE(BA6:BA36)) -> 0 | BB37: =SUM(BB6:BB36) -> 0 | BC37: =SUM(BC6:BC36) -> 0 | BD37: =IF(BD6="",0,AVERAGE(BD6:BD36)) -> 0 | BE37: =SUM(BE6:BE36) -> 0 | BF37: =SUM(BF6:BF36) -> 0 | BG37: =IF(BG6="",0,AVERAGE(BG6:BG36)) -> 0 | BH37: =SUM(BH6:BH36) -> 0 | BI37: =SUM(BI6:BI36) -> 0 | BJ37: =IF(BJ6="",0,AVERAGE(BJ6:BJ36)) -> 0 | BK37: =SUM(BK6:BK36) -> 0 | BL37: =SUM(BL6:BL36) -> 0 | BM37: =IF(BM6="",0,AVERAGE(BM6:BM36)) -> 0 | BN37: =SUM(BN6:BN36) -> 0 | BO37: =SUM(BO6:BO36) -> 0 | BP37: =IF(BP6="",0,AVERAGE(BP6:BP36)) -> 0 | BQ37: =SUM(BQ6:BQ36) -> 0 | BR37: =SUM(BR6:BR36) -> 0 | BS37: =IF(BS6="",0,AVERAGE(BS6:BS36)) -> 0 | BT37: =SUM(BT6:BT36) -> 0 | BU37: =SUM(BU6:BU36) -> 0 | BV37: =IF(BV6="",0,AVERAGE(BV6:BV36)) -> 0 | BW37: =SUM(BW6:BW36) -> 0 | BX37: =SUM(BX6:BX36) -> 0 | BY37: =IF(BY6="",0,AVERAGE(BY6:BY36)) -> 0 | BZ37: =SUM(BZ6:BZ36) -> 0 | CA37: =SUM(CA6:CA36) -> 0 | CB37: =IF(CB6="",0,AVERAGE(CB6:CB36)) -> 0 | CC37: =SUM(CC6:CC36) -> 0 | CD37: =SUM(CD6:CD36) -> 0 | CE37: =IF(CE6="",0,AVERAGE(CE6:CE36)) -> 0 | CF37: =SUM(CF6:CF36) -> 0 | CG37: =SUM(CG6:CG36) -> 0 | CH37: =IF(CH6="",0,AVERAGE(CH6:CH36)) -> 0 | CI37: =SUM(CI6:CI36) -> 0 | CJ37: =SUM(CJ6:CJ36) -> 0 | CK37: =IF(CK6="",0,AVERAGE(CK6:CK36)) -> 0 | CL37: =SUM(CL6:CL36) -> 0 | CM37: =SUM(CM6:CM36) -> 0 | CN37: =IF(CN6="",0,AVERAGE(CN6:CN36)) -> 0 | CO37: =SUM(CO6:CO36) -> 0 | CP37: =SUM(CP6:CP36) -> 0 | CQ37: =IF(CQ6="",0,AVERAGE(CQ6:CQ36)) -> 0 | CR37: =SUM(CR6:CR36) -> 0 | CS37: =SUM(CS6:CS36) -> 0 | CT37: =IF(CT6="",0,AVERAGE(CT6:CT36)) -> 0 | CU37: =SUM(CU6:CU36) -> 0 | CV37: =SUM(CV6:CV36) -> 0 | CW37: =IF(CW6="",0,AVERAGE(CW6:CW36)) -> 0 | CX37: =SUM(CX6:CX36) -> 0 | CY37: =SUM(CY6:CY36) -> 0 | CZ37: =IF(CZ6="",0,AVERAGE(CZ6:CZ36)) -> 0 | DA37: =SUM(DA6:DA36) -> 0 | DB37: =SUM(DB6:DB36) -> 0 | DC37: =IF(DC6="",0,AVERAGE(DC6:DC36)) -> 0 | DD37: =SUM(DD6:DD36) -> 0 | DE37: =SUM(DE6:DE36) -> 0 | DF37: =IF(DF6="",0,AVERAGE(DF6:DF36)) -> 0 | DG37: =SUM(DG6:DG36) -> 0 | DH37: =SUM(DH6:DH36) -> 0 | DI37: =IF(DI6="",0,AVERAGE(DI6:DI36)) -> 0 | DJ37: =SUM(DJ6:DJ36) -> 0 | DK37: =SUM(DK6:DK36) -> 0 | DL37: =IF(DL6="",0,AVERAGE(DL6:DL36)) -> 0 | DM37: =SUM(DM6:DM36) -> 0 | DN37: =SUM(DN6:DN36) -> 0 | DO37: =IF(DO6="",0,AVERAGE(DO6:DO36)) -> 0 | DP37: =SUM(DP6:DP36) -> 0 | DQ37: =SUM(DQ6:DQ36) -> 0 | DR37: =IF(DR6="",0,AVERAGE(DR6:DR36)) -> 0 | DS37: =SUM(DS6:DS36) -> 0 | DT37: =SUM(DT6:DT36) -> 0 | DU37: =IF(DU6="",0,AVERAGE(DU6:DU36)) -> 0 | DV37: =SUM(DV6:DV36) -> 0 | DW37: =SUM(DW6:DW36) -> 0 | DX37: =IF(DX6="",0,AVERAGE(DX6:DX36)) -> 0 | DY37: =SUM(DY6:DY36) -> 0 | DZ37: =SUM(DZ6:DZ36) -> 0 | EA37: =IF(EA6="",0,AVERAGE(EA6:EA36)) -> 0 | EB37: =SUM(EB6:EB36) -> 0 | EC37: =SUM(EC6:EC36) -> 0 | ED37: =IF(ED6="",0,AVERAGE(ED6:ED36)) -> 0 | EE37: =SUM(EE6:EE36) -> 0 | EF37: =SUM(EF6:EF36) -> 0 | EG37: =IF(EG6="",0,AVERAGE(EG6:EG36)) -> 0 | EH37: =SUM(EH6:EH36) -> 0 | EI37: =SUM(EI6:EI36) -> 0 | EJ37: =IF(EJ6="",0,AVERAGE(EJ6:EJ36)) -> 0 | EK37: =SUM(EK6:EK36) -> 0 | EL37: =SUM(EL6:EL36) -> 0 | EM37: =IF(EM6="",0,AVERAGE(EM6:EM36)) -> 0 | EN37: =SUM(EN6:EN36) -> 0 | EO37: =SUM(EO6:EO36) -> 0 | EP37: =IF(EP6="",0,AVERAGE(EP6:EP36)) -> 0 | EQ37: =SUM(EQ6:EQ36) -> 0 | ER37: =SUM(ER6:ER36) -> 0 | ES37: =IF(ES6="",0,AVERAGE(ES6:ES36)) -> 0 | ET37: =SUM(ET6:ET36) -> 0 | EU37: =SUM(EU6:EU36) -> 0 | EV37: =IF(EV6="",0,AVERAGE(EV6:EV36)) -> 0 | EW37: =SUM(EW6:EW36) -> 0 | EX37: =SUM(EX6:EX36) -> 0 | EY37: =IF(EY6="",0,AVERAGE(EY6:EY36)) -> 0 | EZ37: =SUM(EZ6:EZ36) -> 0 | FA37: =SUM(FA6:FA36) -> 0 | FB37: =IF(FB6="",0,AVERAGE(FB6:FB36)) -> 0 | FC37: =SUM(FC6:FC36) -> 0 | FD37: =SUM(FD6:FD36) -> 0 | FE37: =IF(FE6="",0,AVERAGE(FE6:FE36)) -> 0 | FF37: =SUM(FF6:FF36) -> 0 | FG37: =SUM(FG6:FG36) -> 0 | FH37: =IF(FH6="",0,AVERAGE(FH6:FH36)) -> 0 | FI37: =SUM(FI6:FI36) -> 0 | FJ37: =SUM(FJ6:FJ36) -> 0 | FK37: =IF(FK6="",0,AVERAGE(FK6:FK36)) -> 0 | FL37: =SUM(FL6:FL36) -> 0 | FM37: =SUM(FM6:FM36) -> 0 | FN37: =IF(FN6="",0,AVERAGE(FN6:FN36)) -> 0 | FO37: =SUM(FO6:FO36) -> 0 | FP37: =SUM(FP6:FP36) -> 0 | FQ37: =IF(FQ6="",0,AVERAGE(FQ6:FQ36)) -> 0 | FR37: =SUM(FR6:FR36) -> 0 | FS37: =SUM(FS6:FS36) -> 0 | FT37: =IF(FT6="",0,AVERAGE(FT6:FT36)) -> 0 | FU37: =SUM(FU6:FU36) -> 0 | FV37: =SUM(FV6:FV36) -> 0 | FW37: =IF(FW6="",0,AVERAGE(FW6:FW36)) -> 0 | FX37: =SUM(FX6:FX36) -> 0 | FY37: =SUM(FY6:FY36) -> 0 | FZ37: =IF(FZ6="",0,AVERAGE(FZ6:FZ36)) -> 0 | GA37: =SUM(GA6:GA36) -> 0 | GB37: =SUM(GB6:GB36) -> 0 | GC37: =IF(GC6="",0,AVERAGE(GC6:GC36)) -> 0 | GD37: =SUM(GD6:GD36) -> 0 | GE37: =SUM(GE6:GE36) -> 0 | GF37: =IF(GF6="",0,AVERAGE(GF6:GF36)) -> 0 | GG37: =SUM(GG6:GG36) -> 0 | GH37: =SUM(GH6:GH36) -> 0 | GI37: =IF(GI6="",0,AVERAGE(GI6:GI36)) -> 0 | GJ37: =SUM(GJ6:GJ36) -> 0 | GK37: =SUM(GK6:GK36) -> 0 | GL37: =AC37+Z37+W37+T37+Q37+N37+K37+H37+E37+B37+AF37+AI37+AL37+AO37+AR37+AU37+AX37+BA37+BD37+BG37+BJ37+BM37+BP37+BS37+BV37+BY37+CB37+CE37+CH37+CK37+CN37+CQ37+CT37+CW37+CZ37+DC37+DL37+DF37+DI37+DO37+DR37+DU37+DX37+EA37+ED37+EG37+EJ37+EM37+EP37+ES37+EV37+EY37+FB37+FE37+FH37+FK37+FN37+FQ37+FT37+FW37+FZ37+GC37+GF37+GI37 -> 6.1764706 | GM37: =GL37+'33J'!BK37+'M80(20250122封存)'!CX37+MPS!AY37+TMT!CX37 -> 12.147059
B38: 17862 | E38: 8785 | K38: 14619 | N38: 9249 | T38: 46287 | W38: 18408 | Z38: 34292 | AC38: 19320
B39: 1758 | E39: 625 | K39: =290+2409 -> 2699 | N39: 699 | T39: 1437 | W39: 708 | Z39: 1442 | AC39: 720
B40: 100 | N40: 100 | T40: 100 | W40: 100 | Z40: 100 | AC40: 100
B41: =B38-B39-B60 -> 16104 | E41: =E38-E39-E60 -> 8160 | H41: =H38-H39-H60 -> 0 | K41: =K38-K39-K60 -> 11920 | N41: =N38-N39-N60 -> 8550 | Q41: =Q38-Q39-Q60 -> 0 | T41: =T38-T39-T60 -> 44850 | W41: =W38-W39-W60 -> 17700 | Z41: =Z38-Z39-Z60 -> 32100 | AC41: =AC38-AC39-AC60 -> 17850 | AF41: =AF38-AF39-AF60 -> 0 | AI41: =AI38-AI39-AI60 -> 0 | AL41: =AL38-AL39-AL60 -> 0 | AO41: =AO38-AO39-AO60 -> 0 | AR41: =AR38-AR39-AR60 -> 0 | AU41: =AU38-AU39-AU60 -> 0 | AX41: =AX38-AX39-AX60 -> 0 | BA41: =BA38-BA39-BA60 -> 0 | BD41: =BD38-BD39-BD60 -> 0 | BG41: =BG38-BG39-BG60 -> 0 | BJ41: =BJ38-BJ39-BJ60 -> 0 | BM41: =BM38-BM39-BM60 -> 0 | BP41: =BP38-BP39-BP60 -> 0 | BS41: =BS38-BS39-BS60 -> 0 | BV41: =BV38-BV39-BV60 -> 0 | BY41: =BY38-BY39-BY60 -> 0 | CB41: =CB38-CB39-CB60 -> 0 | CE41: =CE38-CE39-CE60 -> 0 | CH41: =CH38-CH39-CH60 -> 0 | CK41: =CK38-CK39-CK60 -> 0 | CN41: =CN38-CN39-CN60 -> 0 | CQ41: =CQ38-CQ39-CQ60 -> 0 | CT41: =CT38-CT39-CT60 -> 0 | CW41: =CW38-CW39-CW60 -> 0 | CZ41: =CZ38-CZ39-CZ60 -> 0 | DC41: =DC38-DC39-DC60 -> 0 | DF41: =DF38-DF39-DF60 -> 0 | DI41: =DI38-DI39-DI60 -> 0 | DL41: =DL38-DL39-DL60 -> 0 | DO41: =DO38-DO39-DO60 -> 0 | DR41: =DR38-DR39-DR60 -> 0 | DU41: =DU38-DU39-DU60 -> 0 | DX41: =DX38-DX39-DX60 -> 0 | EA41: =EA38-EA39-EA60 -> 0 | ED41: =ED38-ED39-ED60 -> 0 | EG41: =EG38-EG39-EG60 -> 0 | EJ41: =EJ38-EJ39-EJ60 -> 0 | EM41: =EM38-EM39-EM60 -> 0 | EP41: =EP38-EP39-EP60 -> 0 | ES41: =ES38-ES39-ES60 -> 0 | EV41: =EV38-EV39-EV60 -> 0 | EY41: =EY38-EY39-EY60 -> 0 | FB41: =FB38-FB39-FB60 -> 0 | FE41: =FE38-FE39-FE60 -> 0 | FH41: =FH38-FH39-FH60 -> 0 | FK41: =FK38-FK39-FK60 -> 0 | FN41: =FN38-FN39-FN60 -> 0 | FQ41: =FQ38-FQ39-FQ60 -> 0 | FT41: =FT38-FT39-FT60 -> 0 | FW41: =FW38-FW39-FW60 -> 0 | FZ41: =FZ38-FZ39-FZ60 -> 0 | GC41: =GC38-GC39-GC60 -> 0 | GF41: =GF38-GF39-GF60 -> 0 | GI41: =GI38-GI39-GI60 -> 0
B42: =B41-C60 -> 16104 | E42: =E41-F60 -> 8160 | H42: =H41-I60 -> 0 | K42: =K41-L60 -> 11920 | N42: =N41-O60 -> 8550 | Q42: =Q41-R60 -> 0 | T42: =T41-U60 -> 44850 | W42: =W41-X60 -> 17700 | Z42: =Z41-AA60 -> 32100 | AC42: =AC41-AD60 -> 17850 | AF42: =AF41-AG60 -> 0 | AI42: =AI41-AJ60 -> 0 | AL42: =AL41-AM60 -> 0 | AO42: =AO41-AP60 -> 0 | AR42: =AR41-AS60 -> 0 | AU42: =AU41-AV60 -> 0 | AX42: =AX41-AY60 -> 0 | BA42: =BA41-BB60 -> 0 | BD42: =BD41-BE60 -> 0 | BG42: =BG41-BH60 -> 0 | BJ42: =BJ41-BK60 -> 0 | BM42: =BM41-BN60 -> 0 | BP42: =BP41-BQ60 -> 0 | BS42: =BS41-BT60 -> 0 | BV42: =BV41-BW60 -> 0 | BY42: =BY41-BZ60 -> 0 | CB42: =CB41-CC60 -> 0 | CE42: =CE41-CF60 -> 0 | CH42: =CH41-CI60 -> 0 | CK42: =CK41-CL60 -> 0 | CN42: =CN41-CO60 -> 0 | CQ42: =CQ41-CR60 -> 0 | CT42: =CT41-CU60 -> 0 | CW42: =CW41-CX60 -> 0 | CZ42: =CZ41-DA60 -> 0 | DC42: =DC41-DD60 -> 0 | DF42: =DF41-DG60 -> 0 | DI42: =DI41-DJ60 -> 0 | DL42: =DL41-DM60 -> 0 | DO42: =DO41-DP60 -> 0 | DR42: =DR41-DS60 -> 0 | DU42: =DU41-DV60 -> 0 | DX42: =DX41-DY60 -> 0 | EA42: =EA41-EB60 -> 0 | ED42: =ED41-EE60 -> 0 | EG42: =EG41-EH60 -> 0 | EJ42: =EJ41-EK60 -> 0 | EM42: =EM41-EN60 -> 0 | EP42: =EP41-EQ60 -> 0 | ES42: =ES41-ET60 -> 0 | EV42: =EV41-EW60 -> 0 | EY42: =EY41-EZ60 -> 0 | FB42: =FB41-FC60 -> 0 | FE42: =FE41-FF60 -> 0 | FH42: =FH41-FI60 -> 0 | FK42: =FK41-FL60 -> 0 | FN42: =FN41-FO60 -> 0 | FQ42: =FQ41-FR60 -> 0 | FT42: =FT41-FU60 -> 0 | FW42: =FW41-FX60 -> 0 | FZ42: =FZ41-GA60 -> 0 | GC42: =GC41-GD60 -> 0 | GF42: =GF41-GG60 -> 0 | GI42: =GI41-GJ60 -> 0
A45: 退庫 | B45: A+Aw | C45: Ao+Ax | D45: B | E45: A+Aw | F45: Ao+Ax | G45: B | H45: A+Aw | I45: Ao+Ax | J45: B | K45: A+Aw | L45: Ao+Ax | M45: B | N45: A+Aw | O45: Ao+Ax | P45: B | Q45: A+Aw | R45: Ao+Ax | S45: B | T45: A+Aw | U45: Ao+Ax | V45: B | W45: A+Aw | X45: Ao+Ax | Y45: B | Z45: A+Aw | AA45: Ao+Ax | AB45: B | AC45: A+Aw | AD45: Ao+Ax | AE45: B | AF45: A+Aw | AG45: Ao+Ax | AH45: B | AI45: A+Aw | AJ45: Ao+Ax | AK45: B | AL45: A+Aw | AM45: Ao+Ax | AN45: B | AO45: A+Aw | AP45: Ao+Ax | AQ45: B | AR45: A+Aw | AS45: Ao+Ax | AT45: B | AU45: A+Aw | AV45: Ao+Ax | AW45: B | AX45: A+Aw | AY45: Ao+Ax | AZ45: B | BA45: A+Aw | BB45: Ao+Ax | BC45: B | BD45: A+Aw | BE45: Ao+Ax | BF45: B | BG45: A+Aw | BH45: Ao+Ax | BI45: B | BJ45: A+Aw | BK45: Ao+Ax | BL45: B | BM45: A+Aw | BN45: Ao+Ax | BO45: B | BP45: A+Aw | BQ45: Ao+Ax | BR45: B | BS45: A+Aw | BT45: Ao+Ax | BU45: B | BV45: A+Aw | BW45: Ao+Ax | BX45: B | BY45: A+Aw | BZ45: Ao+Ax | CA45: B | CB45: A+Aw | CC45: Ao+Ax | CD45: B | CE45: A+Aw | CF45: Ao+Ax | CG45: B | CH45: A+Aw | CI45: Ao+Ax | CJ45: B | CK45: A+Aw | CL45: Ao+Ax | CM45: B | CN45: A+Aw | CO45: Ao+Ax | CP45: B | CQ45: A+Aw | CR45: Ao+Ax | CS45: B | CT45: A+Aw | CU45: Ao+Ax | CV45: B | CW45: A+Aw | CX45: Ao+Ax | CY45: B | CZ45: A+Aw | DA45: Ao+Ax | DB45: B | DC45: A+Aw | DD45: Ao+Ax | DE45: B | DF45: A+Aw | DG45: Ao+Ax | DH45: B | DI45: A+Aw | DJ45: Ao+Ax | DK45: B | DL45: A+Aw | DM45: Ao+Ax | DN45: B | DO45: A+Aw | DP45: Ao+Ax | DQ45: B | DR45: A+Aw | DS45: Ao+Ax | DT45: B | DU45: A+Aw | DV45: Ao+Ax | DW45: B | DX45: A+Aw | DY45: Ao+Ax | DZ45: B | EA45: A+Aw | EB45: Ao+Ax | EC45: B | ED45: A+Aw | EE45: Ao+Ax | EF45: B | EG45: A+Aw | EH45: Ao+Ax | EI45: B | EJ45: A+Aw | EK45: Ao+Ax | EL45: B | EM45: A+Aw | EN45: Ao+Ax | EO45: B | EP45: A+Aw | EQ45: Ao+Ax | ER45: B | ES45: A+Aw | ET45: Ao+Ax | EU45: B | EV45: A+Aw | EW45: Ao+Ax | EX45: B | EY45: A+Aw | EZ45: Ao+Ax | FA45: B | FB45: A+Aw | FC45: Ao+Ax | FD45: B | FE45: A+Aw | FF45: Ao+Ax | FG45: B | FH45: A+Aw | FI45: Ao+Ax | FJ45: B | FK45: A+Aw | FL45: Ao+Ax | FM45: B | FN45: A+Aw | FO45: Ao+Ax | FP45: B | FQ45: A+Aw | FR45: Ao+Ax | FS45: B | FT45: A+Aw | FU45: Ao+Ax | FV45: B | FW45: A+Aw | FX45: Ao+Ax | FY45: B | FZ45: A+Aw | GA45: Ao+Ax | GB45: B | GC45: A+Aw | GD45: Ao+Ax | GE45: B | GF45: A+Aw | GG45: Ao+Ax | GH45: B | GI45: A+Aw | GJ45: Ao+Ax | GK45: B
Z46: 750 | AC46: 750
B60: =SUM(B46:B59) -> 0 | C60: =SUM(C46:C59) -> 0 | D60: =SUM(D46:D59) -> 0 | E60: =SUM(E46:E59) -> 0 | F60: =SUM(F46:F59) -> 0 | G60: =SUM(G46:G59) -> 0 | H60: =SUM(H46:H59) -> 0 | I60: =SUM(I46:I59) -> 0 | ... GK60: =SUM(GK46:GK59) -> 0
B61: =SUM(B60:D60) -> 0 | E61: =SUM(E60:G60) -> 0 | H61: =SUM(H60:J60) -> 0 | K61: =SUM(K60:M60) -> 0 | N61: =SUM(N60:P60) -> 0 | Q61: =SUM(Q60:S60) -> 0 | T61: =SUM(T60:V60) -> 0 | W61: =SUM(W60:Y60) -> 0 | Z61: =SUM(Z60:AB60) -> 750 | AC61: =SUM(AC60:AE60) -> 750 | AF61: =SUM(AF60:AH60) -> 0 | AI61: =SUM(AI60:AK60) -> 0 | AL61: =SUM(AL60:AN60) -> 0 | AO61: =SUM(AO60:AQ60) -> 0 | AR61: =SUM(AR60:AT60) -> 0 | AU61: =SUM(AU60:AW60) -> 0 | AX61: =SUM(AX60:AZ60) -> 0 | BA61: =SUM(BA60:BC60) -> 0 | BD61: =SUM(BD60:BF60) -> 0 | BG61: =SUM(BG60:BI60) -> 0 | BJ61: =SUM(BJ60:BL60) -> 0 | BM61: =SUM(BM60:BO60) -> 0 | BP61: =SUM(BP60:BR60) -> 0 | BS61: =SUM(BS60:BU60) -> 0 | BV61: =SUM(BV60:BX60) -> 0 | BY61: =SUM(BY60:CA60) -> 0 | CB61: =SUM(CB60:CD60) -> 0 | CE61: =SUM(CE60:CG60) -> 0 | CH61: =SUM(CH60:CJ60) -> 0 | CK61: =SUM(CK60:CM60) -> 0 | CN61: =SUM(CN60:CP60) -> 0 | CQ61: =SUM(CQ60:CS60) -> 0 | CT61: =SUM(CT60:CV60) -> 0 | CW61: =SUM(CW60:CY60) -> 0 | CZ61: =SUM(CZ60:DB60) -> 0 | DC61: =SUM(DC60:DE60) -> 0 | DF61: =SUM(DF60:DH60) -> 0 | DI61: =SUM(DI60:DK60) -> 0 | DL61: =SUM(DL60:DN60) -> 0 | DO61: =SUM(DO60:DQ60) -> 0 | DR61: =SUM(DR60:DT60) -> 0 | DU61: =SUM(DU60:DW60) -> 0 | DX61: =SUM(DX60:DZ60) -> 0 | EA61: =SUM(EA60:EC60) -> 0 | ED61: =SUM(ED60:EF60) -> 0 | EG61: =SUM(EG60:EI60) -> 0 | EJ61: =SUM(EJ60:EL60) -> 0 | EM61: =SUM(EM60:EO60) -> 0 | EP61: =SUM(EP60:ER60) -> 0 | ES61: =SUM(ES60:EU60) -> 0 | EV61: =SUM(EV60:EX60) -> 0 | EY61: =SUM(EY60:FA60) -> 0 | FB61: =SUM(FB60:FD60) -> 0 | FE61: =SUM(FE60:FG60) -> 0 | FH61: =SUM(FH60:FJ60) -> 0 | FK61: =SUM(FK60:FM60) -> 0 | FN61: =SUM(FN60:FP60) -> 0 | FQ61: =SUM(FQ60:FS60) -> 0 | FT61: =SUM(FT60:FV60) -> 0 | FW61: =SUM(FW60:FY60) -> 0 | FZ61: =SUM(FZ60:GB60) -> 0 | GC61: =SUM(GC60:GE60) -> 0 | GF61: =SUM(GF60:GH60) -> 0 | GI61: =SUM(GI60:GK60) -> 0
B62: =SUM(B61:GK61) -> 1500

Sheet 33J
A1: =日報表!G184 -> 886641 | B1: 自2010/11起原絲丹尼÷DR再×1.8% | BL1: ='實驗紗&非當月生產'!P2 -> 886641
C2: 71 | F2: 72 | I2: 73 | L2: 74 | O2: 75 | R2: 76 | U2: 77 | X2: 78 | AA2: 79 | AD2: 80 | AG2: 81 | AJ2: 82 | AM2: 83 | AP2: 84 | AS2: 85 | AV2: 86 | AY2: 87 | BB2: 88 | BE2: 89 | BH2: 90
A3: Lot no. | B3: 2F6IF2 | D3: 282 | E3: 2F6IN2 | G3: 282
A4: Speed | B4: 150/48/2SDr | D4: 600 | E4: 150/48/2SDr | G4: 600
A5: Date | B5: 台數 | C5: 理論 | D5: 實際 | E5: 台數 | F5: 理論 | G5: 實際 | H5: 台數 | I5: 理論 | J5: 實際 | K5: 台數 | L5: 理論 | M5: 實際 | N5: 台數 | O5: 理論 | P5: 實際 | Q5: 台數 | R5: 理論 | S5: 實際 | T5: 台數 | U5: 理論 | V5: 實際 | W5: 台數 | X5: 理論 | Y5: 實際 | Z5: 台數 | AA5: 理論 | AB5: 實際 | AC5: 台數 | AD5: 理論 | AE5: 實際 | AF5: 台數 | AG5: 理論 | AH5: 實際 | AI5: 台數 | AJ5: 理論 | AK5: 實際 | AL5: 台數 | AM5: 理論 | AN5: 實際 | AO5: 台數 | AP5: 理論 | AQ5: 實際 | AR5: 台數 | AS5: 理論 | AT5: 實際 | AU5: 台數 | AV5: 理論 | AW5: 實際 | AX5: 台數 | AY5: 理論 | AZ5: 實際 | BA5: 台數 | BB5: 理論 | BC5: 實際 | BD5: 台數 | BE5: 理論 | BF5: 實際 | BG5: 台數 | BH5: 理論 | BI5: 實際
A6: 1 | B6: 1 | C6: =D$3*D$4*216*24*60*B6/9000000 -> 5847.552 | E6: 0 | F6: =G$3*G$4*216*24*60*E6/9000000 -> 0 | I6: =J$3*J$4*216*24*60*H6/9000000 -> 0 | L6: =M$3*M$4*216*24*60*K6/9000000 -> 0 | O6: =P$3*P$4*216*24*60*N6/9000000 -> 0 | R6: =S$3*S$4*216*24*60*Q6/9000000 -> 0 | U6: =V$3*V$4*216*24*60*T6/9000000 -> 0 | X6: =Y$3*Y$4*216*24*60*W6/9000000 -> 0 | AA6: =AB$3*AB$4*216*24*60*Z6/9000000 -> 0 | AD6: =AE$3*AE$4*216*24*60*AC6/9000000 -> 0 | AG6: =AH$3*AH$4*216*24*60*AF6/9000000 -> 0 | AJ6: =AK$3*AK$4*216*24*60*AI6/9000000 -> 0 | AM6: =AN$3*AN$4*216*24*60*AL6/9000000 -> 0 | AP6: =AQ$3*AQ$4*216*24*60*AO6/9000000 -> 0 | AS6: =AT$3*AT$4*216*24*60*AR6/9000000 -> 0 | AV6: =AW$3*AW$4*216*24*60*AU6/9000000 -> 0 | AY6: =AZ$3*AZ$4*216*24*60*AX6/9000000 -> 0 | BB6: =BC$3*BC$4*216*24*60*BA6/9000000 -> 0 | BE6: =BF$3*BF$4*216*24*60*BD6/9000000 -> 0 | BH6: =BI$3*BI$4*216*24*60*BG6/9000000 -> 0 | BK6: =SUM(B6,E6,H6,K6,N6,Q6,T6,W6,Z6,AC6,AF6,AI6,AL6,AO6,AR6,AU6,BG6,AX6,BA6,BD6) -> 1
A7: 2 | B7: 0 | C7: =D$3*D$4*216*24*60*B7/9000000 -> 0 | D7: 6151 | E7: 0 | F7: =G$3*G$4*216*24*60*E7/9000000 -> 0 | I7: =J$3*J$4*216*24*60*H7/9000000 -> 0 | L7: =M$3*M$4*216*24*60*K7/9000000 -> 0 | O7: =P$3*P$4*216*24*60*N7/9000000 -> 0 | R7: =S$3*S$4*216*24*60*Q7/9000000 -> 0 | U7: =V$3*V$4*216*24*60*T7/9000000 -> 0 | X7: =Y$3*Y$4*216*24*60*W7/9000000 -> 0 | AA7: =AB$3*AB$4*216*24*60*Z7/9000000 -> 0 | AD7: =AE$3*AE$4*216*24*60*AC7/9000000 -> 0 | AG7: =AH$3*AH$4*216*24*60*AF7/9000000 -> 0 | AJ7: =AK$3*AK$4*216*24*60*AI7/9000000 -> 0 | AM7: =AN$3*AN$4*216*24*60*AL7/9000000 -> 0 | AP7: =AQ$3*AQ$4*216*24*60*AO7/9000000 -> 0 | AS7: =AT$3*AT$4*216*24*60*AR7/9000000 -> 0 | AV7: =AW$3*AW$4*216*24*60*AU7/9000000 -> 0 | AY7: =AZ$3*AZ$4*216*24*60*AX7/9000000 -> 0 | BB7: =BC$3*BC$4*216*24*60*BA7/9000000 -> 0 | BE7: =BF$3*BF$4*216*24*60*BD7/9000000 -> 0 | BH7: =BI$3*BI$4*216*24*60*BG7/9000000 -> 0 | BK7: =SUM(B7,E7,H7,K7,N7,Q7,T7,W7,Z7,AC7,AF7,AI7,AL7,AO7,AR7,AU7,BG7,AX7,BA7,BD7) -> 0
A8: 3 | B8: 0 | C8: =D$3*D$4*216*24*60*B8/9000000 -> 0 | E8: 0 | F8: =G$3*G$4*216*24*60*E8/9000000 -> 0 | I8: =J$3*J$4*216*24*60*H8/9000000 -> 0 | L8: =M$3*M$4*216*24*60*K8/9000000 -> 0 | O8: =P$3*P$4*216*24*60*N8/9000000 -> 0 | R8: =S$3*S$4*216*24*60*Q8/9000000 -> 0 | U8: =V$3*V$4*216*24*60*T8/9000000 -> 0 | X8: =Y$3*Y$4*216*24*60*W8/9000000 -> 0 | AA8: =AB$3*AB$4*216*24*60*Z8/9000000 -> 0 | AD8: =AE$3*AE$4*216*24*60*AC8/9000000 -> 0 | AG8: =AH$3*AH$4*216*24*60*AF8/9000000 -> 0 | AJ8: =AK$3*AK$4*216*24*60*AI8/9000000 -> 0 | AM8: =AN$3*AN$4*216*24*60*AL8/9000000 -> 0 | AP8: =AQ$3*AQ$4*216*24*60*AO8/9000000 -> 0 | AS8: =AT$3*AT$4*216*24*60*AR8/9000000 -> 0 | AV8: =AW$3*AW$4*216*24*60*AU8/9000000 -> 0 | AY8: =AZ$3*AZ$4*216*24*60*AX8/9000000 -> 0 | BB8: =BC$3*BC$4*216*24*60*BA8/9000000 -> 0 | BE8: =BF$3*BF$4*216*24*60*BD8/9000000 -> 0 | BH8: =BI$3*BI$4*216*24*60*BG8/9000000 -> 0 | BK8: =SUM(B8,E8,H8,K8,N8,Q8,T8,W8,Z8,AC8,AF8,AI8,AL8,AO8,AR8,AU8,BG8,AX8,BA8,BD8) -> 0
A9: 4 | B9: 0 | C9: =D$3*D$4*216*24*60*B9/9000000 -> 0 | E9: 1 | F9: =G$3*G$4*216*24*60*E9/9000000 -> 5847.552 | G9: 2145 | I9: =J$3*J$4*216*24*60*H9/9000000 -> 0 | L9: =M$3*M$4*216*24*60*K9/9000000 -> 0 | O9: =P$3*P$4*216*24*60*N9/9000000 -> 0 | R9: =S$3*S$4*216*24*60*Q9/9000000 -> 0 | U9: =V$3*V$4*216*24*60*T9/9000000 -> 0 | X9: =Y$3*Y$4*216*24*60*W9/9000000 -> 0 | AA9: =AB$3*AB$4*216*24*60*Z9/9000000 -> 0 | AD9: =AE$3*AE$4*216*24*60*AC9/9000000 -> 0 | AG9: =AH$3*AH$4*216*24*60*AF9/9000000 -> 0 | AJ9: =AK$3*AK$4*216*24*60*AI9/9000000 -> 0 | AM9: =AN$3*AN$4*216*24*60*AL9/9000000 -> 0 | AP9: =AQ$3*AQ$4*216*24*60*AO9/9000000 -> 0 | AS9: =AT$3*AT$4*216*24*60*AR9/9000000 -> 0 | AV9: =AW$3*AW$4*216*24*60*AU9/9000000 -> 0 | AY9: =AZ$3*AZ$4*216*24*60*AX9/9000000 -> 0 | BB9: =BC$3*BC$4*216*24*60*BA9/9000000 -> 0 | BE9: =BF$3*BF$4*216*24*60*BD9/9000000 -> 0 | BH9: =BI$3*BI$4*216*24*60*BG9/9000000 -> 0 | BK9: =SUM(B9,E9,H9,K9,N9,Q9,T9,W9,Z9,AC9,AF9,AI9,AL9,AO9,AR9,AU9,BG9,AX9,BA9,BD9) -> 1
A10: 5 | B10: 0 | C10: =D$3*D$4*216*24*60*B10/9000000 -> 0 | E10: 1 | F10: =G$3*G$4*216*24*60*E10/9000000 -> 5847.552 | G10: 2475 | I10: =J$3*J$4*216*24*60*H10/9000000 -> 0 | L10: =M$3*M$4*216*24*60*K10/9000000 -> 0 | O10: =P$3*P$4*216*24*60*N10/9000000 -> 0 | R10: =S$3*S$4*216*24*60*Q10/9000000 -> 0 | U10: =V$3*V$4*216*24*60*T10/9000000 -> 0 | X10: =Y$3*Y$4*216*24*60*W10/9000000 -> 0 | AA10: =AB$3*AB$4*216*24*60*Z10/9000000 -> 0 | AD10: =AE$3*AE$4*216*24*60*AC10/9000000 -> 0 | AG10: =AH$3*AH$4*216*24*60*AF10/9000000 -> 0 | AJ10: =AK$3*AK$4*216*24*60*AI10/9000000 -> 0 | AM10: =AN$3*AN$4*216*24*60*AL10/9000000 -> 0 | AP10: =AQ$3*AQ$4*216*24*60*AO10/9000000 -> 0 | AS10: =AT$3*AT$4*216*24*60*AR10/9000000 -> 0 | AV10: =AW$3*AW$4*216*24*60*AU10/9000000 -> 0 | AY10: =AZ$3*AZ$4*216*24*60*AX10/9000000 -> 0 | BB10: =BC$3*BC$4*216*24*60*BA10/9000000 -> 0 | BE10: =BF$3*BF$4*216*24*60*BD10/9000000 -> 0 | BH10: =BI$3*BI$4*216*24*60*BG10/9000000 -> 0 | BK10: =SUM(B10,E10,H10,K10,N10,Q10,T10,W10,Z10,AC10,AF10,AI10,AL10,AO10,AR10,AU10,BG10,AX10,BA10,BD10) -> 1
A11: 6 | B11: 0 | C11: =D$3*D$4*216*24*60*B11/9000000 -> 0 | E11: 1 | F11: =G$3*G$4*216*24*60*E11/9000000 -> 5847.552 | G11: 2475 | I11: =J$3*J$4*216*24*60*H11/9000000 -> 0 | L11: =M$3*M$4*216*24*60*K11/9000000 -> 0 | O11: =P$3*P$4*216*24*60*N11/9000000 -> 0 | R11: =S$3*S$4*216*24*60*Q11/9000000 -> 0 | U11: =V$3*V$4*216*24*60*T11/9000000 -> 0 | X11: =Y$3*Y$4*216*24*60*W11/9000000 -> 0 | AA11: =AB$3*AB$4*216*24*60*Z11/9000000 -> 0 | AD11: =AE$3*AE$4*216*24*60*AC11/9000000 -> 0 | AG11: =AH$3*AH$4*216*24*60*AF11/9000000 -> 0 | AJ11: =AK$3*AK$4*216*24*60*AI11/9000000 -> 0 | AM11: =AN$3*AN$4*216*24*60*AL11/9000000 -> 0 | AP11: =AQ$3*AQ$4*216*24*60*AO11/9000000 -> 0 | AS11: =AT$3*AT$4*216*24*60*AR11/9000000 -> 0 | AV11: =AW$3*AW$4*216*24*60*AU11/9000000 -> 0 | AY11: =AZ$3*AZ$4*216*24*60*AX11/9000000 -> 0 | BB11: =BC$3*BC$4*216*24*60*BA11/9000000 -> 0 | BE11: =BF$3*BF$4*216*24*60*BD11/9000000 -> 0 | BH11: =BI$3*BI$4*216*24*60*BG11/9000000 -> 0 | BK11: =SUM(B11,E11,H11,K11,N11,Q11,T11,W11,Z11,AC11,AF11,AI11,AL11,AO11,AR11,AU11,BG11,AX11,BA11,BD11) -> 1
A12: 7 | B12: 0 | C12: =D$3*D$4*216*24*60*B12/9000000 -> 0 | E12: 1 | F12: =G$3*G$4*216*24*60*E12/9000000 -> 5847.552 | G12: 3960 | I12: =J$3*J$4*216*24*60*H12/9000000 -> 0 | L12: =M$3*M$4*216*24*60*K12/9000000 -> 0 | O12: =P$3*P$4*216*24*60*N12/9000000 -> 0 | R12: =S$3*S$4*216*24*60*Q12/9000000 -> 0 | U12: =V$3*V$4*216*24*60*T12/9000000 -> 0 | X12: =Y$3*Y$4*216*24*60*W12/9000000 -> 0 | AA12: =AB$3*AB$4*216*24*60*Z12/9000000 -> 0 | AD12: =AE$3*AE$4*216*24*60*AC12/9000000 -> 0 | AG12: =AH$3*AH$4*216*24*60*AF12/9000000 -> 0 | AJ12: =AK$3*AK$4*216*24*60*AI12/9000000 -> 0 | AM12: =AN$3*AN$4*216*24*60*AL12/9000000 -> 0 | AP12: =AQ$3*AQ$4*216*24*60*AO12/9000000 -> 0 | AS12: =AT$3*AT$4*216*24*60*AR12/9000000 -> 0 | AV12: =AW$3*AW$4*216*24*60*AU12/9000000 -> 0 | AY12: =AZ$3*AZ$4*216*24*60*AX12/9000000 -> 0 | BB12: =BC$3*BC$4*216*24*60*BA12/9000000 -> 0 | BE12: =BF$3*BF$4*216*24*60*BD12/9000000 -> 0 | BH12: =BI$3*BI$4*216*24*60*BG12/9000000 -> 0 | BK12: =SUM(B12,E12,H12,K12,N12,Q12,T12,W12,Z12,AC12,AF12,AI12,AL12,AO12,AR12,AU12,BG12,AX12,BA12,BD12) -> 1
A13: 8 | B13: 0 | C13: =D$3*D$4*216*24*60*B13/9000000 -> 0 | D13: 1404 | E13: 1 | F13: =G$3*G$4*216*24*60*E13/9000000 -> 5847.552 | G13: 3960 | I13: =J$3*J$4*216*24*60*H13/9000000 -> 0 | L13: =M$3*M$4*216*24*60*K13/9000000 -> 0 | O13: =P$3*P$4*216*24*60*N13/9000000 -> 0 | R13: =S$3*S$4*216*24*60*Q13/9000000 -> 0 | U13: =V$3*V$4*216*24*60*T13/9000000 -> 0 | X13: =Y$3*Y$4*216*24*60*W13/9000000 -> 0 | AA13: =AB$3*AB$4*216*24*60*Z13/9000000 -> 0 | AD13: =AE$3*AE$4*216*24*60*AC13/9000000 -> 0 | AG13: =AH$3*AH$4*216*24*60*AF13/9000000 -> 0 | AJ13: =AK$3*AK$4*216*24*60*AI13/9000000 -> 0 | AM13: =AN$3*AN$4*216*24*60*AL13/9000000 -> 0 | AP13: =AQ$3*AQ$4*216*24*60*AO13/9000000 -> 0 | AS13: =AT$3*AT$4*216*24*60*AR13/9000000 -> 0 | AV13: =AW$3*AW$4*216*24*60*AU13/9000000 -> 0 | AY13: =AZ$3*AZ$4*216*24*60*AX13/9000000 -> 0 | BB13: =BC$3*BC$4*216*24*60*BA13/9000000 -> 0 | BE13: =BF$3*BF$4*216*24*60*BD13/9000000 -> 0 | BH13: =BI$3*BI$4*216*24*60*BG13/9000000 -> 0 | BK13: =SUM(B13,E13,H13,K13,N13,Q13,T13,W13,Z13,AC13,AF13,AI13,AL13,AO13,AR13,AU13,BG13,AX13,BA13,BD13) -> 1
A14: 9 | B14: 0 | C14: =D$3*D$4*216*24*60*B14/9000000 -> 0 | E14: 1 | F14: =G$3*G$4*216*24*60*E14/9000000 -> 5847.552 | I14: =J$3*J$4*216*24*60*H14/9000000 -> 0 | L14: =M$3*M$4*216*24*60*K14/9000000 -> 0 | O14: =P$3*P$4*216*24*60*N14/9000000 -> 0 | R14: =S$3*S$4*216*24*60*Q14/9000000 -> 0 | U14: =V$3*V$4*216*24*60*T14/9000000 -> 0 | X14: =Y$3*Y$4*216*24*60*W14/9000000 -> 0 | AA14: =AB$3*AB$4*216*24*60*Z14/9000000 -> 0 | AD14: =AE$3*AE$4*216*24*60*AC14/9000000 -> 0 | AG14: =AH$3*AH$4*216*24*60*AF14/9000000 -> 0 | AJ14: =AK$3*AK$4*216*24*60*AI14/9000000 -> 0 | AM14: =AN$3*AN$4*216*24*60*AL14/9000000 -> 0 | AP14: =AQ$3*AQ$4*216*24*60*AO14/9000000 -> 0 | AS14: =AT$3*AT$4*216*24*60*AR14/9000000 -> 0 | AV14: =AW$3*AW$4*216*24*60*AU14/9000000 -> 0 | AY14: =AZ$3*AZ$4*216*24*60*AX14/9000000 -> 0 | BB14: =BC$3*BC$4*216*24*60*BA14/9000000 -> 0 | BE14: =BF$3*BF$4*216*24*60*BD14/9000000 -> 0 | BH14: =BI$3*BI$4*216*24*60*BG14/9000000 -> 0 | BK14: =SUM(B14,E14,H14,K14,N14,Q14,T14,W14,Z14,AC14,AF14,AI14,AL14,AO14,AR14,AU14,BG14,AX14,BA14,BD14) -> 1
A15: 10 | B15: 0 | C15: =D$3*D$4*216*24*60*B15/9000000 -> 0 | E15: 1 | F15: =G$3*G$4*216*24*60*E15/9000000 -> 5847.552 | I15: =J$3*J$4*216*24*60*H15/9000000 -> 0 | L15: =M$3*M$4*216*24*60*K15/9000000 -> 0 | O15: =P$3*P$4*216*24*60*N15/9000000 -> 0 | R15: =S$3*S$4*216*24*60*Q15/9000000 -> 0 | U15: =V$3*V$4*216*24*60*T15/9000000 -> 0 | X15: =Y$3*Y$4*216*24*60*W15/9000000 -> 0 | AA15: =AB$3*AB$4*216*24*60*Z15/9000000 -> 0 | AD15: =AE$3*AE$4*216*24*60*AC15/9000000 -> 0 | AG15: =AH$3*AH$4*216*24*60*AF15/9000000 -> 0 | AJ15: =AK$3*AK$4*216*24*60*AI15/9000000 -> 0 | AM15: =AN$3*AN$4*216*24*60*AL15/9000000 -> 0 | AP15: =AQ$3*AQ$4*216*24*60*AO15/9000000 -> 0 | AS15: =AT$3*AT$4*216*24*60*AR15/9000000 -> 0 | AV15: =AW$3*AW$4*216*24*60*AU15/9000000 -> 0 | AY15: =AZ$3*AZ$4*216*24*60*AX15/9000000 -> 0 | BB15: =BC$3*BC$4*216*24*60*BA15/9000000 -> 0 | BE15: =BF$3*BF$4*216*24*60*BD15/9000000 -> 0 | BH15: =BI$3*BI$4*216*24*60*BG15/9000000 -> 0 | BK15: =SUM(B15,E15,H15,K15,N15,Q15,T15,W15,Z15,AC15,AF15,AI15,AL15,AO15,AR15,AU15,BG15,AX15,BA15,BD15) -> 1
A16: 11 | B16: 0 | C16: =D$3*D$4*216*24*60*B16/9000000 -> 0 | E16: 1 | F16: =G$3*G$4*216*24*60*E16/9000000 -> 5847.552 | G16: 5927 | I16: =J$3*J$4*216*24*60*H16/9000000 -> 0 | L16: =M$3*M$4*216*24*60*K16/9000000 -> 0 | O16: =P$3*P$4*216*24*60*N16/9000000 -> 0 | R16: =S$3*S$4*216*24*60*Q16/9000000 -> 0 | U16: =V$3*V$4*216*24*60*T16/9000000 -> 0 | X16: =Y$3*Y$4*216*24*60*W16/9000000 -> 0 | AA16: =AB$3*AB$4*216*24*60*Z16/9000000 -> 0 | AD16: =AE$3*AE$4*216*24*60*AC16/9000000 -> 0 | AG16: =AH$3*AH$4*216*24*60*AF16/9000000 -> 0 | AJ16: =AK$3*AK$4*216*24*60*AI16/9000000 -> 0 | AM16: =AN$3*AN$4*216*24*60*AL16/9000000 -> 0 | AP16: =AQ$3*AQ$4*216*24*60*AO16/9000000 -> 0 | AS16: =AT$3*AT$4*216*24*60*AR16/9000000 -> 0 | AV16: =AW$3*AW$4*216*24*60*AU16/9000000 -> 0 | AY16: =AZ$3*AZ$4*216*24*60*AX16/9000000 -> 0 | BB16: =BC$3*BC$4*216*24*60*BA16/9000000 -> 0 | BE16: =BF$3*BF$4*216*24*60*BD16/9000000 -> 0 | BH16: =BI$3*BI$4*216*24*60*BG16/9000000 -> 0 | BK16: =SUM(B16,E16,H16,K16,N16,Q16,T16,W16,Z16,AC16,AF16,AI16,AL16,AO16,AR16,AU16,BG16,AX16,BA16,BD16) -> 1
A17: 12 | B17: 0 | C17: =D$3*D$4*216*24*60*B17/9000000 -> 0 | D17: 720 | E17: 1 | F17: =G$3*G$4*216*24*60*E17/9000000 -> 5847.552 | G17: 10560 | I17: =J$3*J$4*216*24*60*H17/9000000 -> 0 | L17: =M$3*M$4*216*24*60*K17/9000000 -> 0 | O17: =P$3*P$4*216*24*60*N17/9000000 -> 0 | R17: =S$3*S$4*216*24*60*Q17/9000000 -> 0 | U17: =V$3*V$4*216*24*60*T17/9000000 -> 0 | X17: =Y$3*Y$4*216*24*60*W17/9000000 -> 0 | AA17: =AB$3*AB$4*216*24*60*Z17/9000000 -> 0 | AD17: =AE$3*AE$4*216*24*60*AC17/9000000 -> 0 | AG17: =AH$3*AH$4*216*24*60*AF17/9000000 -> 0 | AJ17: =AK$3*AK$4*216*24*60*AI17/9000000 -> 0 | AM17: =AN$3*AN$4*216*24*60*AL17/9000000 -> 0 | AP17: =AQ$3*AQ$4*216*24*60*AO17/9000000 -> 0 | AS17: =AT$3*AT$4*216*24*60*AR17/9000000 -> 0 | AV17: =AW$3*AW$4*216*24*60*AU17/9000000 -> 0 | AY17: =AZ$3*AZ$4*216*24*60*AX17/9000000 -> 0 | BB17: =BC$3*BC$4*216*24*60*BA17/9000000 -> 0 | BE17: =BF$3*BF$4*216*24*60*BD17/9000000 -> 0 | BH17: =BI$3*BI$4*216*24*60*BG17/9000000 -> 0 | BK17: =SUM(B17,E17,H17,K17,N17,Q17,T17,W17,Z17,AC17,AF17,AI17,AL17,AO17,AR17,AU17,BG17,AX17,BA17,BD17) -> 1
A18: 13 | B18: 0 | C18: =D$3*D$4*216*24*60*B18/9000000 -> 0 | E18: 1 | F18: =G$3*G$4*216*24*60*E18/9000000 -> 5847.552 | G18: 5184 | I18: =J$3*J$4*216*24*60*H18/9000000 -> 0 | L18: =M$3*M$4*216*24*60*K18/9000000 -> 0 | O18: =P$3*P$4*216*24*60*N18/9000000 -> 0 | R18: =S$3*S$4*216*24*60*Q18/9000000 -> 0 | U18: =V$3*V$4*216*24*60*T18/9000000 -> 0 | X18: =Y$3*Y$4*216*24*60*W18/9000000 -> 0 | AA18: =AB$3*AB$4*216*24*60*Z18/9000000 -> 0 | AD18: =AE$3*AE$4*216*24*60*AC18/9000000 -> 0 | AG18: =AH$3*AH$4*216*24*60*AF18/9000000 -> 0 | AJ18: =AK$3*AK$4*216*24*60*AI18/9000000 -> 0 | AM18: =AN$3*AN$4*216*24*60*AL18/9000000 -> 0 | AP18: =AQ$3*AQ$4*216*24*60*AO18/9000000 -> 0 | AS18: =AT$3*AT$4*216*24*60*AR18/9000000 -> 0 | AV18: =AW$3*AW$4*216*24*60*AU18/9000000 -> 0 | AY18: =AZ$3*AZ$4*216*24*60*AX18/9000000 -> 0 | BB18: =BC$3*BC$4*216*24*60*BA18/9000000 -> 0 | BE18: =BF$3*BF$4*216*24*60*BD18/9000000 -> 0 | BH18: =BI$3*BI$4*216*24*60*BG18/9000000 -> 0 | BK18: =SUM(B18,E18,H18,K18,N18,Q18,T18,W18,Z18,AC18,AF18,AI18,AL18,AO18,AR18,AU18,BG18,AX18,BA18,BD18) -> 1
A19: 14 | B19: 0 | C19: =D$3*D$4*216*24*60*B19/9000000 -> 0 | E19: 1 | F19: =G$3*G$4*216*24*60*E19/9000000 -> 5847.552 | G19: 2200 | I19: =J$3*J$4*216*24*60*H19/9000000 -> 0 | L19: =M$3*M$4*216*24*60*K19/9000000 -> 0 | O19: =P$3*P$4*216*24*60*N19/9000000 -> 0 | R19: =S$3*S$4*216*24*60*Q19/9000000 -> 0 | U19: =V$3*V$4*216*24*60*T19/9000000 -> 0 | X19: =Y$3*Y$4*216*24*60*W19/9000000 -> 0 | AA19: =AB$3*AB$4*216*24*60*Z19/9000000 -> 0 | AD19: =AE$3*AE$4*216*24*60*AC19/9000000 -> 0 | AG19: =AH$3*AH$4*216*24*60*AF19/9000000 -> 0 | AJ19: =AK$3*AK$4*216*24*60*AI19/9000000 -> 0 | AM19: =AN$3*AN$4*216*24*60*AL19/9000000 -> 0 | AP19: =AQ$3*AQ$4*216*24*60*AO19/9000000 -> 0 | AS19: =AT$3*AT$4*216*24*60*AR19/9000000 -> 0 | AV19: =AW$3*AW$4*216*24*60*AU19/9000000 -> 0 | AY19: =AZ$3*AZ$4*216*24*60*AX19/9000000 -> 0 | BB19: =BC$3*BC$4*216*24*60*BA19/9000000 -> 0 | BE19: =BF$3*BF$4*216*24*60*BD19/9000000 -> 0 | BH19: =BI$3*BI$4*216*24*60*BG19/9000000 -> 0 | BK19: =SUM(B19,E19,H19,K19,N19,Q19,T19,W19,Z19,AC19,AF19,AI19,AL19,AO19,AR19,AU19,BG19,AX19,BA19,BD19) -> 1
A20: 15 | B20: 0 | C20: =D$3*D$4*216*24*60*B20/9000000 -> 0 | E20: 1 | F20: =G$3*G$4*216*24*60*E20/9000000 -> 5847.552 | G20: 4171 | I20: =J$3*J$4*216*24*60*H20/9000000 -> 0 | L20: =M$3*M$4*216*24*60*K20/9000000 -> 0 | O20: =P$3*P$4*216*24*60*N20/9000000 -> 0 | R20: =S$3*S$4*216*24*60*Q20/9000000 -> 0 | U20: =V$3*V$4*216*24*60*T20/9000000 -> 0 | X20: =Y$3*Y$4*216*24*60*W20/9000000 -> 0 | AA20: =AB$3*AB$4*216*24*60*Z20/9000000 -> 0 | AD20: =AE$3*AE$4*216*24*60*AC20/9000000 -> 0 | AG20: =AH$3*AH$4*216*24*60*AF20/9000000 -> 0 | AJ20: =AK$3*AK$4*216*24*60*AI20/9000000 -> 0 | AM20: =AN$3*AN$4*216*24*60*AL20/9000000 -> 0 | AP20: =AQ$3*AQ$4*216*24*60*AO20/9000000 -> 0 | AS20: =AT$3*AT$4*216*24*60*AR20/9000000 -> 0 | AV20: =AW$3*AW$4*216*24*60*AU20/9000000 -> 0 | AY20: =AZ$3*AZ$4*216*24*60*AX20/9000000 -> 0 | BB20: =BC$3*BC$4*216*24*60*BA20/9000000 -> 0 | BE20: =BF$3*BF$4*216*24*60*BD20/9000000 -> 0 | BH20: =BI$3*BI$4*216*24*60*BG20/9000000 -> 0 | BK20: =SUM(B20,E20,H20,K20,N20,Q20,T20,W20,Z20,AC20,AF20,AI20,AL20,AO20,AR20,AU20,BG20,AX20,BA20,BD20) -> 1
A21: 16 | B21: 0 | C21: =D$3*D$4*216*24*60*B21/9000000 -> 0 | E21: 1 | F21: =G$3*G$4*216*24*60*E21/9000000 -> 5847.552 | G21: 7150 | I21: =J$3*J$4*216*24*60*H21/9000000 -> 0 | L21: =M$3*M$4*216*24*60*K21/9000000 -> 0 | O21: =P$3*P$4*216*24*60*N21/9000000 -> 0 | R21: =S$3*S$4*216*24*60*Q21/9000000 -> 0 | U21: =V$3*V$4*216*24*60*T21/9000000 -> 0 | X21: =Y$3*Y$4*216*24*60*W21/9000000 -> 0 | AA21: =AB$3*AB$4*216*24*60*Z21/9000000 -> 0 | AD21: =AE$3*AE$4*216*24*60*AC21/9000000 -> 0 | AG21: =AH$3*AH$4*216*24*60*AF21/9000000 -> 0 | AJ21: =AK$3*AK$4*216*24*60*AI21/9000000 -> 0 | AM21: =AN$3*AN$4*216*24*60*AL21/9000000 -> 0 | AP21: =AQ$3*AQ$4*216*24*60*AO21/9000000 -> 0 | AS21: =AT$3*AT$4*216*24*60*AR21/9000000 -> 0 | AV21: =AW$3*AW$4*216*24*60*AU21/9000000 -> 0 | AY21: =AZ$3*AZ$4*216*24*60*AX21/9000000 -> 0 | BB21: =BC$3*BC$4*216*24*60*BA21/9000000 -> 0 | BE21: =BF$3*BF$4*216*24*60*BD21/9000000 -> 0 | BH21: =BI$3*BI$4*216*24*60*BG21/9000000 -> 0 | BK21: =SUM(B21,E21,H21,K21,N21,Q21,T21,W21,Z21,AC21,AF21,AI21,AL21,AO21,AR21,AU21,BG21,AX21,BA21,BD21) -> 1
A22: 17 | B22: 0 | C22: =D$3*D$4*216*24*60*B22/9000000 -> 0 | D22: 792 | E22: 1 | F22: =G$3*G$4*216*24*60*E22/9000000 -> 5847.552 | G22: 3089 | I22: =J$3*J$4*216*24*60*H22/9000000 -> 0 | L22: =M$3*M$4*216*24*60*K22/9000000 -> 0 | O22: =P$3*P$4*216*24*60*N22/9000000 -> 0 | R22: =S$3*S$4*216*24*60*Q22/9000000 -> 0 | U22: =V$3*V$4*216*24*60*T22/9000000 -> 0 | X22: =Y$3*Y$4*216*24*60*W22/9000000 -> 0 | AA22: =AB$3*AB$4*216*24*60*Z22/9000000 -> 0 | AD22: =AE$3*AE$4*216*24*60*AC22/9000000 -> 0 | AG22: =AH$3*AH$4*216*24*60*AF22/9000000 -> 0 | AJ22: =AK$3*AK$4*216*24*60*AI22/9000000 -> 0 | AM22: =AN$3*AN$4*216*24*60*AL22/9000000 -> 0 | AP22: =AQ$3*AQ$4*216*24*60*AO22/9000000 -> 0 | AS22: =AT$3*AT$4*216*24*60*AR22/9000000 -> 0 | AV22: =AW$3*AW$4*216*24*60*AU22/9000000 -> 0 | AY22: =AZ$3*AZ$4*216*24*60*AX22/9000000 -> 0 | BB22: =BC$3*BC$4*216*24*60*BA22/9000000 -> 0 | BE22: =BF$3*BF$4*216*24*60*BD22/9000000 -> 0 | BH22: =BI$3*BI$4*216*24*60*BG22/9000000 -> 0 | BK22: =SUM(B22,E22,H22,K22,N22,Q22,T22,W22,Z22,AC22,AF22,AI22,AL22,AO22,AR22,AU22,BG22,AX22,BA22,BD22) -> 1
A23: 18 | C23: =D$3*D$4*216*24*60*B23/9000000 -> 0 | F23: =G$3*G$4*216*24*60*E23/9000000 -> 0 | I23: =J$3*J$4*216*24*60*H23/9000000 -> 0 | L23: =M$3*M$4*216*24*60*K23/9000000 -> 0 | O23: =P$3*P$4*216*24*60*N23/9000000 -> 0 | R23: =S$3*S$4*216*24*60*Q23/9000000 -> 0 | U23: =V$3*V$4*216*24*60*T23/9000000 -> 0 | X23: =Y$3*Y$4*216*24*60*W23/9000000 -> 0 | AA23: =AB$3*AB$4*216*24*60*Z23/9000000 -> 0 | AD23: =AE$3*AE$4*216*24*60*AC23/9000000 -> 0 | AG23: =AH$3*AH$4*216*24*60*AF23/9000000 -> 0 | AJ23: =AK$3*AK$4*216*24*60*AI23/9000000 -> 0 | AM23: =AN$3*AN$4*216*24*60*AL23/9000000 -> 0 | AP23: =AQ$3*AQ$4*216*24*60*AO23/9000000 -> 0 | AS23: =AT$3*AT$4*216*24*60*AR23/9000000 -> 0 | AV23: =AW$3*AW$4*216*24*60*AU23/9000000 -> 0 | AY23: =AZ$3*AZ$4*216*24*60*AX23/9000000 -> 0 | BB23: =BC$3*BC$4*216*24*60*BA23/9000000 -> 0 | BE23: =BF$3*BF$4*216*24*60*BD23/9000000 -> 0 | BH23: =BI$3*BI$4*216*24*60*BG23/9000000 -> 0 | BK23: =SUM(B23,E23,H23,K23,N23,Q23,T23,W23,Z23,AC23,AF23,AI23,AL23,AO23,AR23,AU23,BG23,AX23,BA23,BD23) -> 0
A24: 19 | C24: =D$3*D$4*216*24*60*B24/9000000 -> 0 | F24: =G$3*G$4*216*24*60*E24/9000000 -> 0 | I24: =J$3*J$4*216*24*60*H24/9000000 -> 0 | L24: =M$3*M$4*216*24*60*K24/9000000 -> 0 | O24: =P$3*P$4*216*24*60*N24/9000000 -> 0 | R24: =S$3*S$4*216*24*60*Q24/9000000 -> 0 | U24: =V$3*V$4*216*24*60*T24/9000000 -> 0 | X24: =Y$3*Y$4*216*24*60*W24/9000000 -> 0 | AA24: =AB$3*AB$4*216*24*60*Z24/9000000 -> 0 | AD24: =AE$3*AE$4*216*24*60*AC24/9000000 -> 0 | AG24: =AH$3*AH$4*216*24*60*AF24/9000000 -> 0 | AJ24: =AK$3*AK$4*216*24*60*AI24/9000000 -> 0 | AM24: =AN$3*AN$4*216*24*60*AL24/9000000 -> 0 | AP24: =AQ$3*AQ$4*216*24*60*AO24/9000000 -> 0 | AS24: =AT$3*AT$4*216*24*60*AR24/9000000 -> 0 | AV24: =AW$3*AW$4*216*24*60*AU24/9000000 -> 0 | AY24: =AZ$3*AZ$4*216*24*60*AX24/9000000 -> 0 | BB24: =BC$3*BC$4*216*24*60*BA24/9000000 -> 0 | BE24: =BF$3*BF$4*216*24*60*BD24/9000000 -> 0 | BH24: =BI$3*BI$4*216*24*60*BG24/9000000 -> 0 | BK24: =SUM(B24,E24,H24,K24,N24,Q24,T24,W24,Z24,AC24,AF24,AI24,AL24,AO24,AR24,AU24,BG24,AX24,BA24,BD24) -> 0
A25: 20 | C25: =D$3*D$4*216*24*60*B25/9000000 -> 0 | F25: =G$3*G$4*216*24*60*E25/9000000 -> 0 | I25: =J$3*J$4*216*24*60*H25/9000000 -> 0 | L25: =M$3*M$4*216*24*60*K25/9000000 -> 0 | O25: =P$3*P$4*216*24*60*N25/9000000 -> 0 | R25: =S$3*S$4*216*24*60*Q25/9000000 -> 0 | U25: =V$3*V$4*216*24*60*T25/9000000 -> 0 | X25: =Y$3*Y$4*216*24*60*W25/9000000 -> 0 | AA25: =AB$3*AB$4*216*24*60*Z25/9000000 -> 0 | AD25: =AE$3*AE$4*216*24*60*AC25/9000000 -> 0 | AG25: =AH$3*AH$4*216*24*60*AF25/9000000 -> 0 | AJ25: =AK$3*AK$4*216*24*60*AI25/9000000 -> 0 | AM25: =AN$3*AN$4*216*24*60*AL25/9000000 -> 0 | AP25: =AQ$3*AQ$4*216*24*60*AO25/9000000 -> 0 | AS25: =AT$3*AT$4*216*24*60*AR25/9000000 -> 0 | AV25: =AW$3*AW$4*216*24*60*AU25/9000000 -> 0 | AY25: =AZ$3*AZ$4*216*24*60*AX25/9000000 -> 0 | BB25: =BC$3*BC$4*216*24*60*BA25/9000000 -> 0 | BE25: =BF$3*BF$4*216*24*60*BD25/9000000 -> 0 | BH25: =BI$3*BI$4*216*24*60*BG25/9000000 -> 0 | BK25: =SUM(B25,E25,H25,K25,N25,Q25,T25,W25,Z25,AC25,AF25,AI25,AL25,AO25,AR25,AU25,BG25,AX25,BA25,BD25) -> 0
A26: 21 | C26: =D$3*D$4*216*24*60*B26/9000000 -> 0 | F26: =G$3*G$4*216*24*60*E26/9000000 -> 0 | I26: =J$3*J$4*216*24*60*H26/9000000 -> 0 | L26: =M$3*M$4*216*24*60*K26/9000000 -> 0 | O26: =P$3*P$4*216*24*60*N26/9000000 -> 0 | R26: =S$3*S$4*216*24*60*Q26/9000000 -> 0 | U26: =V$3*V$4*216*24*60*T26/9000000 -> 0 | X26: =Y$3*Y$4*216*24*60*W26/9000000 -> 0 | AA26: =AB$3*AB$4*216*24*60*Z26/9000000 -> 0 | AD26: =AE$3*AE$4*216*24*60*AC26/9000000 -> 0 | AG26: =AH$3*AH$4*216*24*60*AF26/9000000 -> 0 | AJ26: =AK$3*AK$4*216*24*60*AI26/9000000 -> 0 | AM26: =AN$3*AN$4*216*24*60*AL26/9000000 -> 0 | AP26: =AQ$3*AQ$4*216*24*60*AO26/9000000 -> 0 | AS26: =AT$3*AT$4*216*24*60*AR26/9000000 -> 0 | AV26: =AW$3*AW$4*216*24*60*AU26/9000000 -> 0 | AY26: =AZ$3*AZ$4*216*24*60*AX26/9000000 -> 0 | BB26: =BC$3*BC$4*216*24*60*BA26/9000000 -> 0 | BE26: =BF$3*BF$4*216*24*60*BD26/9000000 -> 0 | BH26: =BI$3*BI$4*216*24*60*BG26/9000000 -> 0 | BK26: =SUM(B26,E26,H26,K26,N26,Q26,T26,W26,Z26,AC26,AF26,AI26,AL26,AO26,AR26,AU26,BG26,AX26,BA26,BD26) -> 0
A27: 22 | C27: =D$3*D$4*216*24*60*B27/9000000 -> 0 | F27: =G$3*G$4*216*24*60*E27/9000000 -> 0 | I27: =J$3*J$4*216*24*60*H27/9000000 -> 0 | L27: =M$3*M$4*216*24*60*K27/9000000 -> 0 | O27: =P$3*P$4*216*24*60*N27/9000000 -> 0 | R27: =S$3*S$4*216*24*60*Q27/9000000 -> 0 | U27: =V$3*V$4*216*24*60*T27/9000000 -> 0 | X27: =Y$3*Y$4*216*24*60*W27/9000000 -> 0 | AA27: =AB$3*AB$4*216*24*60*Z27/9000000 -> 0 | AD27: =AE$3*AE$4*216*24*60*AC27/9000000 -> 0 | AG27: =AH$3*AH$4*216*24*60*AF27/9000000 -> 0 | AJ27: =AK$3*AK$4*216*24*60*AI27/9000000 -> 0 | AM27: =AN$3*AN$4*216*24*60*AL27/9000000 -> 0 | AP27: =AQ$3*AQ$4*216*24*60*AO27/9000000 -> 0 | AS27: =AT$3*AT$4*216*24*60*AR27/9000000 -> 0 | AV27: =AW$3*AW$4*216*24*60*AU27/9000000 -> 0 | AY27: =AZ$3*AZ$4*216*24*60*AX27/9000000 -> 0 | BB27: =BC$3*BC$4*216*24*60*BA27/9000000 -> 0 | BE27: =BF$3*BF$4*216*24*60*BD27/9000000 -> 0 | BH27: =BI$3*BI$4*216*24*60*BG27/9000000 -> 0 | BK27: =SUM(B27,E27,H27,K27,N27,Q27,T27,W27,Z27,AC27,AF27,AI27,AL27,AO27,AR27,AU27,BG27,AX27,BA27,BD27) -> 0
A28: 23 | C28: =D$3*D$4*216*24*60*B28/9000000 -> 0 | F28: =G$3*G$4*216*24*60*E28/9000000 -> 0 | I28: =J$3*J$4*216*24*60*H28/9000000 -> 0 | L28: =M$3*M$4*216*24*60*K28/9000000 -> 0 | O28: =P$3*P$4*216*24*60*N28/9000000 -> 0 | R28: =S$3*S$4*216*24*60*Q28/9000000 -> 0 | U28: =V$3*V$4*216*24*60*T28/9000000 -> 0 | X28: =Y$3*Y$4*216*24*60*W28/9000000 -> 0 | AA28: =AB$3*AB$4*216*24*60*Z28/9000000 -> 0 | AD28: =AE$3*AE$4*216*24*60*AC28/9000000 -> 0 | AG28: =AH$3*AH$4*216*24*60*AF28/9000000 -> 0 | AJ28: =AK$3*AK$4*216*24*60*AI28/9000000 -> 0 | AM28: =AN$3*AN$4*216*24*60*AL28/9000000 -> 0 | AP28: =AQ$3*AQ$4*216*24*60*AO28/9000000 -> 0 | AS28: =AT$3*AT$4*216*24*60*AR28/9000000 -> 0 | AV28: =AW$3*AW$4*216*24*60*AU28/9000000 -> 0 | AY28: =AZ$3*AZ$4*216*24*60*AX28/9000000 -> 0 | BB28: =BC$3*BC$4*216*24*60*BA28/9000000 -> 0 | BE28: =BF$3*BF$4*216*24*60*BD28/9000000 -> 0 | BH28: =BI$3*BI$4*216*24*60*BG28/9000000 -> 0 | BK28: =SUM(B28,E28,H28,K28,N28,Q28,T28,W28,Z28,AC28,AF28,AI28,AL28,AO28,AR28,AU28,BG28,AX28,BA28,BD28) -> 0
A29: 24 | C29: =D$3*D$4*216*24*60*B29/9000000 -> 0 | F29: =G$3*G$4*216*24*60*E29/9000000 -> 0 | I29: =J$3*J$4*216*24*60*H29/9000000 -> 0 | L29: =M$3*M$4*216*24*60*K29/9000000 -> 0 | O29: =P$3*P$4*216*24*60*N29/9000000 -> 0 | R29: =S$3*S$4*216*24*60*Q29/9000000 -> 0 | U29: =V$3*V$4*216*24*60*T29/9000000 -> 0 | X29: =Y$3*Y$4*216*24*60*W29/9000000 -> 0 | AA29: =AB$3*AB$4*216*24*60*Z29/9000000 -> 0 | AD29: =AE$3*AE$4*216*24*60*AC29/9000000 -> 0 | AG29: =AH$3*AH$4*216*24*60*AF29/9000000 -> 0 | AJ29: =AK$3*AK$4*216*24*60*AI29/9000000 -> 0 | AM29: =AN$3*AN$4*216*24*60*AL29/9000000 -> 0 | AP29: =AQ$3*AQ$4*216*24*60*AO29/9000000 -> 0 | AS29: =AT$3*AT$4*216*24*60*AR29/9000000 -> 0 | AV29: =AW$3*AW$4*216*24*60*AU29/9000000 -> 0 | AY29: =AZ$3*AZ$4*216*24*60*AX29/9000000 -> 0 | BB29: =BC$3*BC$4*216*24*60*BA29/9000000 -> 0 | BE29: =BF$3*BF$4*216*24*60*BD29/9000000 -> 0 | BH29: =BI$3*BI$4*216*24*60*BG29/9000000 -> 0 | BK29: =SUM(B29,E29,H29,K29,N29,Q29,T29,W29,Z29,AC29,AF29,AI29,AL29,AO29,AR29,AU29,BG29,AX29,BA29,BD29) -> 0
A30: 25 | C30: =D$3*D$4*216*24*60*B30/9000000 -> 0 | F30: =G$3*G$4*216*24*60*E30/9000000 -> 0 | I30: =J$3*J$4*216*24*60*H30/9000000 -> 0 | L30: =M$3*M$4*216*24*60*K30/9000000 -> 0 | O30: =P$3*P$4*216*24*60*N30/9000000 -> 0 | R30: =S$3*S$4*216*24*60*Q30/9000000 -> 0 | U30: =V$3*V$4*216*24*60*T30/9000000 -> 0 | X30: =Y$3*Y$4*216*24*60*W30/9000000 -> 0 | AA30: =AB$3*AB$4*216*24*60*Z30/9000000 -> 0 | AD30: =AE$3*AE$4*216*24*60*AC30/9000000 -> 0 | AG30: =AH$3*AH$4*216*24*60*AF30/9000000 -> 0 | AJ30: =AK$3*AK$4*216*24*60*AI30/9000000 -> 0 | AM30: =AN$3*AN$4*216*24*60*AL30/9000000 -> 0 | AP30: =AQ$3*AQ$4*216*24*60*AO30/9000000 -> 0 | AS30: =AT$3*AT$4*216*24*60*AR30/9000000 -> 0 | AV30: =AW$3*AW$4*216*24*60*AU30/9000000 -> 0 | AY30: =AZ$3*AZ$4*216*24*60*AX30/9000000 -> 0 | BB30: =BC$3*BC$4*216*24*60*BA30/9000000 -> 0 | BE30: =BF$3*BF$4*216*24*60*BD30/9000000 -> 0 | BH30: =BI$3*BI$4*216*24*60*BG30/9000000 -> 0 | BK30: =SUM(B30,E30,H30,K30,N30,Q30,T30,W30,Z30,AC30,AF30,AI30,AL30,AO30,AR30,AU30,BG30,AX30,BA30,BD30) -> 0
A31: 26 | C31: =D$3*D$4*216*24*60*B31/9000000 -> 0 | F31: =G$3*G$4*216*24*60*E31/9000000 -> 0 | I31: =J$3*J$4*216*24*60*H31/9000000 -> 0 | L31: =M$3*M$4*216*24*60*K31/9000000 -> 0 | O31: =P$3*P$4*216*24*60*N31/9000000 -> 0 | R31: =S$3*S$4*216*24*60*Q31/9000000 -> 0 | U31: =V$3*V$4*216*24*60*T31/9000000 -> 0 | X31: =Y$3*Y$4*216*24*60*W31/9000000 -> 0 | AA31: =AB$3*AB$4*216*24*60*Z31/9000000 -> 0 | AD31: =AE$3*AE$4*216*24*60*AC31/9000000 -> 0 | AG31: =AH$3*AH$4*216*24*60*AF31/9000000 -> 0 | AJ31: =AK$3*AK$4*216*24*60*AI31/9000000 -> 0 | AM31: =AN$3*AN$4*216*24*60*AL31/9000000 -> 0 | AP31: =AQ$3*AQ$4*216*24*60*AO31/9000000 -> 0 | AS31: =AT$3*AT$4*216*24*60*AR31/9000000 -> 0 | AV31: =AW$3*AW$4*216*24*60*AU31/9000000 -> 0 | AY31: =AZ$3*AZ$4*216*24*60*AX31/9000000 -> 0 | BB31: =BC$3*BC$4*216*24*60*BA31/9000000 -> 0 | BE31: =BF$3*BF$4*216*24*60*BD31/9000000 -> 0 | BH31: =BI$3*BI$4*216*24*60*BG31/9000000 -> 0 | BK31: =SUM(B31,E31,H31,K31,N31,Q31,T31,W31,Z31,AC31,AF31,AI31,AL31,AO31,AR31,AU31,BG31,AX31,BA31,BD31) -> 0
A32: 27 | C32: =D$3*D$4*216*24*60*B32/9000000 -> 0 | F32: =G$3*G$4*216*24*60*E32/9000000 -> 0 | I32: =J$3*J$4*216*24*60*H32/9000000 -> 0 | L32: =M$3*M$4*216*24*60*K32/9000000 -> 0 | O32: =P$3*P$4*216*24*60*N32/9000000 -> 0 | R32: =S$3*S$4*216*24*60*Q32/9000000 -> 0 | U32: =V$3*V$4*216*24*60*T32/9000000 -> 0 | X32: =Y$3*Y$4*216*24*60*W32/9000000 -> 0 | AA32: =AB$3*AB$4*216*24*60*Z32/9000000 -> 0 | AD32: =AE$3*AE$4*216*24*60*AC32/9000000 -> 0 | AG32: =AH$3*AH$4*216*24*60*AF32/9000000 -> 0 | AJ32: =AK$3*AK$4*216*24*60*AI32/9000000 -> 0 | AM32: =AN$3*AN$4*216*24*60*AL32/9000000 -> 0 | AP32: =AQ$3*AQ$4*216*24*60*AO32/9000000 -> 0 | AS32: =AT$3*AT$4*216*24*60*AR32/9000000 -> 0 | AV32: =AW$3*AW$4*216*24*60*AU32/9000000 -> 0 | AY32: =AZ$3*AZ$4*216*24*60*AX32/9000000 -> 0 | BB32: =BC$3*BC$4*216*24*60*BA32/9000000 -> 0 | BE32: =BF$3*BF$4*216*24*60*BD32/9000000 -> 0 | BH32: =BI$3*BI$4*216*24*60*BG32/9000000 -> 0 | BK32: =SUM(B32,E32,H32,K32,N32,Q32,T32,W32,Z32,AC32,AF32,AI32,AL32,AO32,AR32,AU32,BG32,AX32,BA32,BD32) -> 0
A33: 28 | C33: =D$3*D$4*216*24*60*B33/9000000 -> 0 | F33: =G$3*G$4*216*24*60*E33/9000000 -> 0 | I33: =J$3*J$4*216*24*60*H33/9000000 -> 0 | L33: =M$3*M$4*216*24*60*K33/9000000 -> 0 | O33: =P$3*P$4*216*24*60*N33/9000000 -> 0 | R33: =S$3*S$4*216*24*60*Q33/9000000 -> 0 | U33: =V$3*V$4*216*24*60*T33/9000000 -> 0 | X33: =Y$3*Y$4*216*24*60*W33/9000000 -> 0 | AA33: =AB$3*AB$4*216*24*60*Z33/9000000 -> 0 | AD33: =AE$3*AE$4*216*24*60*AC33/9000000 -> 0 | AG33: =AH$3*AH$4*216*24*60*AF33/9000000 -> 0 | AJ33: =AK$3*AK$4*216*24*60*AI33/9000000 -> 0 | AM33: =AN$3*AN$4*216*24*60*AL33/9000000 -> 0 | AP33: =AQ$3*AQ$4*216*24*60*AO33/9000000 -> 0 | AS33: =AT$3*AT$4*216*24*60*AR33/9000000 -> 0 | AV33: =AW$3*AW$4*216*24*60*AU33/9000000 -> 0 | AY33: =AZ$3*AZ$4*216*24*60*AX33/9000000 -> 0 | BB33: =BC$3*BC$4*216*24*60*BA33/9000000 -> 0 | BE33: =BF$3*BF$4*216*24*60*BD33/9000000 -> 0 | BH33: =BI$3*BI$4*216*24*60*BG33/9000000 -> 0 | BK33: =SUM(B33,E33,H33,K33,N33,Q33,T33,W33,Z33,AC33,AF33,AI33,AL33,AO33,AR33,AU33,BG33,AX33,BA33,BD33) -> 0
A34: 29 | C34: =D$3*D$4*216*24*60*B34/9000000 -> 0 | F34: =G$3*G$4*216*24*60*E34/9000000 -> 0 | I34: =J$3*J$4*216*24*60*H34/9000000 -> 0 | L34: =M$3*M$4*216*24*60*K34/9000000 -> 0 | O34: =P$3*P$4*216*24*60*N34/9000000 -> 0 | R34: =S$3*S$4*216*24*60*Q34/9000000 -> 0 | U34: =V$3*V$4*216*24*60*T34/9000000 -> 0 | X34: =Y$3*Y$4*216*24*60*W34/9000000 -> 0 | AA34: =AB$3*AB$4*216*24*60*Z34/9000000 -> 0 | AD34: =AE$3*AE$4*216*24*60*AC34/9000000 -> 0 | AG34: =AH$3*AH$4*216*24*60*AF34/9000000 -> 0 | AJ34: =AK$3*AK$4*216*24*60*AI34/9000000 -> 0 | AM34: =AN$3*AN$4*216*24*60*AL34/9000000 -> 0 | AP34: =AQ$3*AQ$4*216*24*60*AO34/9000000 -> 0 | AS34: =AT$3*AT$4*216*24*60*AR34/9000000 -> 0 | AV34: =AW$3*AW$4*216*24*60*AU34/9000000 -> 0 | AY34: =AZ$3*AZ$4*216*24*60*AX34/9000000 -> 0 | BB34: =BC$3*BC$4*216*24*60*BA34/9000000 -> 0 | BE34: =BF$3*BF$4*216*24*60*BD34/9000000 -> 0 | BH34: =BI$3*BI$4*216*24*60*BG34/9000000 -> 0 | BK34: =SUM(B34,E34,H34,K34,N34,Q34,T34,W34,Z34,AC34,AF34,AI34,AL34,AO34,AR34,AU34,BG34,AX34,BA34,BD34) -> 0
... A36: 31 | C36: =D$3*D$4*216*24*60*B36/9000000 -> 0 | F36: =G$3*G$4*216*24*60*E36/9000000 -> 0 | I36: =J$3*J$4*216*24*60*H36/9000000 -> 0 | L36: =M$3*M$4*216*24*60*K36/9000000 -> 0 | O36: =P$3*P$4*216*24*60*N36/9000000 -> 0 | R36: =S$3*S$4*216*24*60*Q36/9000000 -> 0 | U36: =V$3*V$4*216*24*60*T36/9000000 -> 0 | X36: =Y$3*Y$4*216*24*60*W36/9000000 -> 0 | AA36: =AB$3*AB$4*216*24*60*Z36/9000000 -> 0 | AD36: =AE$3*AE$4*216*24*60*AC36/9000000 -> 0 | AG36: =AH$3*AH$4*216*24*60*AF36/9000000 -> 0 | AJ36: =AK$3*AK$4*216*24*60*AI36/9000000 -> 0 | AM36: =AN$3*AN$4*216*24*60*AL36/9000000 -> 0 | AP36: =AQ$3*AQ$4*216*24*60*AO36/9000000 -> 0 | AS36: =AT$3*AT$4*216*24*60*AR36/9000000 -> 0 | AV36: =AW$3*AW$4*216*24*60*AU36/9000000 -> 0 | AY36: =AZ$3*AZ$4*216*24*60*AX36/9000000 -> 0 | BB36: =BC$3*BC$4*216*24*60*BA36/9000000 -> 0 | BE36: =BF$3*BF$4*216*24*60*BD36/9000000 -> 0 | BH36: =BI$3*BI$4*216*24*60*BG36/9000000 -> 0 | BK36: =SUM(B36,E36,H36,K36,N36,Q36,T36,W36,Z36,AC36,AF36,AI36,AL36,AO36,AR36,AU36,BG36,AX36,BA36,BD36) -> 0
B37: =IF(B6="",0,AVERAGE(B6:B36)) -> 0.058823529 | C37: =SUM(C6:C36) -> 5847.552 | D37: =SUM(D6:D36) -> 9067 | E37: =IF(E6="",0,AVERAGE(E6:E36)) -> 0.82352941 | F37: =SUM(F6:F36) -> 81865.728 | G37: =SUM(G6:G36) -> 53296 | H37: =IF(H6="",0,AVERAGE(H6:H36)) -> 0 | I37: =SUM(I6:I36) -> 0 | J37: =SUM(J6:J36) -> 0 | K37: =IF(K6="",0,AVERAGE(K6:K36)) -> 0 | L37: =SUM(L6:L36) -> 0 | M37: =SUM(M6:M36) -> 0 | N37: =IF(N6="",0,AVERAGE(N6:N36)) -> 0 | O37: =SUM(O6:O36) -> 0 | P37: =SUM(P6:P36) -> 0 | Q37: =IF(Q6="",0,AVERAGE(Q6:Q36)) -> 0 | R37: =SUM(R6:R36) -> 0 | S37: =SUM(S6:S36) -> 0 | T37: =IF(T6="",0,AVERAGE(T6:T36)) -> 0 | U37: =SUM(U6:U36) -> 0 | V37: =SUM(V6:V36) -> 0 | W37: =IF(W6="",0,AVERAGE(W6:W36)) -> 0 | X37: =SUM(X6:X36) -> 0 | Y37: =SUM(Y6:Y36) -> 0 | Z37: =IF(Z6="",0,AVERAGE(Z6:Z36)) -> 0 | AA37: =SUM(AA6:AA36) -> 0 | AB37: =SUM(AB6:AB36) -> 0 | AC37: =IF(AC6="",0,AVERAGE(AC6:AC36)) -> 0 | AD37: =SUM(AD6:AD36) -> 0 | AE37: =SUM(AE6:AE36) -> 0 | AF37: =IF(AF6="",0,AVERAGE(AF6:AF36)) -> 0 | AG37: =SUM(AG6:AG36) -> 0 | AH37: =SUM(AH6:AH36) -> 0 | AI37: =IF(AI6="",0,AVERAGE(AI6:AI36)) -> 0 | AJ37: =SUM(AJ6:AJ36) -> 0 | AK37: =SUM(AK6:AK36)-AK41 -> 0 | AL37: =IF(AL6="",0,AVERAGE(AL6:AL36)) -> 0 | AM37: =SUM(AM6:AM36) -> 0 | AN37: =SUM(AN6:AN36)-AN41 -> 0 | AO37: =IF(AO6="",0,AVERAGE(AO6:AO36)) -> 0 | AP37: =SUM(AP6:AP36) -> 0 | AQ37: =SUM(AQ6:AQ36)-AQ41 -> 0 | AR37: =IF(AR6="",0,AVERAGE(AR6:AR36)) -> 0 | AS37: =SUM(AS6:AS36) -> 0 | AT37: =SUM(AT6:AT36)-AT41 -> 0 | AU37: =IF(AU6="",0,AVERAGE(AU6:AU36)) -> 0 | AV37: =SUM(AV6:AV36) -> 0 | AW37: =SUM(AW6:AW36)-AW41 -> 0 | AX37: =IF(AX6="",0,AVERAGE(AX6:AX36)) -> 0 | AY37: =SUM(AY6:AY36) -> 0 | AZ37: =SUM(AZ6:AZ36) -> 0 | BA37: =IF(BA6="",0,AVERAGE(BA6:BA36)) -> 0 | BB37: =SUM(BB6:BB36) -> 0 | BC37: =SUM(BC6:BC36) -> 0 | BD37: =IF(BD6="",0,AVERAGE(BD6:BD36)) -> 0 | BE37: =SUM(BE6:BE36) -> 0 | BF37: =SUM(BF6:BF36) -> 0 | BG37: =IF(BG6="",0,AVERAGE(BG6:BG36)) -> 0 | BH37: =SUM(BH6:BH36) -> 0 | BI37: =SUM(BI6:BI36) -> 0 | BK37: =SUM(B37,E37,H37,K37,N37,Q37,T37,W37,Z37,AC37,AF37,AI37,AL37,AO37,AR37,AU37,BG37,AX37,BA37,BD37) -> 0.88235294
B38: 8152 | E38: 52541
B39: 1987 | E39: =889+3087 -> 3976
E40: 100
B41: =B38-B39-B60 -> 4620 | E41: =E38-E39-E60 -> 46365 | H41: =H38-H39-H60 -> 0 | K41: =K38-K39-K60 -> 0 | N41: =N38-N39-N60 -> 0 | Q41: =Q38-Q39-Q60 -> 0 | T41: =T38-T39-T60 -> 0 | W41: =W38-W39-W60 -> 0 | Z41: =Z38-Z39-Z60 -> 0 | AC41: =AC38-AC39-AC60 -> 0 | AF41: =AF38-AF39-AF60 -> 0 | AI41: =AI38-AI39-AI60 -> 0 | AL41: =AL38-AL39-AL60 -> 0 | AO41: =AO38-AO39-AO60 -> 0 | AR41: =AR38-AR39-AR60 -> 0 | AU41: =AU38-AU39-AU60 -> 0 | AX41: =AX38-AX39-AX60 -> 0 | BA41: =BA38-BA39-BA60 -> 0 | BD41: =BD38-BD39-BD60 -> 0 | BG41: =BG38-BG39-BG60 -> 0
A45: 退庫 | B45: A+Aw | C45: Ao+Ax | D45: B | E45: A+Aw | F45: Ao+Ax | G45: B | H45: A+Aw | I45: Ao+Ax | J45: B | K45: A+Aw | L45: Ao+Ax | M45: B | N45: A+Aw | O45: Ao+Ax | P45: B | Q45: A+Aw | R45: Ao+Ax | S45: B | T45: A+Aw | U45: Ao+Ax | V45: B | W45: A+Aw | X45: Ao+Ax | Y45: B | Z45: A+Aw | AA45: Ao+Ax | AB45: B | AC45: A+Aw | AD45: Ao+Ax | AE45: B | AF45: A+Aw | AG45: Ao+Ax | AH45: B | AI45: A+Aw | AJ45: Ao+Ax | AK45: B | AL45: A+Aw | AM45: Ao+Ax | AN45: B | AO45: A+Aw | AP45: Ao+Ax | AQ45: B | AR45: A+Aw | AS45: Ao+Ax | AT45: B | AU45: A+Aw | AV45: Ao+Ax | AW45: B | AX45: A+Aw | AY45: Ao+Ax | AZ45: B | BA45: A+Aw | BB45: Ao+Ax | BC45: B | BD45: A+Aw | BE45: Ao+Ax | BF45: B | BG45: A+Aw | BH45: Ao+Ax | BI45: B
B46: 825 | E46: 2200
B47: 720
B60: =SUM(B46:B59) -> 1545 | C60: =SUM(C46:C59) -> 0 | D60: =SUM(D46:D59) -> 0 | E60: =SUM(E46:E59) -> 2200 | F60: =SUM(F46:F59) -> 0 | G60: =SUM(G46:G59) -> 0 | H60: =SUM(H46:H59) -> 0 | I60: =SUM(I46:I59) -> 0 | ... BI60: =SUM(BI46:BI59) -> 0
B61: =SUM(B60:D60) -> 1545 | E61: =SUM(E60:G60) -> 2200 | H61: =SUM(H60:J60) -> 0 | K61: =SUM(K60:M60) -> 0 | N61: =SUM(N60:P60) -> 0 | Q61: =SUM(Q60:S60) -> 0 | T61: =SUM(T60:V60) -> 0 | W61: =SUM(W60:Y60) -> 0 | Z61: =SUM(Z60:AB60) -> 0 | AC61: =SUM(AC60:AE60) -> 0 | AF61: =SUM(AF60:AH60) -> 0 | AI61: =SUM(AI60:AK60) -> 0 | AL61: =SUM(AL60:AN60) -> 0 | AO61: =SUM(AO60:AQ60) -> 0 | AR61: =SUM(AR60:AT60) -> 0 | AU61: =SUM(AU60:AW60) -> 0 | AX61: =SUM(AX60:AZ60) -> 0 | BA61: =SUM(BA60:BC60) -> 0 | BD61: =SUM(BD60:BF60) -> 0 | BG61: =SUM(BG60:BI60) -> 0
B62: =SUM(B61:BJ61) -> 3745

Sheet MPS
A1: 自2010/11起原絲丹尼÷DR再×1.8% | H1: 侯主任指示：2025/12起，AFK & MPS機型併股紗，「台數」用實際值，「丹尼」用規格(不併股)，例：75/24/2SD→用75
C2: 94 | F2: 95 | I2: 96 | L2: 97 | O2: 98 | R2: 99 | U2: 100 | X2: 101 | AA2: 102 | AD2: 103 | AG2: 104 | AJ2: 105 | AM2: 106 | AP2: 107 | AS2: 108 | AV2: 109
A3: Lot no. | B3: 2F43Q2 | D3: 67
A4: Speed | B4: 75/72/2SDFFR | D4: 600
A5: Date | B5: 節數 | C5: 理論 | D5: 實際 | E5: 節數 | F5: 理論 | G5: 實際 | H5: 節數 | I5: 理論 | J5: 實際 | K5: 節數 | L5: 理論 | M5: 實際 | N5: 節數 | O5: 理論 | P5: 實際 | Q5: 節數 | R5: 理論 | S5: 實際 | T5: 節數 | U5: 理論 | V5: 實際 | W5: 節數 | X5: 理論 | Y5: 實際 | Z5: 節數 | AA5: 理論 | AB5: 實際 | AC5: 節數 | AD5: 理論 | AE5: 實際 | AF5: 節數 | AG5: 理論 | AH5: 實際 | AI5: 節數 | AJ5: 理論 | AK5: 實際 | AL5: 節數 | AM5: 理論 | AN5: 實際 | AO5: 節數 | AP5: 理論 | AQ5: 實際 | AR5: 節數 | AS5: 理論 | AT5: 實際 | AU5: 節數 | AV5: 理論 | AW5: 實際
A6: 1 | B6: 3 | C6: =D$3*D$4*216*24*60*((B6*12)/216)/9000000 -> 231.552 | F6: =G$3*G$4*216*24*60*((E6*12)/216)/9000000 -> 0 | I6: =J$3*J$4*216*24*60*((H6*12)/216)/9000000 -> 0 | L6: =M$3*M$4*216*24*60*((K6*12)/216)/9000000 -> 0 | O6: =P$3*P$4*216*24*60*((N6*12)/216)/9000000 -> 0 | R6: =S$3*S$4*216*24*60*((Q6*12)/216)/9000000 -> 0 | U6: =V$3*V$4*216*24*60*((T6*12)/216)/9000000 -> 0 | X6: =Y$3*Y$4*216*24*60*((W6*12)/216)/9000000 -> 0 | AA6: =AB$3*AB$4*216*24*60*((Z6*12)/216)/9000000 -> 0 | AD6: =AE$3*AE$4*216*24*60*((AC6*12)/216)/9000000 -> 0 | AG6: =AH$3*AH$4*216*24*60*((AF6*12)/216)/9000000 -> 0 | AJ6: =AK$3*AK$4*216*24*60*((AI6*12)/216)/9000000 -> 0 | AM6: =AN$3*AN$4*216*24*60*((AL6*12)/216)/9000000 -> 0 | AP6: =AQ$3*AQ$4*216*24*60*((AO6*12)/216)/9000000 -> 0 | AS6: =AT$3*AT$4*216*24*60*((AR6*12)/216)/9000000 -> 0 | AV6: =AW$3*AW$4*216*24*60*((AU6*12)/216)/9000000 -> 0 | AY6: =SUM(B6,E6,H6,K6,N6,Q6,T6,W6,Z6,AC6,AF6,AI6,AL6,AO6,AR6,AU6)/12 -> 0.25
A7: 2 | B7: 3 | C7: =D$3*D$4*144*24*60*((B7*12)/144)/9000000 -> 231.552 | F7: =G$3*G$4*144*24*60*((E7*12)/144)/9000000 -> 0 | I7: =J$3*J$4*144*24*60*((H7*12)/144)/9000000 -> 0 | L7: =M$3*M$4*144*24*60*((K7*12)/144)/9000000 -> 0 | O7: =P$3*P$4*144*24*60*((N7*12)/144)/9000000 -> 0 | R7: =S$3*S$4*144*24*60*((Q7*12)/144)/9000000 -> 0 | U7: =V$3*V$4*144*24*60*((T7*12)/144)/9000000 -> 0 | X7: =Y$3*Y$4*144*24*60*((W7*12)/144)/9000000 -> 0 | AA7: =AB$3*AB$4*144*24*60*((Z7*12)/144)/9000000 -> 0 | AD7: =AE$3*AE$4*144*24*60*((AC7*12)/144)/9000000 -> 0 | AG7: =AH$3*AH$4*144*24*60*((AF7*12)/144)/9000000 -> 0 | AJ7: =AK$3*AK$4*144*24*60*((AI7*12)/144)/9000000 -> 0 | AM7: =AN$3*AN$4*216*24*60*((AL7*12)/216)/9000000 -> 0 | AP7: =AQ$3*AQ$4*216*24*60*((AO7*12)/216)/9000000 -> 0 | AS7: =AT$3*AT$4*216*24*60*((AR7*12)/216)/9000000 -> 0 | AV7: =AW$3*AW$4*216*24*60*((AU7*12)/216)/9000000 -> 0 | AY7: =SUM(B7,E7,H7,K7,N7,Q7,T7,W7,Z7,AC7,AF7,AI7,AL7,AO7,AR7,AU7)/12 -> 0.25
A8: 3 | B8: 3 | C8: =D$3*D$4*144*24*60*((B8*12)/144)/9000000 -> 231.552 | D8: 390 | F8: =G$3*G$4*144*24*60*((E8*12)/144)/9000000 -> 0 | I8: =J$3*J$4*144*24*60*((H8*12)/144)/9000000 -> 0 | L8: =M$3*M$4*144*24*60*((K8*12)/144)/9000000 -> 0 | O8: =P$3*P$4*144*24*60*((N8*12)/144)/9000000 -> 0 | R8: =S$3*S$4*144*24*60*((Q8*12)/144)/9000000 -> 0 | U8: =V$3*V$4*144*24*60*((T8*12)/144)/9000000 -> 0 | X8: =Y$3*Y$4*144*24*60*((W8*12)/144)/9000000 -> 0 | AA8: =AB$3*AB$4*144*24*60*((Z8*12)/144)/9000000 -> 0 | AD8: =AE$3*AE$4*144*24*60*((AC8*12)/144)/9000000 -> 0 | AG8: =AH$3*AH$4*144*24*60*((AF8*12)/144)/9000000 -> 0 | AJ8: =AK$3*AK$4*144*24*60*((AI8*12)/144)/9000000 -> 0 | AM8: =AN$3*AN$4*216*24*60*((AL8*12)/216)/9000000 -> 0 | AP8: =AQ$3*AQ$4*216*24*60*((AO8*12)/216)/9000000 -> 0 | AS8: =AT$3*AT$4*216*24*60*((AR8*12)/216)/9000000 -> 0 | AV8: =AW$3*AW$4*216*24*60*((AU8*12)/216)/9000000 -> 0 | AY8: =SUM(B8,E8,H8,K8,N8,Q8,T8,W8,Z8,AC8,AF8,AI8,AL8,AO8,AR8,AU8)/12 -> 0.25
A9: 4 | B9: 3 | C9: =D$3*D$4*144*24*60*((B9*12)/144)/9000000 -> 231.552 | F9: =G$3*G$4*144*24*60*((E9*12)/144)/9000000 -> 0 | I9: =J$3*J$4*144*24*60*((H9*12)/144)/9000000 -> 0 | L9: =M$3*M$4*144*24*60*((K9*12)/144)/9000000 -> 0 | O9: =P$3*P$4*144*24*60*((N9*12)/144)/9000000 -> 0 | R9: =S$3*S$4*144*24*60*((Q9*12)/144)/9000000 -> 0 | U9: =V$3*V$4*144*24*60*((T9*12)/144)/9000000 -> 0 | X9: =Y$3*Y$4*144*24*60*((W9*12)/144)/9000000 -> 0 | AA9: =AB$3*AB$4*144*24*60*((Z9*12)/144)/9000000 -> 0 | AD9: =AE$3*AE$4*144*24*60*((AC9*12)/144)/9000000 -> 0 | AG9: =AH$3*AH$4*144*24*60*((AF9*12)/144)/9000000 -> 0 | AJ9: =AK$3*AK$4*144*24*60*((AI9*12)/144)/9000000 -> 0 | AM9: =AN$3*AN$4*216*24*60*((AL9*12)/216)/9000000 -> 0 | AP9: =AQ$3*AQ$4*216*24*60*((AO9*12)/216)/9000000 -> 0 | AS9: =AT$3*AT$4*216*24*60*((AR9*12)/216)/9000000 -> 0 | AV9: =AW$3*AW$4*216*24*60*((AU9*12)/216)/9000000 -> 0 | AY9: =SUM(B9,E9,H9,K9,N9,Q9,T9,W9,Z9,AC9,AF9,AI9,AL9,AO9,AR9,AU9)/12 -> 0.25
A10: 5 | B10: 3 | C10: =D$3*D$4*144*24*60*((B10*12)/144)/9000000 -> 231.552 | F10: =G$3*G$4*144*24*60*((E10*12)/144)/9000000 -> 0 | I10: =J$3*J$4*144*24*60*((H10*12)/144)/9000000 -> 0 | L10: =M$3*M$4*144*24*60*((K10*12)/144)/9000000 -> 0 | O10: =P$3*P$4*144*24*60*((N10*12)/144)/9000000 -> 0 | R10: =S$3*S$4*144*24*60*((Q10*12)/144)/9000000 -> 0 | U10: =V$3*V$4*144*24*60*((T10*12)/144)/9000000 -> 0 | X10: =Y$3*Y$4*144*24*60*((W10*12)/144)/9000000 -> 0 | AA10: =AB$3*AB$4*144*24*60*((Z10*12)/144)/9000000 -> 0 | AD10: =AE$3*AE$4*144*24*60*((AC10*12)/144)/9000000 -> 0 | AG10: =AH$3*AH$4*144*24*60*((AF10*12)/144)/9000000 -> 0 | AJ10: =AK$3*AK$4*144*24*60*((AI10*12)/144)/9000000 -> 0 | AM10: =AN$3*AN$4*216*24*60*((AL10*12)/216)/9000000 -> 0 | AP10: =AQ$3*AQ$4*216*24*60*((AO10*12)/216)/9000000 -> 0 | AS10: =AT$3*AT$4*216*24*60*((AR10*12)/216)/9000000 -> 0 | AV10: =AW$3*AW$4*216*24*60*((AU10*12)/216)/9000000 -> 0 | AY10: =SUM(B10,E10,H10,K10,N10,Q10,T10,W10,Z10,AC10,AF10,AI10,AL10,AO10,AR10,AU10)/12 -> 0.25
A11: 6 | B11: 3 | C11: =D$3*D$4*144*24*60*((B11*12)/144)/9000000 -> 231.552 | F11: =G$3*G$4*144*24*60*((E11*12)/144)/9000000 -> 0 | I11: =J$3*J$4*144*24*60*((H11*12)/144)/9000000 -> 0 | L11: =M$3*M$4*144*24*60*((K11*12)/144)/9000000 -> 0 | O11: =P$3*P$4*144*24*60*((N11*12)/144)/9000000 -> 0 | R11: =S$3*S$4*144*24*60*((Q11*12)/144)/9000000 -> 0 | U11: =V$3*V$4*144*24*60*((T11*12)/144)/9000000 -> 0 | X11: =Y$3*Y$4*144*24*60*((W11*12)/144)/9000000 -> 0 | AA11: =AB$3*AB$4*144*24*60*((Z11*12)/144)/9000000 -> 0 | AD11: =AE$3*AE$4*144*24*60*((AC11*12)/144)/9000000 -> 0 | AG11: =AH$3*AH$4*144*24*60*((AF11*12)/144)/9000000 -> 0 | AJ11: =AK$3*AK$4*144*24*60*((AI11*12)/144)/9000000 -> 0 | AM11: =AN$3*AN$4*216*24*60*((AL11*12)/216)/9000000 -> 0 | AP11: =AQ$3*AQ$4*216*24*60*((AO11*12)/216)/9000000 -> 0 | AS11: =AT$3*AT$4*216*24*60*((AR11*12)/216)/9000000 -> 0 | AV11: =AW$3*AW$4*216*24*60*((AU11*12)/216)/9000000 -> 0 | AY11: =SUM(B11,E11,H11,K11,N11,Q11,T11,W11,Z11,AC11,AF11,AI11,AL11,AO11,AR11,AU11)/12 -> 0.25
A12: 7 | B12: 0 | C12: =D$3*D$4*144*24*60*((B12*12)/144)/9000000 -> 0 | F12: =G$3*G$4*144*24*60*((E12*12)/144)/9000000 -> 0 | I12: =J$3*J$4*144*24*60*((H12*12)/144)/9000000 -> 0 | L12: =M$3*M$4*144*24*60*((K12*12)/144)/9000000 -> 0 | O12: =P$3*P$4*144*24*60*((N12*12)/144)/9000000 -> 0 | R12: =S$3*S$4*144*24*60*((Q12*12)/144)/9000000 -> 0 | U12: =V$3*V$4*144*24*60*((T12*12)/144)/9000000 -> 0 | X12: =Y$3*Y$4*144*24*60*((W12*12)/144)/9000000 -> 0 | AA12: =AB$3*AB$4*144*24*60*((Z12*12)/144)/9000000 -> 0 | AD12: =AE$3*AE$4*144*24*60*((AC12*12)/144)/9000000 -> 0 | AG12: =AH$3*AH$4*144*24*60*((AF12*12)/144)/9000000 -> 0 | AJ12: =AK$3*AK$4*144*24*60*((AI12*12)/144)/9000000 -> 0 | AM12: =AN$3*AN$4*216*24*60*((AL12*12)/216)/9000000 -> 0 | AP12: =AQ$3*AQ$4*216*24*60*((AO12*12)/216)/9000000 -> 0 | AS12: =AT$3*AT$4*216*24*60*((AR12*12)/216)/9000000 -> 0 | AV12: =AW$3*AW$4*216*24*60*((AU12*12)/216)/9000000 -> 0 | AY12: =SUM(B12,E12,H12,K12,N12,Q12,T12,W12,Z12,AC12,AF12,AI12,AL12,AO12,AR12,AU12)/12 -> 0
A13: 8 | B13: 0 | C13: =D$3*D$4*144*24*60*((B13*12)/144)/9000000 -> 0 | F13: =G$3*G$4*144*24*60*((E13*12)/144)/9000000 -> 0 | I13: =J$3*J$4*144*24*60*((H13*12)/144)/9000000 -> 0 | L13: =M$3*M$4*144*24*60*((K13*12)/144)/9000000 -> 0 | O13: =P$3*P$4*144*24*60*((N13*12)/144)/9000000 -> 0 | R13: =S$3*S$4*144*24*60*((Q13*12)/144)/9000000 -> 0 | U13: =V$3*V$4*144*24*60*((T13*12)/144)/9000000 -> 0 | X13: =Y$3*Y$4*144*24*60*((W13*12)/144)/9000000 -> 0 | AA13: =AB$3*AB$4*144*24*60*((Z13*12)/144)/9000000 -> 0 | AD13: =AE$3*AE$4*144*24*60*((AC13*12)/144)/9000000 -> 0 | AG13: =AH$3*AH$4*144*24*60*((AF13*12)/144)/9000000 -> 0 | AJ13: =AK$3*AK$4*144*24*60*((AI13*12)/144)/9000000 -> 0 | AM13: =AN$3*AN$4*216*24*60*((AL13*12)/216)/9000000 -> 0 | AP13: =AQ$3*AQ$4*216*24*60*((AO13*12)/216)/9000000 -> 0 | AS13: =AT$3*AT$4*216*24*60*((AR13*12)/216)/9000000 -> 0 | AV13: =AW$3*AW$4*216*24*60*((AU13*12)/216)/9000000 -> 0 | AY13: =SUM(B13,E13,H13,K13,N13,Q13,T13,W13,Z13,AC13,AF13,AI13,AL13,AO13,AR13,AU13)/12 -> 0
A14: 9 | B14: 0 | C14: =D$3*D$4*144*24*60*((B14*12)/144)/9000000 -> 0 | F14: =G$3*G$4*144*24*60*((E14*12)/144)/9000000 -> 0 | I14: =J$3*J$4*144*24*60*((H14*12)/144)/9000000 -> 0 | L14: =M$3*M$4*144*24*60*((K14*12)/144)/9000000 -> 0 | O14: =P$3*P$4*144*24*60*((N14*12)/144)/9000000 -> 0 | R14: =S$3*S$4*144*24*60*((Q14*12)/144)/9000000 -> 0 | U14: =V$3*V$4*144*24*60*((T14*12)/144)/9000000 -> 0 | X14: =Y$3*Y$4*144*24*60*((W14*12)/144)/9000000 -> 0 | AA14: =AB$3*AB$4*144*24*60*((Z14*12)/144)/9000000 -> 0 | AD14: =AE$3*AE$4*144*24*60*((AC14*12)/144)/9000000 -> 0 | AG14: =AH$3*AH$4*144*24*60*((AF14*12)/144)/9000000 -> 0 | AJ14: =AK$3*AK$4*144*24*60*((AI14*12)/144)/9000000 -> 0 | AM14: =AN$3*AN$4*216*24*60*((AL14*12)/216)/9000000 -> 0 | AP14: =AQ$3*AQ$4*216*24*60*((AO14*12)/216)/9000000 -> 0 | AS14: =AT$3*AT$4*216*24*60*((AR14*12)/216)/9000000 -> 0 | AV14: =AW$3*AW$4*216*24*60*((AU14*12)/216)/9000000 -> 0 | AY14: =SUM(B14,E14,H14,K14,N14,Q14,T14,W14,Z14,AC14,AF14,AI14,AL14,AO14,AR14,AU14)/12 -> 0
A15: 10 | B15: 0 | C15: =D$3*D$4*144*24*60*((B15*12)/144)/9000000 -> 0 | F15: =G$3*G$4*144*24*60*((E15*12)/144)/9000000 -> 0 | I15: =J$3*J$4*144*24*60*((H15*12)/144)/9000000 -> 0 | L15: =M$3*M$4*144*24*60*((K15*12)/144)/9000000 -> 0 | O15: =P$3*P$4*144*24*60*((N15*12)/144)/9000000 -> 0 | R15: =S$3*S$4*144*24*60*((Q15*12)/144)/9000000 -> 0 | U15: =V$3*V$4*144*24*60*((T15*12)/144)/9000000 -> 0 | X15: =Y$3*Y$4*144*24*60*((W15*12)/144)/9000000 -> 0 | AA15: =AB$3*AB$4*144*24*60*((Z15*12)/144)/9000000 -> 0 | AD15: =AE$3*AE$4*144*24*60*((AC15*12)/144)/9000000 -> 0 | AG15: =AH$3*AH$4*144*24*60*((AF15*12)/144)/9000000 -> 0 | AJ15: =AK$3*AK$4*144*24*60*((AI15*12)/144)/9000000 -> 0 | AM15: =AN$3*AN$4*216*24*60*((AL15*12)/216)/9000000 -> 0 | AP15: =AQ$3*AQ$4*216*24*60*((AO15*12)/216)/9000000 -> 0 | AS15: =AT$3*AT$4*216*24*60*((AR15*12)/216)/9000000 -> 0 | AV15: =AW$3*AW$4*216*24*60*((AU15*12)/216)/9000000 -> 0 | AY15: =SUM(B15,E15,H15,K15,N15,Q15,T15,W15,Z15,AC15,AF15,AI15,AL15,AO15,AR15,AU15)/12 -> 0
